{
    "0": [
        470.0,
        820.0,
        0.573170731707317
    ],
    "1": [
        464.0,
        820.0,
        0.5658536585365853
    ],
    "2": [
        437.0,
        820.0,
        0.5329268292682927
    ],
    "3": [
        457.0,
        820.0,
        0.5573170731707318
    ],
    "4": [
        456.0,
        820.0,
        0.5560975609756098
    ],
    "5": [
        450.0,
        820.0,
        0.5487804878048781
    ],
    "6": [
        531.0,
        820.0,
        0.6475609756097561
    ],
    "7": [
        435.0,
        820.0,
        0.5304878048780488
    ],
    "8": [
        456.0,
        820.0,
        0.5560975609756098
    ],
    "9": [
        448.0,
        820.0,
        0.5463414634146342
    ]
}