{
    "0": [
        476.0,
        820.0,
        0.5804878048780487
    ],
    "1": [
        479.0,
        820.0,
        0.5841463414634146
    ],
    "2": [
        505.0,
        820.0,
        0.6158536585365854
    ],
    "3": [
        474.0,
        820.0,
        0.5780487804878048
    ],
    "4": [
        578.0,
        820.0,
        0.7048780487804878
    ],
    "5": [
        507.0,
        820.0,
        0.6182926829268293
    ],
    "6": [
        471.0,
        820.0,
        0.574390243902439
    ],
    "7": [
        446.0,
        820.0,
        0.5439024390243903
    ],
    "8": [
        524.0,
        820.0,
        0.6390243902439025
    ],
    "9": [
        498.0,
        820.0,
        0.6073170731707317
    ]
}