{
    "0": [
        427.0,
        820.0,
        0.5207317073170732
    ],
    "1": [
        439.0,
        820.0,
        0.5353658536585366
    ],
    "2": [
        563.0,
        820.0,
        0.6865853658536586
    ],
    "3": [
        569.0,
        820.0,
        0.6939024390243902
    ],
    "4": [
        416.0,
        820.0,
        0.5073170731707317
    ],
    "5": [
        473.0,
        820.0,
        0.5768292682926829
    ],
    "6": [
        498.0,
        820.0,
        0.6073170731707317
    ],
    "7": [
        491.0,
        820.0,
        0.598780487804878
    ],
    "8": [
        493.0,
        820.0,
        0.6012195121951219
    ],
    "9": [
        426.0,
        820.0,
        0.5195121951219512
    ]
}