{
    "0": [
        495.0,
        820.0,
        0.6036585365853658
    ],
    "1": [
        487.0,
        820.0,
        0.5939024390243902
    ],
    "2": [
        508.0,
        820.0,
        0.6195121951219512
    ],
    "3": [
        464.0,
        820.0,
        0.5658536585365853
    ],
    "4": [
        478.0,
        820.0,
        0.5829268292682926
    ],
    "5": [
        554.0,
        820.0,
        0.675609756097561
    ],
    "6": [
        481.0,
        820.0,
        0.5865853658536585
    ],
    "7": [
        510.0,
        820.0,
        0.6219512195121951
    ],
    "8": [
        455.0,
        820.0,
        0.5548780487804879
    ],
    "9": [
        532.0,
        820.0,
        0.6487804878048781
    ]
}