{
    "0": [
        591.0,
        820.0,
        0.7207317073170731
    ],
    "1": [
        475.0,
        820.0,
        0.5792682926829268
    ],
    "2": [
        497.0,
        820.0,
        0.6060975609756097
    ],
    "3": [
        534.0,
        820.0,
        0.651219512195122
    ],
    "4": [
        452.0,
        820.0,
        0.551219512195122
    ],
    "5": [
        493.0,
        820.0,
        0.6012195121951219
    ],
    "6": [
        462.0,
        820.0,
        0.5634146341463414
    ],
    "7": [
        492.0,
        820.0,
        0.6
    ],
    "8": [
        509.0,
        820.0,
        0.6207317073170732
    ],
    "9": [
        468.0,
        820.0,
        0.5707317073170731
    ]
}