{
    "0": [
        472.0,
        820.0,
        0.5756097560975609
    ],
    "1": [
        495.0,
        820.0,
        0.6036585365853658
    ],
    "2": [
        488.0,
        820.0,
        0.5951219512195122
    ],
    "3": [
        480.0,
        820.0,
        0.5853658536585366
    ],
    "4": [
        476.0,
        820.0,
        0.5804878048780487
    ],
    "5": [
        468.0,
        820.0,
        0.5707317073170731
    ],
    "6": [
        541.0,
        820.0,
        0.6597560975609756
    ],
    "7": [
        457.0,
        820.0,
        0.5573170731707318
    ],
    "8": [
        519.0,
        820.0,
        0.6329268292682927
    ],
    "9": [
        486.0,
        820.0,
        0.5926829268292683
    ]
}