{
    "0": [
        453.0,
        820.0,
        0.552439024390244
    ],
    "1": [
        500.0,
        820.0,
        0.6097560975609756
    ],
    "2": [
        547.0,
        820.0,
        0.6670731707317074
    ],
    "3": [
        501.0,
        820.0,
        0.6109756097560975
    ],
    "4": [
        475.0,
        820.0,
        0.5792682926829268
    ],
    "5": [
        478.0,
        820.0,
        0.5829268292682926
    ],
    "6": [
        486.0,
        820.0,
        0.5926829268292683
    ],
    "7": [
        487.0,
        820.0,
        0.5939024390243902
    ],
    "8": [
        478.0,
        820.0,
        0.5829268292682926
    ],
    "9": [
        488.0,
        820.0,
        0.5951219512195122
    ]
}