{
    "0": [
        400.0,
        820.0,
        0.4878048780487805
    ],
    "1": [
        423.0,
        820.0,
        0.5158536585365854
    ],
    "2": [
        393.0,
        820.0,
        0.4792682926829268
    ],
    "3": [
        401.0,
        820.0,
        0.48902439024390243
    ],
    "4": [
        398.0,
        820.0,
        0.4853658536585366
    ],
    "5": [
        388.0,
        820.0,
        0.47317073170731705
    ],
    "6": [
        402.0,
        820.0,
        0.4902439024390244
    ],
    "7": [
        431.0,
        820.0,
        0.525609756097561
    ],
    "8": [
        376.0,
        820.0,
        0.4585365853658537
    ],
    "9": [
        403.0,
        820.0,
        0.49146341463414633
    ]
}