{
    "0": [
        452.0,
        820.0,
        0.551219512195122
    ],
    "1": [
        423.0,
        820.0,
        0.5158536585365854
    ],
    "2": [
        482.0,
        820.0,
        0.5878048780487805
    ],
    "3": [
        453.0,
        820.0,
        0.552439024390244
    ],
    "4": [
        452.0,
        820.0,
        0.551219512195122
    ],
    "5": [
        428.0,
        820.0,
        0.5219512195121951
    ],
    "6": [
        460.0,
        820.0,
        0.5609756097560976
    ],
    "7": [
        439.0,
        820.0,
        0.5353658536585366
    ],
    "8": [
        470.0,
        820.0,
        0.573170731707317
    ],
    "9": [
        468.0,
        820.0,
        0.5707317073170731
    ]
}