{
    "0": [
        432.0,
        820.0,
        0.526829268292683
    ],
    "1": [
        480.0,
        820.0,
        0.5853658536585366
    ],
    "2": [
        462.0,
        820.0,
        0.5634146341463414
    ],
    "3": [
        596.0,
        820.0,
        0.7268292682926829
    ],
    "4": [
        472.0,
        820.0,
        0.5756097560975609
    ],
    "5": [
        463.0,
        820.0,
        0.5646341463414634
    ],
    "6": [
        461.0,
        820.0,
        0.5621951219512196
    ],
    "7": [
        501.0,
        820.0,
        0.6109756097560975
    ],
    "8": [
        450.0,
        820.0,
        0.5487804878048781
    ],
    "9": [
        495.0,
        820.0,
        0.6036585365853658
    ]
}