{
    "0": [
        464.0,
        820.0,
        0.5658536585365853
    ],
    "1": [
        550.0,
        820.0,
        0.6707317073170732
    ],
    "2": [
        442.0,
        820.0,
        0.5390243902439025
    ],
    "3": [
        452.0,
        820.0,
        0.551219512195122
    ],
    "4": [
        457.0,
        820.0,
        0.5573170731707318
    ],
    "5": [
        453.0,
        820.0,
        0.552439024390244
    ],
    "6": [
        428.0,
        820.0,
        0.5219512195121951
    ],
    "7": [
        449.0,
        820.0,
        0.5475609756097561
    ],
    "8": [
        444.0,
        820.0,
        0.5414634146341464
    ],
    "9": [
        440.0,
        820.0,
        0.5365853658536586
    ]
}