{
    "0": [
        471.0,
        820.0,
        0.574390243902439
    ],
    "1": [
        478.0,
        820.0,
        0.5829268292682926
    ],
    "2": [
        497.0,
        820.0,
        0.6060975609756097
    ],
    "3": [
        461.0,
        820.0,
        0.5621951219512196
    ],
    "4": [
        583.0,
        820.0,
        0.7109756097560975
    ],
    "5": [
        496.0,
        820.0,
        0.6048780487804878
    ],
    "6": [
        460.0,
        820.0,
        0.5609756097560976
    ],
    "7": [
        444.0,
        820.0,
        0.5414634146341464
    ],
    "8": [
        524.0,
        820.0,
        0.6390243902439025
    ],
    "9": [
        485.0,
        820.0,
        0.5914634146341463
    ]
}