{
    "0": [
        606.0,
        820.0,
        0.7390243902439024
    ],
    "1": [
        472.0,
        820.0,
        0.5756097560975609
    ],
    "2": [
        483.0,
        820.0,
        0.5890243902439024
    ],
    "3": [
        530.0,
        820.0,
        0.6463414634146342
    ],
    "4": [
        450.0,
        820.0,
        0.5487804878048781
    ],
    "5": [
        490.0,
        820.0,
        0.5975609756097561
    ],
    "6": [
        453.0,
        820.0,
        0.552439024390244
    ],
    "7": [
        489.0,
        820.0,
        0.5963414634146341
    ],
    "8": [
        502.0,
        820.0,
        0.6121951219512195
    ],
    "9": [
        460.0,
        820.0,
        0.5609756097560976
    ]
}