{
    "0": [
        490.0,
        820.0,
        0.5975609756097561
    ],
    "1": [
        474.0,
        820.0,
        0.5780487804878048
    ],
    "2": [
        507.0,
        820.0,
        0.6182926829268293
    ],
    "3": [
        459.0,
        820.0,
        0.5597560975609757
    ],
    "4": [
        481.0,
        820.0,
        0.5865853658536585
    ],
    "5": [
        554.0,
        820.0,
        0.675609756097561
    ],
    "6": [
        469.0,
        820.0,
        0.5719512195121951
    ],
    "7": [
        507.0,
        820.0,
        0.6182926829268293
    ],
    "8": [
        442.0,
        820.0,
        0.5390243902439025
    ],
    "9": [
        519.0,
        820.0,
        0.6329268292682927
    ]
}