{
    "0": [
        457.0,
        820.0,
        0.5573170731707318
    ],
    "1": [
        549.0,
        820.0,
        0.6695121951219513
    ],
    "2": [
        450.0,
        820.0,
        0.5487804878048781
    ],
    "3": [
        448.0,
        820.0,
        0.5463414634146342
    ],
    "4": [
        449.0,
        820.0,
        0.5475609756097561
    ],
    "5": [
        451.0,
        820.0,
        0.55
    ],
    "6": [
        424.0,
        820.0,
        0.5170731707317073
    ],
    "7": [
        450.0,
        820.0,
        0.5487804878048781
    ],
    "8": [
        447.0,
        820.0,
        0.5451219512195122
    ],
    "9": [
        430.0,
        820.0,
        0.524390243902439
    ]
}