{
    "0": [
        430.0,
        820.0,
        0.524390243902439
    ],
    "1": [
        441.0,
        820.0,
        0.5378048780487805
    ],
    "2": [
        566.0,
        820.0,
        0.6902439024390243
    ],
    "3": [
        591.0,
        820.0,
        0.7207317073170731
    ],
    "4": [
        424.0,
        820.0,
        0.5170731707317073
    ],
    "5": [
        470.0,
        820.0,
        0.573170731707317
    ],
    "6": [
        507.0,
        820.0,
        0.6182926829268293
    ],
    "7": [
        496.0,
        820.0,
        0.6048780487804878
    ],
    "8": [
        487.0,
        820.0,
        0.5939024390243902
    ],
    "9": [
        431.0,
        820.0,
        0.525609756097561
    ]
}