{
    "0": [
        442.0,
        820.0,
        0.5390243902439025
    ],
    "1": [
        475.0,
        820.0,
        0.5792682926829268
    ],
    "2": [
        453.0,
        820.0,
        0.552439024390244
    ],
    "3": [
        603.0,
        820.0,
        0.7353658536585366
    ],
    "4": [
        470.0,
        820.0,
        0.573170731707317
    ],
    "5": [
        459.0,
        820.0,
        0.5597560975609757
    ],
    "6": [
        467.0,
        820.0,
        0.5695121951219512
    ],
    "7": [
        494.0,
        820.0,
        0.6024390243902439
    ],
    "8": [
        449.0,
        820.0,
        0.5475609756097561
    ],
    "9": [
        489.0,
        820.0,
        0.5963414634146341
    ]
}