{
    "0": [
        469.0,
        820.0,
        0.5719512195121951
    ],
    "1": [
        497.0,
        820.0,
        0.6060975609756097
    ],
    "2": [
        483.0,
        820.0,
        0.5890243902439024
    ],
    "3": [
        480.0,
        820.0,
        0.5853658536585366
    ],
    "4": [
        467.0,
        820.0,
        0.5695121951219512
    ],
    "5": [
        466.0,
        820.0,
        0.5682926829268292
    ],
    "6": [
        544.0,
        820.0,
        0.6634146341463415
    ],
    "7": [
        459.0,
        820.0,
        0.5597560975609757
    ],
    "8": [
        511.0,
        820.0,
        0.6231707317073171
    ],
    "9": [
        475.0,
        820.0,
        0.5792682926829268
    ]
}