{
    "0": [
        456.0,
        820.0,
        0.5560975609756098
    ],
    "1": [
        452.0,
        820.0,
        0.551219512195122
    ],
    "2": [
        430.0,
        820.0,
        0.524390243902439
    ],
    "3": [
        452.0,
        820.0,
        0.551219512195122
    ],
    "4": [
        467.0,
        820.0,
        0.5695121951219512
    ],
    "5": [
        441.0,
        820.0,
        0.5378048780487805
    ],
    "6": [
        541.0,
        820.0,
        0.6597560975609756
    ],
    "7": [
        437.0,
        820.0,
        0.5329268292682927
    ],
    "8": [
        449.0,
        820.0,
        0.5475609756097561
    ],
    "9": [
        437.0,
        820.0,
        0.5329268292682927
    ]
}