{
    "0": [
        445.0,
        820.0,
        0.5426829268292683
    ],
    "1": [
        420.0,
        820.0,
        0.5121951219512195
    ],
    "2": [
        486.0,
        820.0,
        0.5926829268292683
    ],
    "3": [
        444.0,
        820.0,
        0.5414634146341464
    ],
    "4": [
        444.0,
        820.0,
        0.5414634146341464
    ],
    "5": [
        426.0,
        820.0,
        0.5195121951219512
    ],
    "6": [
        454.0,
        820.0,
        0.5536585365853659
    ],
    "7": [
        437.0,
        820.0,
        0.5329268292682927
    ],
    "8": [
        460.0,
        820.0,
        0.5609756097560976
    ],
    "9": [
        458.0,
        820.0,
        0.5585365853658537
    ]
}