{
    "0": [
        446.0,
        820.0,
        0.5439024390243903
    ],
    "1": [
        491.0,
        820.0,
        0.598780487804878
    ],
    "2": [
        543.0,
        820.0,
        0.6621951219512195
    ],
    "3": [
        498.0,
        820.0,
        0.6073170731707317
    ],
    "4": [
        465.0,
        820.0,
        0.5670731707317073
    ],
    "5": [
        475.0,
        820.0,
        0.5792682926829268
    ],
    "6": [
        486.0,
        820.0,
        0.5926829268292683
    ],
    "7": [
        484.0,
        820.0,
        0.5902439024390244
    ],
    "8": [
        473.0,
        820.0,
        0.5768292682926829
    ],
    "9": [
        475.0,
        820.0,
        0.5792682926829268
    ]
}