{
    "0": [
        385.0,
        820.0,
        0.4695121951219512
    ],
    "1": [
        407.0,
        820.0,
        0.49634146341463414
    ],
    "2": [
        384.0,
        820.0,
        0.4682926829268293
    ],
    "3": [
        377.0,
        820.0,
        0.45975609756097563
    ],
    "4": [
        386.0,
        820.0,
        0.47073170731707314
    ],
    "5": [
        375.0,
        820.0,
        0.4573170731707317
    ],
    "6": [
        396.0,
        820.0,
        0.48292682926829267
    ],
    "7": [
        422.0,
        820.0,
        0.5146341463414634
    ],
    "8": [
        349.0,
        820.0,
        0.42560975609756097
    ],
    "9": [
        384.0,
        820.0,
        0.4682926829268293
    ]
}