{
    "0": [
        473.0,
        820.0,
        0.5768292682926829
    ],
    "1": [
        469.0,
        820.0,
        0.5719512195121951
    ],
    "2": [
        444.0,
        820.0,
        0.5414634146341464
    ],
    "3": [
        465.0,
        820.0,
        0.5670731707317073
    ],
    "4": [
        472.0,
        820.0,
        0.5756097560975609
    ],
    "5": [
        454.0,
        820.0,
        0.5536585365853659
    ],
    "6": [
        551.0,
        820.0,
        0.6719512195121952
    ],
    "7": [
        448.0,
        820.0,
        0.5463414634146342
    ],
    "8": [
        462.0,
        820.0,
        0.5634146341463414
    ],
    "9": [
        454.0,
        820.0,
        0.5536585365853659
    ]
}