{
    "0": [
        612.0,
        820.0,
        0.7463414634146341
    ],
    "1": [
        484.0,
        820.0,
        0.5902439024390244
    ],
    "2": [
        500.0,
        820.0,
        0.6097560975609756
    ],
    "3": [
        541.0,
        820.0,
        0.6597560975609756
    ],
    "4": [
        460.0,
        820.0,
        0.5609756097560976
    ],
    "5": [
        501.0,
        820.0,
        0.6109756097560975
    ],
    "6": [
        470.0,
        820.0,
        0.573170731707317
    ],
    "7": [
        499.0,
        820.0,
        0.6085365853658536
    ],
    "8": [
        518.0,
        820.0,
        0.6317073170731707
    ],
    "9": [
        472.0,
        820.0,
        0.5756097560975609
    ]
}