{
    "0": [
        459.0,
        820.0,
        0.5597560975609757
    ],
    "1": [
        429.0,
        820.0,
        0.5231707317073171
    ],
    "2": [
        494.0,
        820.0,
        0.6024390243902439
    ],
    "3": [
        458.0,
        820.0,
        0.5585365853658537
    ],
    "4": [
        456.0,
        820.0,
        0.5560975609756098
    ],
    "5": [
        439.0,
        820.0,
        0.5353658536585366
    ],
    "6": [
        467.0,
        820.0,
        0.5695121951219512
    ],
    "7": [
        446.0,
        820.0,
        0.5439024390243903
    ],
    "8": [
        475.0,
        820.0,
        0.5792682926829268
    ],
    "9": [
        474.0,
        820.0,
        0.5780487804878048
    ]
}