{
    "0": [
        449.0,
        820.0,
        0.5475609756097561
    ],
    "1": [
        487.0,
        820.0,
        0.5939024390243902
    ],
    "2": [
        469.0,
        820.0,
        0.5719512195121951
    ],
    "3": [
        615.0,
        820.0,
        0.75
    ],
    "4": [
        483.0,
        820.0,
        0.5890243902439024
    ],
    "5": [
        472.0,
        820.0,
        0.5756097560975609
    ],
    "6": [
        476.0,
        820.0,
        0.5804878048780487
    ],
    "7": [
        507.0,
        820.0,
        0.6182926829268293
    ],
    "8": [
        460.0,
        820.0,
        0.5609756097560976
    ],
    "9": [
        505.0,
        820.0,
        0.6158536585365854
    ]
}