{
    "0": [
        484.0,
        820.0,
        0.5902439024390244
    ],
    "1": [
        488.0,
        820.0,
        0.5951219512195122
    ],
    "2": [
        514.0,
        820.0,
        0.6268292682926829
    ],
    "3": [
        480.0,
        820.0,
        0.5853658536585366
    ],
    "4": [
        596.0,
        820.0,
        0.7268292682926829
    ],
    "5": [
        514.0,
        820.0,
        0.6268292682926829
    ],
    "6": [
        476.0,
        820.0,
        0.5804878048780487
    ],
    "7": [
        453.0,
        820.0,
        0.552439024390244
    ],
    "8": [
        533.0,
        820.0,
        0.65
    ],
    "9": [
        504.0,
        820.0,
        0.6146341463414634
    ]
}