{
    "0": [
        403.0,
        820.0,
        0.49146341463414633
    ],
    "1": [
        424.0,
        820.0,
        0.5170731707317073
    ],
    "2": [
        397.0,
        820.0,
        0.4841463414634146
    ],
    "3": [
        398.0,
        820.0,
        0.4853658536585366
    ],
    "4": [
        400.0,
        820.0,
        0.4878048780487805
    ],
    "5": [
        389.0,
        820.0,
        0.474390243902439
    ],
    "6": [
        409.0,
        820.0,
        0.49878048780487805
    ],
    "7": [
        436.0,
        820.0,
        0.5317073170731708
    ],
    "8": [
        371.0,
        820.0,
        0.4524390243902439
    ],
    "9": [
        405.0,
        820.0,
        0.49390243902439024
    ]
}