{
    "0": [
        481.0,
        820.0,
        0.5865853658536585
    ],
    "1": [
        506.0,
        820.0,
        0.6170731707317073
    ],
    "2": [
        497.0,
        820.0,
        0.6060975609756097
    ],
    "3": [
        489.0,
        820.0,
        0.5963414634146341
    ],
    "4": [
        482.0,
        820.0,
        0.5878048780487805
    ],
    "5": [
        480.0,
        820.0,
        0.5853658536585366
    ],
    "6": [
        556.0,
        820.0,
        0.6780487804878049
    ],
    "7": [
        472.0,
        820.0,
        0.5756097560975609
    ],
    "8": [
        526.0,
        820.0,
        0.6414634146341464
    ],
    "9": [
        492.0,
        820.0,
        0.6
    ]
}