{
    "0": [
        457.0,
        820.0,
        0.5573170731707318
    ],
    "1": [
        509.0,
        820.0,
        0.6207317073170732
    ],
    "2": [
        557.0,
        820.0,
        0.6792682926829269
    ],
    "3": [
        510.0,
        820.0,
        0.6219512195121951
    ],
    "4": [
        478.0,
        820.0,
        0.5829268292682926
    ],
    "5": [
        487.0,
        820.0,
        0.5939024390243902
    ],
    "6": [
        497.0,
        820.0,
        0.6060975609756097
    ],
    "7": [
        497.0,
        820.0,
        0.6060975609756097
    ],
    "8": [
        488.0,
        820.0,
        0.5951219512195122
    ],
    "9": [
        492.0,
        820.0,
        0.6
    ]
}