{
    "0": [
        500.0,
        820.0,
        0.6097560975609756
    ],
    "1": [
        493.0,
        820.0,
        0.6012195121951219
    ],
    "2": [
        519.0,
        820.0,
        0.6329268292682927
    ],
    "3": [
        471.0,
        820.0,
        0.574390243902439
    ],
    "4": [
        490.0,
        820.0,
        0.5975609756097561
    ],
    "5": [
        565.0,
        820.0,
        0.6890243902439024
    ],
    "6": [
        484.0,
        820.0,
        0.5902439024390244
    ],
    "7": [
        521.0,
        820.0,
        0.6353658536585366
    ],
    "8": [
        455.0,
        820.0,
        0.5548780487804879
    ],
    "9": [
        538.0,
        820.0,
        0.6560975609756098
    ]
}