{
    "0": [
        470.0,
        820.0,
        0.573170731707317
    ],
    "1": [
        562.0,
        820.0,
        0.6853658536585366
    ],
    "2": [
        455.0,
        820.0,
        0.5548780487804879
    ],
    "3": [
        457.0,
        820.0,
        0.5573170731707318
    ],
    "4": [
        464.0,
        820.0,
        0.5658536585365853
    ],
    "5": [
        462.0,
        820.0,
        0.5634146341463414
    ],
    "6": [
        435.0,
        820.0,
        0.5304878048780488
    ],
    "7": [
        458.0,
        820.0,
        0.5585365853658537
    ],
    "8": [
        455.0,
        820.0,
        0.5548780487804879
    ],
    "9": [
        444.0,
        820.0,
        0.5414634146341464
    ]
}