{
    "0": [
        436.0,
        820.0,
        0.5317073170731708
    ],
    "1": [
        450.0,
        820.0,
        0.5487804878048781
    ],
    "2": [
        578.0,
        820.0,
        0.7048780487804878
    ],
    "3": [
        595.0,
        820.0,
        0.725609756097561
    ],
    "4": [
        427.0,
        820.0,
        0.5207317073170732
    ],
    "5": [
        482.0,
        820.0,
        0.5878048780487805
    ],
    "6": [
        513.0,
        820.0,
        0.625609756097561
    ],
    "7": [
        503.0,
        820.0,
        0.6134146341463415
    ],
    "8": [
        500.0,
        820.0,
        0.6097560975609756
    ],
    "9": [
        437.0,
        820.0,
        0.5329268292682927
    ]
}