{
    "0": [
        446.0,
        820.0,
        0.5439024390243903
    ],
    "1": [
        475.0,
        820.0,
        0.5792682926829268
    ],
    "2": [
        462.0,
        820.0,
        0.5634146341463414
    ],
    "3": [
        556.0,
        820.0,
        0.6780487804878049
    ],
    "4": [
        474.0,
        820.0,
        0.5780487804878048
    ],
    "5": [
        467.0,
        820.0,
        0.5695121951219512
    ],
    "6": [
        454.0,
        820.0,
        0.5536585365853659
    ],
    "7": [
        497.0,
        820.0,
        0.6060975609756097
    ],
    "8": [
        449.0,
        820.0,
        0.5475609756097561
    ],
    "9": [
        481.0,
        820.0,
        0.5865853658536585
    ]
}