{
    "0": [
        463.0,
        820.0,
        0.5646341463414634
    ],
    "1": [
        469.0,
        820.0,
        0.5719512195121951
    ],
    "2": [
        528.0,
        820.0,
        0.6439024390243903
    ],
    "3": [
        476.0,
        820.0,
        0.5804878048780487
    ],
    "4": [
        472.0,
        820.0,
        0.5756097560975609
    ],
    "5": [
        481.0,
        820.0,
        0.5865853658536585
    ],
    "6": [
        460.0,
        820.0,
        0.5609756097560976
    ],
    "7": [
        467.0,
        820.0,
        0.5695121951219512
    ],
    "8": [
        443.0,
        820.0,
        0.5402439024390244
    ],
    "9": [
        477.0,
        820.0,
        0.5817073170731707
    ]
}