{
    "0": [
        467.0,
        820.0,
        0.5695121951219512
    ],
    "1": [
        484.0,
        820.0,
        0.5902439024390244
    ],
    "2": [
        474.0,
        820.0,
        0.5780487804878048
    ],
    "3": [
        477.0,
        820.0,
        0.5817073170731707
    ],
    "4": [
        462.0,
        820.0,
        0.5634146341463414
    ],
    "5": [
        456.0,
        820.0,
        0.5560975609756098
    ],
    "6": [
        498.0,
        820.0,
        0.6073170731707317
    ],
    "7": [
        455.0,
        820.0,
        0.5548780487804879
    ],
    "8": [
        497.0,
        820.0,
        0.6060975609756097
    ],
    "9": [
        476.0,
        820.0,
        0.5804878048780487
    ]
}