{
    "0": [
        478.0,
        820.0,
        0.5829268292682926
    ],
    "1": [
        479.0,
        820.0,
        0.5841463414634146
    ],
    "2": [
        487.0,
        820.0,
        0.5939024390243902
    ],
    "3": [
        456.0,
        820.0,
        0.5560975609756098
    ],
    "4": [
        454.0,
        820.0,
        0.5536585365853659
    ],
    "5": [
        511.0,
        820.0,
        0.6231707317073171
    ],
    "6": [
        467.0,
        820.0,
        0.5695121951219512
    ],
    "7": [
        493.0,
        820.0,
        0.6012195121951219
    ],
    "8": [
        455.0,
        820.0,
        0.5548780487804879
    ],
    "9": [
        509.0,
        820.0,
        0.6207317073170732
    ]
}