{
    "0": [
        548.0,
        820.0,
        0.6682926829268293
    ],
    "1": [
        476.0,
        820.0,
        0.5804878048780487
    ],
    "2": [
        483.0,
        820.0,
        0.5890243902439024
    ],
    "3": [
        507.0,
        820.0,
        0.6182926829268293
    ],
    "4": [
        456.0,
        820.0,
        0.5560975609756098
    ],
    "5": [
        492.0,
        820.0,
        0.6
    ],
    "6": [
        465.0,
        820.0,
        0.5670731707317073
    ],
    "7": [
        479.0,
        820.0,
        0.5841463414634146
    ],
    "8": [
        491.0,
        820.0,
        0.598780487804878
    ],
    "9": [
        471.0,
        820.0,
        0.574390243902439
    ]
}