{
    "0": [
        456.0,
        820.0,
        0.5560975609756098
    ],
    "1": [
        468.0,
        820.0,
        0.5707317073170731
    ],
    "2": [
        437.0,
        820.0,
        0.5329268292682927
    ],
    "3": [
        451.0,
        820.0,
        0.55
    ],
    "4": [
        450.0,
        820.0,
        0.5487804878048781
    ],
    "5": [
        449.0,
        820.0,
        0.5475609756097561
    ],
    "6": [
        475.0,
        820.0,
        0.5792682926829268
    ],
    "7": [
        424.0,
        820.0,
        0.5170731707317073
    ],
    "8": [
        449.0,
        820.0,
        0.5475609756097561
    ],
    "9": [
        450.0,
        820.0,
        0.5487804878048781
    ]
}