{
    "0": [
        451.0,
        820.0,
        0.55
    ],
    "1": [
        420.0,
        820.0,
        0.5121951219512195
    ],
    "2": [
        472.0,
        820.0,
        0.5756097560975609
    ],
    "3": [
        459.0,
        820.0,
        0.5597560975609757
    ],
    "4": [
        454.0,
        820.0,
        0.5536585365853659
    ],
    "5": [
        433.0,
        820.0,
        0.5280487804878049
    ],
    "6": [
        458.0,
        820.0,
        0.5585365853658537
    ],
    "7": [
        442.0,
        820.0,
        0.5390243902439025
    ],
    "8": [
        472.0,
        820.0,
        0.5756097560975609
    ],
    "9": [
        465.0,
        820.0,
        0.5670731707317073
    ]
}