{
    "0": [
        431.0,
        820.0,
        0.525609756097561
    ],
    "1": [
        433.0,
        820.0,
        0.5280487804878049
    ],
    "2": [
        519.0,
        820.0,
        0.6329268292682927
    ],
    "3": [
        567.0,
        820.0,
        0.6914634146341463
    ],
    "4": [
        426.0,
        820.0,
        0.5195121951219512
    ],
    "5": [
        472.0,
        820.0,
        0.5756097560975609
    ],
    "6": [
        479.0,
        820.0,
        0.5841463414634146
    ],
    "7": [
        468.0,
        820.0,
        0.5707317073170731
    ],
    "8": [
        486.0,
        820.0,
        0.5926829268292683
    ],
    "9": [
        443.0,
        820.0,
        0.5402439024390244
    ]
}