{
    "0": [
        401.0,
        820.0,
        0.48902439024390243
    ],
    "1": [
        424.0,
        820.0,
        0.5170731707317073
    ],
    "2": [
        396.0,
        820.0,
        0.48292682926829267
    ],
    "3": [
        394.0,
        820.0,
        0.48048780487804876
    ],
    "4": [
        404.0,
        820.0,
        0.4926829268292683
    ],
    "5": [
        389.0,
        820.0,
        0.474390243902439
    ],
    "6": [
        406.0,
        820.0,
        0.4951219512195122
    ],
    "7": [
        433.0,
        820.0,
        0.5280487804878049
    ],
    "8": [
        380.0,
        820.0,
        0.4634146341463415
    ],
    "9": [
        405.0,
        820.0,
        0.49390243902439024
    ]
}