{
    "0": [
        469.0,
        820.0,
        0.5719512195121951
    ],
    "1": [
        479.0,
        820.0,
        0.5841463414634146
    ],
    "2": [
        493.0,
        820.0,
        0.6012195121951219
    ],
    "3": [
        471.0,
        820.0,
        0.574390243902439
    ],
    "4": [
        526.0,
        820.0,
        0.6414634146341464
    ],
    "5": [
        491.0,
        820.0,
        0.598780487804878
    ],
    "6": [
        471.0,
        820.0,
        0.574390243902439
    ],
    "7": [
        449.0,
        820.0,
        0.5475609756097561
    ],
    "8": [
        507.0,
        820.0,
        0.6182926829268293
    ],
    "9": [
        501.0,
        820.0,
        0.6109756097560975
    ]
}