{
    "0": [
        466.0,
        820.0,
        0.5682926829268292
    ],
    "1": [
        522.0,
        820.0,
        0.6365853658536585
    ],
    "2": [
        427.0,
        820.0,
        0.5207317073170732
    ],
    "3": [
        449.0,
        820.0,
        0.5475609756097561
    ],
    "4": [
        484.0,
        820.0,
        0.5902439024390244
    ],
    "5": [
        452.0,
        820.0,
        0.551219512195122
    ],
    "6": [
        434.0,
        820.0,
        0.5292682926829269
    ],
    "7": [
        442.0,
        820.0,
        0.5390243902439025
    ],
    "8": [
        445.0,
        820.0,
        0.5426829268292683
    ],
    "9": [
        438.0,
        820.0,
        0.5341463414634147
    ]
}