{
    "0": [
        447.0,
        820.0,
        0.5451219512195122
    ],
    "1": [
        457.0,
        820.0,
        0.5573170731707318
    ],
    "2": [
        435.0,
        820.0,
        0.5304878048780488
    ],
    "3": [
        446.0,
        820.0,
        0.5439024390243903
    ],
    "4": [
        458.0,
        820.0,
        0.5585365853658537
    ],
    "5": [
        446.0,
        820.0,
        0.5439024390243903
    ],
    "6": [
        481.0,
        820.0,
        0.5865853658536585
    ],
    "7": [
        434.0,
        820.0,
        0.5292682926829269
    ],
    "8": [
        448.0,
        820.0,
        0.5463414634146342
    ],
    "9": [
        442.0,
        820.0,
        0.5390243902439025
    ]
}