{
    "0": [
        386.0,
        820.0,
        0.47073170731707314
    ],
    "1": [
        408.0,
        820.0,
        0.4975609756097561
    ],
    "2": [
        385.0,
        820.0,
        0.4695121951219512
    ],
    "3": [
        372.0,
        820.0,
        0.45365853658536587
    ],
    "4": [
        391.0,
        820.0,
        0.4768292682926829
    ],
    "5": [
        374.0,
        820.0,
        0.4560975609756098
    ],
    "6": [
        397.0,
        820.0,
        0.4841463414634146
    ],
    "7": [
        419.0,
        820.0,
        0.5109756097560976
    ],
    "8": [
        353.0,
        820.0,
        0.4304878048780488
    ],
    "9": [
        383.0,
        820.0,
        0.46707317073170734
    ]
}