{
    "0": [
        459.0,
        820.0,
        0.5597560975609757
    ],
    "1": [
        460.0,
        820.0,
        0.5609756097560976
    ],
    "2": [
        528.0,
        820.0,
        0.6439024390243903
    ],
    "3": [
        474.0,
        820.0,
        0.5780487804878048
    ],
    "4": [
        465.0,
        820.0,
        0.5670731707317073
    ],
    "5": [
        478.0,
        820.0,
        0.5829268292682926
    ],
    "6": [
        465.0,
        820.0,
        0.5670731707317073
    ],
    "7": [
        465.0,
        820.0,
        0.5670731707317073
    ],
    "8": [
        441.0,
        820.0,
        0.5378048780487805
    ],
    "9": [
        468.0,
        820.0,
        0.5707317073170731
    ]
}