{
    "0": [
        446.0,
        820.0,
        0.5439024390243903
    ],
    "1": [
        419.0,
        820.0,
        0.5109756097560976
    ],
    "2": [
        475.0,
        820.0,
        0.5792682926829268
    ],
    "3": [
        450.0,
        820.0,
        0.5487804878048781
    ],
    "4": [
        447.0,
        820.0,
        0.5451219512195122
    ],
    "5": [
        429.0,
        820.0,
        0.5231707317073171
    ],
    "6": [
        458.0,
        820.0,
        0.5585365853658537
    ],
    "7": [
        434.0,
        820.0,
        0.5292682926829269
    ],
    "8": [
        461.0,
        820.0,
        0.5621951219512196
    ],
    "9": [
        460.0,
        820.0,
        0.5609756097560976
    ]
}