{
    "0": [
        465.0,
        820.0,
        0.5670731707317073
    ],
    "1": [
        525.0,
        820.0,
        0.6402439024390244
    ],
    "2": [
        438.0,
        820.0,
        0.5341463414634147
    ],
    "3": [
        449.0,
        820.0,
        0.5475609756097561
    ],
    "4": [
        480.0,
        820.0,
        0.5853658536585366
    ],
    "5": [
        449.0,
        820.0,
        0.5475609756097561
    ],
    "6": [
        425.0,
        820.0,
        0.5182926829268293
    ],
    "7": [
        448.0,
        820.0,
        0.5463414634146342
    ],
    "8": [
        449.0,
        820.0,
        0.5475609756097561
    ],
    "9": [
        434.0,
        820.0,
        0.5292682926829269
    ]
}