{
    "0": [
        467.0,
        820.0,
        0.5695121951219512
    ],
    "1": [
        491.0,
        820.0,
        0.598780487804878
    ],
    "2": [
        475.0,
        820.0,
        0.5792682926829268
    ],
    "3": [
        481.0,
        820.0,
        0.5865853658536585
    ],
    "4": [
        459.0,
        820.0,
        0.5597560975609757
    ],
    "5": [
        457.0,
        820.0,
        0.5573170731707318
    ],
    "6": [
        508.0,
        820.0,
        0.6195121951219512
    ],
    "7": [
        459.0,
        820.0,
        0.5597560975609757
    ],
    "8": [
        497.0,
        820.0,
        0.6060975609756097
    ],
    "9": [
        472.0,
        820.0,
        0.5756097560975609
    ]
}