{
    "0": [
        480.0,
        820.0,
        0.5853658536585366
    ],
    "1": [
        475.0,
        820.0,
        0.5792682926829268
    ],
    "2": [
        490.0,
        820.0,
        0.5975609756097561
    ],
    "3": [
        452.0,
        820.0,
        0.551219512195122
    ],
    "4": [
        453.0,
        820.0,
        0.552439024390244
    ],
    "5": [
        511.0,
        820.0,
        0.6231707317073171
    ],
    "6": [
        461.0,
        820.0,
        0.5621951219512196
    ],
    "7": [
        494.0,
        820.0,
        0.6024390243902439
    ],
    "8": [
        445.0,
        820.0,
        0.5426829268292683
    ],
    "9": [
        508.0,
        820.0,
        0.6195121951219512
    ]
}