{
    "0": [
        470.0,
        820.0,
        0.573170731707317
    ],
    "1": [
        480.0,
        820.0,
        0.5853658536585366
    ],
    "2": [
        486.0,
        820.0,
        0.5926829268292683
    ],
    "3": [
        461.0,
        820.0,
        0.5621951219512196
    ],
    "4": [
        536.0,
        820.0,
        0.6536585365853659
    ],
    "5": [
        490.0,
        820.0,
        0.5975609756097561
    ],
    "6": [
        464.0,
        820.0,
        0.5658536585365853
    ],
    "7": [
        448.0,
        820.0,
        0.5463414634146342
    ],
    "8": [
        505.0,
        820.0,
        0.6158536585365854
    ],
    "9": [
        495.0,
        820.0,
        0.6036585365853658
    ]
}