{
    "0": [
        436.0,
        820.0,
        0.5317073170731708
    ],
    "1": [
        437.0,
        820.0,
        0.5329268292682927
    ],
    "2": [
        525.0,
        820.0,
        0.6402439024390244
    ],
    "3": [
        590.0,
        820.0,
        0.7195121951219512
    ],
    "4": [
        431.0,
        820.0,
        0.525609756097561
    ],
    "5": [
        470.0,
        820.0,
        0.573170731707317
    ],
    "6": [
        489.0,
        820.0,
        0.5963414634146341
    ],
    "7": [
        478.0,
        820.0,
        0.5829268292682926
    ],
    "8": [
        485.0,
        820.0,
        0.5914634146341463
    ],
    "9": [
        446.0,
        820.0,
        0.5439024390243903
    ]
}