{
    "0": [
        449.0,
        820.0,
        0.5475609756097561
    ],
    "1": [
        472.0,
        820.0,
        0.5756097560975609
    ],
    "2": [
        454.0,
        820.0,
        0.5536585365853659
    ],
    "3": [
        566.0,
        820.0,
        0.6902439024390243
    ],
    "4": [
        474.0,
        820.0,
        0.5780487804878048
    ],
    "5": [
        467.0,
        820.0,
        0.5695121951219512
    ],
    "6": [
        465.0,
        820.0,
        0.5670731707317073
    ],
    "7": [
        500.0,
        820.0,
        0.6097560975609756
    ],
    "8": [
        451.0,
        820.0,
        0.55
    ],
    "9": [
        480.0,
        820.0,
        0.5853658536585366
    ]
}