{
    "0": [
        554.0,
        820.0,
        0.675609756097561
    ],
    "1": [
        482.0,
        820.0,
        0.5878048780487805
    ],
    "2": [
        475.0,
        820.0,
        0.5792682926829268
    ],
    "3": [
        506.0,
        820.0,
        0.6170731707317073
    ],
    "4": [
        457.0,
        820.0,
        0.5573170731707318
    ],
    "5": [
        493.0,
        820.0,
        0.6012195121951219
    ],
    "6": [
        456.0,
        820.0,
        0.5560975609756098
    ],
    "7": [
        479.0,
        820.0,
        0.5841463414634146
    ],
    "8": [
        486.0,
        820.0,
        0.5926829268292683
    ],
    "9": [
        466.0,
        820.0,
        0.5682926829268292
    ]
}