{
    "0": [
        459.0,
        820.0,
        0.5597560975609757
    ],
    "1": [
        428.0,
        820.0,
        0.5219512195121951
    ],
    "2": [
        485.0,
        820.0,
        0.5914634146341463
    ],
    "3": [
        465.0,
        820.0,
        0.5670731707317073
    ],
    "4": [
        459.0,
        820.0,
        0.5597560975609757
    ],
    "5": [
        442.0,
        820.0,
        0.5390243902439025
    ],
    "6": [
        467.0,
        820.0,
        0.5695121951219512
    ],
    "7": [
        446.0,
        820.0,
        0.5439024390243903
    ],
    "8": [
        477.0,
        820.0,
        0.5817073170731707
    ],
    "9": [
        472.0,
        820.0,
        0.5756097560975609
    ]
}