{
    "0": [
        471.0,
        820.0,
        0.574390243902439
    ],
    "1": [
        477.0,
        820.0,
        0.5817073170731707
    ],
    "2": [
        538.0,
        820.0,
        0.6560975609756098
    ],
    "3": [
        482.0,
        820.0,
        0.5878048780487805
    ],
    "4": [
        479.0,
        820.0,
        0.5841463414634146
    ],
    "5": [
        489.0,
        820.0,
        0.5963414634146341
    ],
    "6": [
        471.0,
        820.0,
        0.574390243902439
    ],
    "7": [
        475.0,
        820.0,
        0.5792682926829268
    ],
    "8": [
        450.0,
        820.0,
        0.5487804878048781
    ],
    "9": [
        483.0,
        820.0,
        0.5890243902439024
    ]
}