{
    "0": [
        405.0,
        820.0,
        0.49390243902439024
    ],
    "1": [
        426.0,
        820.0,
        0.5195121951219512
    ],
    "2": [
        398.0,
        820.0,
        0.4853658536585366
    ],
    "3": [
        392.0,
        820.0,
        0.47804878048780486
    ],
    "4": [
        406.0,
        820.0,
        0.4951219512195122
    ],
    "5": [
        389.0,
        820.0,
        0.474390243902439
    ],
    "6": [
        410.0,
        820.0,
        0.5
    ],
    "7": [
        435.0,
        820.0,
        0.5304878048780488
    ],
    "8": [
        376.0,
        820.0,
        0.4585365853658537
    ],
    "9": [
        405.0,
        820.0,
        0.49390243902439024
    ]
}