{
    "0": [
        563.0,
        820.0,
        0.6865853658536586
    ],
    "1": [
        489.0,
        820.0,
        0.5963414634146341
    ],
    "2": [
        486.0,
        820.0,
        0.5926829268292683
    ],
    "3": [
        514.0,
        820.0,
        0.6268292682926829
    ],
    "4": [
        463.0,
        820.0,
        0.5646341463414634
    ],
    "5": [
        501.0,
        820.0,
        0.6109756097560975
    ],
    "6": [
        471.0,
        820.0,
        0.574390243902439
    ],
    "7": [
        486.0,
        820.0,
        0.5926829268292683
    ],
    "8": [
        501.0,
        820.0,
        0.6109756097560975
    ],
    "9": [
        477.0,
        820.0,
        0.5817073170731707
    ]
}