{
    "0": [
        460.0,
        820.0,
        0.5609756097560976
    ],
    "1": [
        483.0,
        820.0,
        0.5890243902439024
    ],
    "2": [
        469.0,
        820.0,
        0.5719512195121951
    ],
    "3": [
        577.0,
        820.0,
        0.7036585365853658
    ],
    "4": [
        487.0,
        820.0,
        0.5939024390243902
    ],
    "5": [
        477.0,
        820.0,
        0.5817073170731707
    ],
    "6": [
        472.0,
        820.0,
        0.5756097560975609
    ],
    "7": [
        509.0,
        820.0,
        0.6207317073170732
    ],
    "8": [
        461.0,
        820.0,
        0.5621951219512196
    ],
    "9": [
        494.0,
        820.0,
        0.6024390243902439
    ]
}