{
    "0": [
        477.0,
        820.0,
        0.5817073170731707
    ],
    "1": [
        498.0,
        820.0,
        0.6073170731707317
    ],
    "2": [
        485.0,
        820.0,
        0.5914634146341463
    ],
    "3": [
        488.0,
        820.0,
        0.5951219512195122
    ],
    "4": [
        471.0,
        820.0,
        0.574390243902439
    ],
    "5": [
        467.0,
        820.0,
        0.5695121951219512
    ],
    "6": [
        514.0,
        820.0,
        0.6268292682926829
    ],
    "7": [
        470.0,
        820.0,
        0.573170731707317
    ],
    "8": [
        508.0,
        820.0,
        0.6195121951219512
    ],
    "9": [
        484.0,
        820.0,
        0.5902439024390244
    ]
}