{
    "0": [
        485.0,
        820.0,
        0.5914634146341463
    ],
    "1": [
        482.0,
        820.0,
        0.5878048780487805
    ],
    "2": [
        499.0,
        820.0,
        0.6085365853658536
    ],
    "3": [
        463.0,
        820.0,
        0.5646341463414634
    ],
    "4": [
        464.0,
        820.0,
        0.5658536585365853
    ],
    "5": [
        523.0,
        820.0,
        0.6378048780487805
    ],
    "6": [
        472.0,
        820.0,
        0.5756097560975609
    ],
    "7": [
        505.0,
        820.0,
        0.6158536585365854
    ],
    "8": [
        457.0,
        820.0,
        0.5573170731707318
    ],
    "9": [
        520.0,
        820.0,
        0.6341463414634146
    ]
}