{
    "0": [
        474.0,
        820.0,
        0.5780487804878048
    ],
    "1": [
        538.0,
        820.0,
        0.6560975609756098
    ],
    "2": [
        443.0,
        820.0,
        0.5402439024390244
    ],
    "3": [
        458.0,
        820.0,
        0.5585365853658537
    ],
    "4": [
        493.0,
        820.0,
        0.6012195121951219
    ],
    "5": [
        459.0,
        820.0,
        0.5597560975609757
    ],
    "6": [
        438.0,
        820.0,
        0.5341463414634147
    ],
    "7": [
        453.0,
        820.0,
        0.552439024390244
    ],
    "8": [
        456.0,
        820.0,
        0.5560975609756098
    ],
    "9": [
        443.0,
        820.0,
        0.5402439024390244
    ]
}