{
    "0": [
        463.0,
        820.0,
        0.5646341463414634
    ],
    "1": [
        474.0,
        820.0,
        0.5780487804878048
    ],
    "2": [
        445.0,
        820.0,
        0.5426829268292683
    ],
    "3": [
        459.0,
        820.0,
        0.5597560975609757
    ],
    "4": [
        463.0,
        820.0,
        0.5646341463414634
    ],
    "5": [
        459.0,
        820.0,
        0.5597560975609757
    ],
    "6": [
        489.0,
        820.0,
        0.5963414634146341
    ],
    "7": [
        440.0,
        820.0,
        0.5365853658536586
    ],
    "8": [
        458.0,
        820.0,
        0.5585365853658537
    ],
    "9": [
        458.0,
        820.0,
        0.5585365853658537
    ]
}