{
    "0": [
        441.0,
        820.0,
        0.5378048780487805
    ],
    "1": [
        444.0,
        820.0,
        0.5414634146341464
    ],
    "2": [
        533.0,
        820.0,
        0.65
    ],
    "3": [
        593.0,
        820.0,
        0.723170731707317
    ],
    "4": [
        436.0,
        820.0,
        0.5317073170731708
    ],
    "5": [
        481.0,
        820.0,
        0.5865853658536585
    ],
    "6": [
        494.0,
        820.0,
        0.6024390243902439
    ],
    "7": [
        482.0,
        820.0,
        0.5878048780487805
    ],
    "8": [
        495.0,
        820.0,
        0.6036585365853658
    ],
    "9": [
        453.0,
        820.0,
        0.552439024390244
    ]
}