{
    "0": [
        478.0,
        820.0,
        0.5829268292682926
    ],
    "1": [
        489.0,
        820.0,
        0.5963414634146341
    ],
    "2": [
        502.0,
        820.0,
        0.6121951219512195
    ],
    "3": [
        476.0,
        820.0,
        0.5804878048780487
    ],
    "4": [
        543.0,
        820.0,
        0.6621951219512195
    ],
    "5": [
        500.0,
        820.0,
        0.6097560975609756
    ],
    "6": [
        478.0,
        820.0,
        0.5829268292682926
    ],
    "7": [
        455.0,
        820.0,
        0.5548780487804879
    ],
    "8": [
        515.0,
        820.0,
        0.6280487804878049
    ],
    "9": [
        509.0,
        820.0,
        0.6207317073170732
    ]
}