{"best_epoch": 83, "best_val_loss": 348.71576615486697, "train_loss_list": [762.4807428586424, 665.7297659772616, 423.9646797909531, 235.13709413978776, 136.30259700264597, 59.41238624331897, 35.91058905350467, 67.50690287704094, 23.508258740813957, 55.926874929345836, 12.287808528631302, 52.12702876931034, 59.815296749901165, 18.43326948472477, 21.799392339970176, 131.93522764768215, 16.465630841499014, 14.2753530528186, 15.454814523153699, 5.544659106134573, 3.9206003777023524, 3.070648933686697, 1.8021693018448517, 2.354537075336587, 71.53671345874011, 28.882346969013376, 10.660101613027352, 134.4410848125663, 68.87127964350317, 9.77250328385708, 11.531876093072327, 14.167685410800432, 33.72128250144121, 37.72522356479419, 21.04574401031976, 23.067196349029064, 16.189439696701648, 10.329570806174875, 6.574858817406472, 4.478145992400753, 65.60798194006635, 8.720361659372049, 3.9701157608208204, 2.761533889122781, 1.6603391998579577, 1.9537795381897978, 1.096609001983373, 1.1612198125950333, 1.7514947933215679, 2.118549301922189, 1.065436786124313, 1.3438629680021226, 4.406254633896719, 3.7731417261160125, 3.371420689586429, 2.423062432310538, 1.9410172018966658, 1.7263445766462968, 1.1074007452726895, 81.45959756961659, 12.19260933220042, 3.7063154470342803, 2.5736766439005767, 3.6228386763733407, 3.7426073377585083, 2.773723019672108, 1.9589009693910302, 1.7714724976017826, 5.060232592879958, 3.0796174752600938, 1.727987113722222, 1.0686010367316954, 8.598700881613896, 11.75154531616908, 16.518084762360374, 20.016198605206238, 7.8311790060392745, 3.8010848130369888, 3.3790669493831067, 5.501729540450672, 6.158952267607778, 4.7010151267104705, 5.587312648168083, 6.990777246948877, 2.831017836020649, 3.1324237969357367, 1.9141049080819434, 3.0517568340191263, 3.509836279766832, 6.597488467615941, 2.009298693582502, 1.1165440519580103, 2.082079118916913, 2.990474609559565, 3.497793300382929, 4.867552947022746, 4.213112832493865, 3.001807479765109, 1.9830361942070334, 2.289253543302079, 1.4200141949818472, 2.4804496286894917, 1.703701780776863, 0.9821787240930322, 9.725357507747669, 61.29332893803259, 22.71089065032516, 4.813467275942628, 3.7818788740967793, 6.559825693675814, 1.3767865856934676, 2.1952337325811917, 2.1460378334595394, 2.0674893016442026, 6.585966955507634, 6.839030727432696, 1.9840693764285864, 0.8914928615967821, 1.3425018369435946, 0.9552917932207821, 0.6251420277709587, 0.8932292407197177, 0.7224083551105895, 0.4614174576362752, 0.4340252075832968, 0.7798085428174732, 1.4081232087540065, 0.7501816795687508, 1.7777120254208323, 3.25754648333075, 13.514754312681909, 7.612844105877841, 3.622876588786878, 1.4158452573472948, 0.7941855692158492, 2.270715976997766, 1.575787727238603, 26.287940669849537, 8.00461580855097, 5.335151214926123, 3.138420940777258, 2.7861364609721293, 2.2211262769583016, 1.5473435759650382, 1.2628463229148745, 0.7394342287983986, 0.514655459370744, 0.46019989165956576, 0.4623446450955924, 0.49288119411318765, 0.504265273131493, 10.105862285784479, 42.83784401475084, 9.33759014415126, 3.6478800129604214, 1.9194444495010186, 1.2820718177971495, 2.0839140334623343, 1.423269463399083, 0.6216470529671084, 0.664647132313983, 2.6080043728402478, 3.4164482216773537, 1.6611686093031222, 1.4476875867802284, 0.7983175245469387, 1.6462096571988558, 1.2640656282393972, 1.1908868873394982, 1.1719844155891463, 0.7324090782551301, 1.2073940291053298, 2.4503012528720034, 1.3523150346460953, 0.9854936191870961, 1.0354175732473947, 1.6184428454227264, 1.0501452893707794, 0.6366813025272068, 0.4698365899974794, 0.5365871454561324, 0.5737403926914562, 5.187116964492017, 9.630545744105094, 3.3200319684468784, 3.952431015726618, 6.353285772183462, 1.6619976814215105, 1.4713734910455265, 1.7892886703149007, 15.263895995567088, 7.951638097389903, 4.411152150894388, 2.5206230173459736, 2.409647464738946, 1.4825457415616794, 1.7212654447465432, 0.6743036059603896, 0.4792882670934543, 1.3365221013886073, 0.802006040435995, 1.1629519558989139, 0.4927593333461964, 0.8109289717480785, 1.91995407762184, 2.012586098735785, 0.8915067527918563, 0.7106498955302156, 0.6325008714395186, 0.801599792589501, 1.7112852292306797, 1.1967196931649229, 0.7866855612552235, 0.5276468677645845, 0.5586570505567952, 0.830029654540635, 0.42971552720251166, 0.9323697752584718, 0.5974017141652722, 0.6366353796661669, 0.5686199138990345, 3.8918287662491897, 2.8442820786316694, 1.5135288615725526, 1.0629907098013647, 0.7442593380755825, 0.6384227007375711, 0.5455782720053021, 0.5488480756406309, 0.5812912611311518, 27.82788382672691, 7.195450453293912, 2.1882690706084493, 0.9456791904249314, 1.9361597894827172, 0.9181770823726977, 0.7585752068717727, 0.432073283024553, 0.42536511668076565, 0.7778625101142589, 0.5000584745086422, 0.3906638985570138, 0.3385346973900426, 0.42576226875643136, 0.36628952657529756, 0.6529916566562631, 0.45003195981573346, 0.3632577428351566, 0.34236195747417153, 0.4648911490433478, 0.3798954074000613, 0.41884697413195393, 0.6386477023217348, 0.4892764212609185, 0.5563273349037272, 0.6620047800093823, 3.576184245680321, 3.511782614534937, 1.6261022807612002, 1.184188252531088, 1.9047859609458329, 1.7480904593659592, 2.1972745677374266, 0.9002236365582902, 0.7377054252396323, 0.3838631850234558, 0.3896694046926795, 0.36487211980730655, 0.43129950844616083, 0.5109667044220738, 0.6720523450402697, 2.2099167193874565, 8.13296252168407, 13.441453420940958, 2.546860936497412, 5.293049390287386, 2.2693775758153865, 1.3478610337893664, 0.8543923427365313, 0.6351346240448071, 0.8967114509132609, 0.50887474696959, 0.4531902886128733, 0.44416697511160413, 0.37963242755300897, 8.677665616894574, 2.819395188823601, 1.8651008503656485, 2.5874095274944633, 2.435313972924857, 1.8798997971536107, 2.5655035253046035, 0.8792980710577043, 2.405699676489925, 1.4005604841116537, 1.2972369648155078, 1.5403564664033742, 1.2886693537460534, 1.1341187446222882, 0.7929912124900831, 1.8395673107967052, 0.5926340852527419, 0.4659196577846951, 0.31157300234662527, 0.4188519637019648, 0.2961795599746036, 0.7284737734158021, 0.4729800712882068, 0.4994875658924657, 0.5290052331901222, 1.3321239670292173, 0.499814699680978, 0.48933376360265557, 0.4950572702621237, 0.9626054866359519, 0.7389616078041616, 0.9877179788550624, 0.8679082339945079, 0.788030303487941, 0.49579704669169605, 0.5308161926811512, 0.4307082567203305, 0.5694590400607917, 0.3831345827984195, 0.3726178644537237, 0.36473822812336504, 0.7361447586019128, 0.43780619773985596, 0.8129343830277624, 0.5684828737170073, 0.5603138519730129, 1.2475441794108688, 0.555261285040526, 12.986118636856402, 51.67123632247631, 48.31006071561175, 2.785760895835659, 1.343815071310346, 1.150442856902703, 0.6990523978756396, 0.6438589705632177, 0.4439024101609837, 0.3351286252693051, 2.092887925308756, 0.33047097179129314, 0.3215435050152948, 0.5039732036238355, 0.3278067465896419, 0.2719034857090551, 0.39622771610758895, 0.33340417860401317, 0.48404234309675376, 0.6487650548076036, 0.8004794154612687, 1.2282691312172827, 0.8395815363204336, 0.44936147144684635, 0.533639680894018, 7.107325483476283, 4.442647350939606, 2.4750202574322837, 0.9326527328717015, 0.7362999616993327, 0.5328125380155191, 3.528387945643951, 3.494902204544929, 2.9465382187273197, 2.1266484329731212, 1.18349907016187, 0.8329264906683516, 1.2329715244693986, 0.7284559479464473, 4.124147793229234, 0.5585302999412923, 1.3438712955183747, 0.7647438802789084, 0.5533641026172705, 0.33044014064774824, 0.378510431365411, 0.7340032139146206, 0.33164707016201483, 0.35577148389569807, 0.2518038904371395, 0.24737854587165128],