{"best_epoch": 110, "best_val_loss": 60.69683635133454, "train_loss_list": [799.4544984267096, 640.5941836712042, 562.2119847319294, 301.3231634307088, 174.52581619696917, 243.40850148724684, 57.23357154804635, 49.91296433193941, 57.08358413524339, 16.444495092926687, 12.631624028437823, 22.59712272816205, 17.430677517089062, 7.772427447799473, 10.750334909859102, 8.688073416506782, 11.539568234836329, 6.302690617875981, 4.909897638830199, 57.00083751983778, 55.60238249156676, 19.663767665796886, 12.003471363062538, 10.062523257207637, 487.6621723141125, 154.36432259683878, 32.63002078084747, 12.068397638160635, 4.536252668562228, 11.365290200302155, 8.86154599420862, 11.709927900572149, 7.189588261795553, 5.4686233618885955, 4.624814868927426, 13.204369844357773, 25.49405332086562, 172.1274874154172, 16.973998082696518, 13.924617227950378, 5.134515487601779, 3.564863481485563, 3.3617379998911643, 1.6988111058040531, 1.2803786514122362, 1.7588794313838292, 2.446744337273789, 22.787533957251128, 6.079600673004912, 3.5128924241326764, 4.822031869523628, 2.4780204703459057, 2.674091146940017, 1.6838984606848022, 3.73381311601138, 2.559325413380055, 1.5998496288933082, 1.2544661454886212, 1.1360539341566562, 2.2136034648409946, 3.1435505504234995, 2.7337007203490113, 2.735583970497957, 1.689120718191443, 1.5062131695399659, 1.4651198582868674, 2.0084159661394163, 258.05655488320167, 26.857737369036982, 5.4727044635584425, 6.524915856592069, 4.315521283076041, 3.2644909112890224, 2.6271920080792377, 1.9549819844538447, 1.2535593254187734, 0.9561896032892687, 5.648071580115506, 5.197488702631569, 5.137599514769999, 3.7861895374639025, 2.7343233219116407, 1.671499755102669, 1.2722350184773805, 0.9127244116094919, 0.8688091438258685, 2.144927333492128, 10.278400704748316, 3.6155546188434, 2.6727553465303817, 3.0246898264766218, 2.867713935272383, 1.6460845741551418, 3.1742957125986453, 2.3869400450843026, 2.0863331083643963, 1.191859205956987, 0.7913213193734628, 1.2699747602043283, 1.562077932685892, 101.16676975748919, 45.9044055680054, 17.358804230162068, 5.0587269975217835, 1.8331597955850243, 1.4309035630531446, 1.2066988258851588, 1.7153430912774528, 1.1598225645472495, 1.9810249431596274, 1.621987964959609, 2.236221050834486, 1.9784607552671072, 1.5064773615491078, 1.513806841038449, 1.409703417068696, 1.0122487048550997, 1.0199237849618021, 0.9443628090044932, 0.7085102931453472, 0.677651294301276, 1.0215132281667871, 0.659660797441944, 0.6940216283471704, 0.7200588479724234, 0.7007063437384095, 0.812205450403102, 0.6887220507889337, 0.7607429792426225, 0.9061609990944487, 8.0400067540395, 5.486231473139945, 10.629305512176826, 4.705492184447309, 4.0075908720148785, 4.810164284313875, 2.9788807767955605, 4.9717333433812545, 1.1666263567905735, 1.308814290823169, 183.27586298287844, 36.88486155598574, 4.728740075738126, 3.026497139248015, 1.162061676015293, 0.857840286315203, 4.05383082123108, 6.649595820013286, 6.9193265597096225, 2.827505053759363, 1.673418059514437, 2.59647529357245, 0.8736808723531971, 1.4040791663184278, 5.090928227941743, 7.774934370155173, 2.6564512869128656, 1.0901777201119716, 1.283296887489121, 3.774439113863101, 3.774022567054864, 3.3411237098419067, 1.6704075956090179, 1.6972030096713464, 1.2191467321001195, 0.969908870673805, 0.6535718307303238, 0.7543625260602638, 0.5249829099688756, 0.5387969809460502, 0.5243574845865071, 0.4453954711165519, 0.47175299831433737, 0.5707370644777338, 0.5450892867665388, 0.5141119902407715, 0.5294008888287669, 0.8342684340767195, 0.530205065300858, 0.6157782639779743, 15.787416560165402, 12.415022900285802, 8.835672500664629, 3.6063386002557976, 7.589665476164853, 1.8504367953952336, 0.8381877039845332, 3.872741035219297, 2.218048163126076, 4.338755759757166, 1.457977986060126, 1.0226826307282229, 0.7365324558444212, 0.896603743120425, 0.741437790690925, 0.7134282494609013, 0.6354481873643721, 0.9552266055568158, 0.5556165772896441, 0.5765783140073887, 0.5318516766252439, 0.5440877094275159, 0.6043738120261591, 0.5850588092543169, 0.7533322387785316, 0.5553915604399066, 0.5554309077743108, 0.5720056384377821, 0.7455011233455502, 0.6829670218692031, 6.017902529520583, 3.377958345851828, 1.9336535942294748, 4.676098213719495, 2.9244099271302755, 2.13446327464853, 1.3322418198923685, 15.973588493995107, 11.829240299320688, 4.839236359919056, 2.3077001470282323, 2.3000159296474227, 1.496662869605556, 4.330003598548402, 2.32836017893812, 4.882816298689615, 3.092003094773655, 1.1597485613324685, 0.9136774139424969, 0.7465657561043465, 0.5328749812751836, 0.4768092918423824, 0.6193322522765321, 0.5360231532314821, 0.9828315882642517, 3.9581782902516807, 3.5948328886789023, 1.518039432683485, 1.7246302988342097, 1.398120283941366, 0.9614819953207335, 1.8979719844114626, 1.281017199291182, 1.2166628647295832, 0.4810634930831372, 0.6251113173324514, 1.1266874883368632, 0.4968368670592153, 0.5276734864330123, 0.6679146005103275, 0.5366464747275814, 1.0656486616340304, 2.867005056039446, 2.306191486430306, 2.165648385729987, 0.684963101086324, 0.5330842072007496, 0.5920780418733058, 0.4101444536438249, 0.3736470531143841, 0.370922177947193, 0.3896716975898094, 0.43602181670267137, 0.3717594309654062, 0.53054925548919, 0.4685696889826487, 0.4662194338810608, 0.5156837839280409, 0.556280365171513, 0.5730206755570911, 0.6400806095969577, 0.639212634515476, 0.5254576772040609, 0.5126261130876412, 2.2808333223544, 15.720229339339882, 3.7533366673254553, 2.9341997398885953, 1.0420989709172899, 4.551128781626308, 1.7786862828059427, 0.8697942805494293, 1.0018934279203202, 0.8558502365955516, 1.071060867946166, 0.7587417730321986, 0.5024367461950846, 0.41582231793391966, 1.0399513228495367, 0.3619327545265401, 0.4100067805434238, 0.554241993442582, 14.993017083528361, 4.706346306815684, 2.8956955505535835, 1.0469134491071164, 1.389877725612884, 1.0856683928206423, 0.5614200123896753, 1.587955744435995, 0.7818366469059217, 0.423708386590026, 0.47656227139737034, 0.41522281334672095, 0.8814706959264339, 0.39113276408759157, 0.3939207692929987, 0.4668447590897273, 0.38897762468466496, 0.41841338079616514, 0.3764089040554275, 0.36661420873187817, 0.37315764974201454, 0.35442049095714395, 0.39229158175924506, 0.4616588949560854, 0.4977058543694873, 0.4188180936474756, 0.44628686654323896, 0.48104529150357084, 0.618449455634813, 0.4468452729625986, 0.41532020171107903, 0.4000269052000669, 0.42931949864392177, 2.896313735621407, 1.4064226285312218, 0.6261125791862627, 0.44465479336881064, 0.3562420500635359, 0.3172735848119122, 0.45206460811565485, 0.37678164627325167, 0.45786986290156284, 5.212802180453055, 2.2980420484628716, 2.971343140116582, 1.728606226372422, 1.1166352949383895, 0.7696392917222927, 0.5919644564138407, 0.5670380929328431, 0.5722130773238682, 0.740310900373796, 0.5098605596420234, 0.43304104849583525, 0.39524440131435506, 0.6566878537195637, 0.3064067098347279, 0.2928889725753179, 0.2576787290757579, 0.2388713913971766, 0.2465957130718332, 0.2662406716679615, 8.7537643721815, 1.351434659380126, 2.077795822536113, 1.6535911262697938, 1.4934178128169344, 1.0863477168890465, 0.904856997895315, 0.5535030420182174, 0.7926226956972735, 1.3635119564430402, 1.5809893407997633, 1.4257807154663937, 1.1827777535743638, 0.6453965870458955, 0.4741923878091131, 0.436559282740178, 0.6349712958490652, 0.38919033284728505, 0.4283680078942493, 0.40147616800373, 0.6024309840399512, 0.5459028644633855, 0.38009052842577173, 0.4494792996425796, 0.36387669384187993, 0.3039040421845914, 0.29490999403882157, 0.32438197680291414, 0.34953580222271874, 0.2827531425899376, 0.30597951397359396, 0.2929327453028207, 0.2877462059226286, 0.31646468162556496, 0.30087827255377086, 0.3316405891987842, 0.36311240456484856, 0.47037517103474635, 15.231702150623763, 2.766521071184471, 2.6235981699412214, 0.8485013635828262, 0.5168683831693862, 0.8909683777901426, 0.6271113645320153, 0.4864694241926293, 0.3796789467155854, 