{"best_epoch": 104, "best_val_loss": 135.638406349934, "train_loss_list": [773.0820937506513, 606.2552228141435, 343.73767645680255, 220.93032309742915, 76.92337280721227, 81.25734705838059, 97.14089058493974, 80.23465817384903, 246.10849375065405, 52.94831019563111, 47.840276389028716, 45.803310969820444, 5.572230025151932, 37.91406915594918, 20.055996075530963, 57.53159265700527, 33.31858503155944, 10.449174073920243, 9.021466716123507, 8.294375821716153, 78.06064981500431, 85.09508887096318, 35.91506342296337, 18.789129008076465, 5.816509986252401, 4.327304576372454, 2.690612493275854, 3.1221830323835436, 2.2430899689705335, 11.206803149080319, 7.458998929081413, 20.93599222945658, 7.417414928129272, 3.3556352397397977, 2.8637615229194036, 2.8957797521058586, 2.0224030342113712, 16.00598311543518, 6.934380753244914, 5.340786706505483, 6.777893581301331, 6.944245395738848, 2.7315367301764515, 8.003916936113654, 132.4144287944741, 38.19585784438877, 11.056843967159995, 7.930886727908072, 4.4678114899904156, 25.013450429035643, 23.018821113053402, 38.84204438950232, 32.48831579179274, 13.990529422179069, 7.949790693272904, 3.8588055797739527, 1.8162956349501984, 2.100741449172044, 5.185280471390859, 6.3991078759045426, 10.058672447345584, 3.4697658345136393, 2.801506804712299, 1.641631474318426, 7.934599020498071, 5.720706260114206, 9.737843794629754, 7.483271326049798, 11.496726503367952, 6.864736218089896, 16.198240168203828, 7.402295416225163, 5.272277204446551, 2.239586562143532, 1.6229237598702875, 1.3874880027882308, 1.6333985739466665, 0.8909266914140388, 0.8196210228055781, 3.3779622052095104, 0.8242854697272851, 0.8055981268626735, 1.2073938064227479, 0.8450831899435163, 9.020720301057668, 2.9739730556364217, 1.848288026503745, 1.5258640769310876, 25.96393821437182, 9.381320667139633, 5.328571036636909, 3.642212848707855, 4.209798655970036, 5.53772131203545, 2.428352619215296, 1.3016212372487785, 1.214427987964167, 1.1769019205101652, 3.6240440889059995, 4.0645309731185355, 2.3258644936083686, 1.3125141072453472, 0.6970689972542083, 0.9128526790691196, 17.109300632432284, 3.392329546200959, 2.427684951750847, 46.198590832969884, 20.701413667482925, 7.583536002889322, 5.193945390693661, 2.5063327466741887, 1.8719538424599695, 10.807421925340615, 3.626378179007289, 1.8116796809257323, 1.8226083549010377, 2.165647022734223, 0.8576938374445883, 0.8473510976007855, 0.5938848511259149, 1.2409309523139544, 0.9425049013644126, 0.6619704256174617, 23.429894458245787, 1.9327732966628908, 9.876981920112552, 2.520760705334285, 5.683519030635014, 5.102434754971267, 1.3893630560793946, 0.9385960079951517, 2.043689560153422, 1.4951207465121565, 1.7372140783158978, 1.0514464097162945, 0.6565792691103349, 0.5470379982168487, 0.7222812326551279, 0.5991174924461086, 1.129598201149408, 0.6411004497401711, 0.9019347079439447, 0.6927799728113898, 0.6691489016919626, 0.9917928327476252, 3.8077379941622276, 7.385406863191172, 9.959612692844184, 3.9187081327646136, 4.438203964142229, 1.4036118483917084, 0.8032086519379519, 1.2676768046238518, 1.027620948821293, 0.6666331386641695, 1.2262257438214317, 0.820925115482205, 1.1792960010366262, 0.9559171118236426, 0.4711705391896121, 0.5594200345013819, 2.411676684343958, 2.1978655151257573, 1.2613141541748165, 0.8231260383219229, 0.6640533733501759, 0.4999690032325993, 0.5625613019990094, 0.9605647914936511, 1.1974080432887182, 4.961154555236832, 4.631933531055137, 4.599607309456559, 10.235085760237853, 3.962280300152254, 3.123440904318359, 1.7998901506883402, 1.4350588237142075, 1.1670722328540535, 44.0795437277768, 5.471307860792558, 1.518188388156011, 1.0775437876217733, 0.8296182677315415, 0.8980285050359871, 0.6915996098661487, 1.062374459721211, 0.8030825140970901, 0.9600271847001337, 0.605509384058618, 0.7916694230347434, 1.2705303292643657, 0.7877648113938955, 1.3358832827511233, 7.858584362753448, 2.147868888677094, 1.3025026359840095, 1.3433299091669018, 0.6985252949464262, 0.5277802855465453, 0.5165622056577406, 0.4011164875945392, 0.38102540603050816, 0.3970738411373751, 0.3309961979874986, 0.31588685717938897, 0.4103005575889903, 0.36950632146646206, 0.3852688758213714, 0.40065641744950975, 0.6226613001227909, 0.5797431829135754, 0.7413986498492461, 26.800916047136536, 2.723580164716423, 1.8638508343972222, 1.2889017949718113, 1.3391713247981905, 0.7869571634216699, 1.9641186752521818, 0.6406540837968758, 0.6198435115875165, 0.7515982209430264, 0.6740961157716396, 1.4141207256413608, 1.1290278914850411, 0.6399383029377477, 0.8089271536094446, 1.4092833195370322, 2.0952721693585743, 1.5352072492473758, 0.7873656865177869, 0.613790358932297, 0.4775980773330954, 1.0737079860946506, 5.181282666125473, 1.1161140702456143, 1.8891619352525264, 1.0023608750478592, 0.8406538183474975, 0.9557949119194077, 0.742763147460402, 0.7908008409081803, 0.5402349859389955, 0.45077051369248894, 0.3808699233524531, 0.33958497351443784, 0.5392029565763559, 0.6740557329257948, 0.38350818672939213, 0.4882126419513874, 0.4636194566227479, 0.5416416298977371, 0.5404397921165449, 0.4974972539183403, 0.41606603402159065, 0.3608917217285912, 0.37242227855849497, 0.5007226038218976, 0.5981331543194395, 0.46762203231699045, 0.7249085741004132, 0.35829307283691003, 0.4656023573165154, 0.5480715759386747, 1.4085058096966885, 8.35753107862692, 0.6274591700441841, 0.703827304083965, 1.9749221338357539, 2.9386737866632777, 2.6547065989713556, 17.606772175997087, 86.36407469049354, 1.5005660365559674, 0.7805711358401339, 0.47367396376275017, 0.6802755970426696, 0.3559726426579148, 0.31735257805387623, 0.2515279240318209, 0.2787176724465331, 0.22597240631271065, 0.2843458650086246, 0.26130504207830524, 0.3183530040744571, 0.3093340563185748, 0.3043549804488199, 0.2866134575127946, 0.30700205959522125, 0.33480726351664164, 0.2603741654784163, 0.28640599438830344, 0.6881828401262573, 0.5192751429077253, 0.40636543990864443, 0.6268298825064385, 0.5605998991024976, 0.3398220648085504, 0.6335022475466086, 0.294904231794904, 0.3374964084464638, 0.33624692543721585, 0.33612399700185946, 0.3522198927659573, 0.398820317728406, 0.39573386589147186, 1.8588151452063242, 1.9485712843690781, 2.763008056030426, 1.1776252998914545, 1.9468339168532471, 0.5851670635069884, 1.856786074742125, 3.2665623006501585, 1.3066211086331394, 0.6843472007395374, 0.5913992448448605, 0.3928635489972447, 0.3042154447330852, 0.22808772394008744, 0.2890474629957393, 0.2788641697715963, 0.4000916511032411, 0.21277598687934182, 0.3935873579977618, 0.23865890131891437, 0.207799207304864, 0.7615755189784954, 0.27826435411437556, 0.2580145413479231, 0.8055441564304291, 2.176601734530825, 1.075770728081372, 0.9155114416866209, 0.564987879847754, 0.4249068461905166, 0.3332763701518306, 0.32390695209865467, 0.24317307930593757, 0.4040963658454247, 0.2931464912909012, 0.3775825956202762, 0.38046012350377534, 0.3246563847324566, 0.2968680654524458, 0.2798357389025844, 0.27727208139516474, 0.3023625778016937, 0.29119275057445687, 0.2534079162471026, 0.43230107906342824, 0.2555492606068675, 0.30635473886798786, 0.3923817760364487, 0.4306986446961555, 4.380336646717779, 2.9613131835970576, 1.5064330036346516, 2.7343692616151674, 37.55047603951342, 1.8256029814494987, 0.7408224844095069, 0.7675481913764511, 0.5869890392297054, 0.7455402184136977, 1.0461037285781638, 1.398866117060211, 0.46850842236809964, 0.5649714107484805, 0.3433415849522094, 0.2875355592452192, 0.3367422001859568, 1.7743110283049757, 1.547296641295939, 0.6389136574748305, 0.3996421606501456, 0.2880474910398439, 0.32252010813404475, 0.28741371080365485, 1.2562567317794566, 0.49113425285140905, 0.29995536599134326, 0.3043375812659745, 0.38225981647131335, 0.2889467343396481, 0.28479323720351596, 0.21951247172959384, 0.24235432407010815, 0.25446299523307303, 0.23744574902440876, 0.30925834038128797, 0.2780883402798429, 0.2778140755031521, 0.4263656154745364, 0.6232249900672159, 2.903229105321499, 2.4593294261295884, 