{"best_epoch": 61, "best_val_loss": 242.22597705078124, "train_loss_list": [757.3429206168365, 590.9506401989447, 472.93584517537835, 273.4454265473305, 122.72819703681864, 187.05160003566905, 95.13578333125014, 101.87050496915006, 90.84305603069114, 11.537990458512159, 14.815493368272897, 67.43445793769085, 10.18307193847861, 7.6994476862954535, 6.428081005766965, 17.03730230313928, 61.34364753577584, 13.9845226990243, 5.432105501660126, 11.675554102970318, 23.90236283432655, 13.470097586402408, 13.954377285257785, 5.681894581089701, 16.966676831914654, 7.492308390232636, 4.7233483899355955, 4.2118388963218765, 3.374733327136258, 3.5581522149855735, 3.840052014022451, 2.3095195505526416, 189.30383227958296, 37.159098674958, 12.016987550623732, 4.73574568041766, 3.2895251608008866, 43.28510996415241, 3.888987440966452, 4.808187378452722, 5.652288778439403, 4.119231958955412, 2.591595441669509, 2.9836676187134525, 1.7167979897544525, 1.6369826053673242, 1.9790043625994074, 2.8363774005216182, 2.3397283326074723, 1.6069493150784444, 2.125676060589588, 1.1303946778462306, 1.0537973617054293, 0.9507903287773314, 1.7335056898471783, 1.0704407654269898, 1.260675634184764, 1.437983724700027, 1.3992969549773673, 1.6300456275285817, 7.5263550719506656, 13.350457454786564, 8.01656794249531, 5.113055647039061, 5.912445141895293, 7.9230496878224015, 5.545387973873394, 6.895197214011347, 6.788507361414964, 11.675789968975787, 4.902951232820201, 196.97790839144523, 57.20484841234999, 11.962729146558615, 36.68389825478091, 5.015290591980285, 2.2551072766216183, 2.123310758233183, 3.268465368447286, 2.6400527630568043, 1.4186112506434279, 1.6608123373699708, 1.0697392209081373, 2.5539402482153926, 1.5221825390830523, 1.2332231834780136, 1.3734266741360617, 0.8691705205753635, 0.6404004738784196, 0.631908651455209, 1.056505227682291, 5.642181090764993, 6.98508281123611, 6.887214162885616, 3.3219121467755084, 2.993246604599687, 1.903050642994603, 1.1502397030063538, 2.601224617098405, 0.8019557481583081, 0.86647091096906, 2.094737271956516, 1.1777924451904336, 1.239030455126733, 2.0310298654860968, 17.321377701902062, 6.1115738498177965, 5.398978758193555, 5.46554359133874, 1.5971141734261582, 1.7239959949526988, 3.735656908748016, 3.201820941202226, 7.32228197388715, 1.9223313663436654, 1.4888298738712427, 1.3113786011120934, 0.9020477765028622, 0.8462563023897972, 0.7196747708476993, 23.573792108294896, 3.8752951200857453, 3.6974681213694414, 1.8365744359463703, 1.214745876535282, 2.7698528998146315, 2.648900399391743, 1.6654869638278613, 1.1953911699512432, 1.2487792577299452, 2.434426726454606, 2.1161559417584574, 4.442920112555529, 1.5837197006444483, 3.4321555269015622, 1.81806563674413, 2.29413746997319, 1.3189555019410255, 1.224323883613759, 1.2357864319585745, 0.918864536244236, 10.99694814423624, 5.503542983414671, 3.4811466415067187, 2.5181062313413864, 1.825520668118127, 1.734629205996196, 0.7359073962903422, 1.1159654926709723, 0.5179628151092646, 1.9204508386944514, 5.532406205035298, 4.343706297026979, 2.497028625141977, 1.2533275888797195, 1.2709202287504031, 1.3754255911956024, 0.6778401282569008, 0.4796503036477131, 0.5658069428504359, 0.459110772543533, 0.42098865509621264, 0.4316864057561183, 0.5456267647392608, 0.4625556235445009, 0.5161078938387438, 0.6020089314468745, 0.5566301364976555, 0.7245575144218568, 0.7381092024149482, 0.8422162917113233, 0.8563068338377514, 0.6452655769003736, 0.5422218936589646, 0.5062911134687593, 0.748665369212624, 20.42934562352757, 5.707926115089337, 11.829233013883213, 3.572743910313196, 1.930810358534129, 1.3982746259266747, 1.3792959131902178, 1.08432918204407, 0.852105247864072, 0.7632840606785425, 0.9105634305036643, 0.9200428132052472, 6.627311948118861, 0.8663806382826141, 0.47335097923908814, 0.41203693923872803, 1.2497031287627722, 60.30019314290352, 5.706642913086843, 2.0280122137107472, 1.2066381939012687, 0.7786309593787063, 0.8436399377457171, 0.9762729522047667, 0.7611959621423705, 0.5913369617211164, 1.0971130980726915, 0.6789146823599727, 1.1964480515231313, 0.6568596812860557, 4.08976428628425, 3.0034431106093646, 3.926891765668164, 2.0115211843403986, 2.432577450056364, 2.1494195865396066, 1.34829788696911, 0.7034119338039015, 0.8020568101472589, 0.5286515029298942, 1.4864508520361845, 0.5613184011890779, 0.696318005857536, 0.6585208484224325, 0.8819229551072543, 0.7131441832559876, 0.5154123451451199, 0.6707748769728181, 0.613557506038961, 1.7608390529824565, 0.40049142269191423, 0.6445595067296536, 0.7352444963009664, 0.8210663084230841, 0.5644240236889958, 1.1754216443428196, 0.5039979500370869, 2.4749657789765083, 2.1975849540136476, 1.3408547563498125, 0.5745863518086225, 0.5160368028350042, 0.34960733151831425, 0.3549220616223714, 0.3222255363139381, 0.3461630097330263, 0.2509032967152262, 0.2556402342823963, 0.33796525957665086, 0.5140825178687257, 0.7873442394844349, 2.0282292301987046, 1.5832598753023768, 0.9966090900608023, 0.5021710640368119, 0.6103561788434603, 0.3719599613540202, 0.4314446224598667, 1.3772245344783167, 1.3110320475966037, 3.0789644923677146, 1.0594760657738342, 0.7775768244955951, 1.417997916083969, 2.436979620587792, 1.172920219768751, 0.4183048156705734, 1.3670776181188442, 1.2094914202699136, 2.2830110387220754, 0.7986877643639962, 1.0105500536470269, 0.7890138443418397, 0.5971659995388954, 0.3068070878980258, 0.5739803318495211, 0.38900255035834913, 0.30275351261490946, 0.3234731229994829, 0.2729918079881523, 0.3529630334922878, 0.2817453393646069, 0.36771157302459745, 0.29855846086626, 0.28254491896916506, 6.245224879353163, 10.112275061152284, 55.00308435592933, 48.412991855273845, 1.486078727935931, 0.6400295113879123, 0.6653269826152479, 0.4848642146999512, 0.5362311122579424, 1.7774339185526655, 0.5835981556985137, 1.5079303268103224, 1.1511399005840217, 0.5201391792570357, 1.3727592881639528, 0.44396458942382877, 1.1665945077935855, 0.5511902122194648, 0.6151407234930609, 0.30753163347567086, 0.5404282528096405, 0.5054042668772224, 2.3874107460310126, 2.8189932191678704, 1.227427015276206, 0.8150863181898006, 0.4521800106254959, 0.3572423876855456, 0.4178251386635893, 0.3983279034693307, 0.3487928074152876, 0.24157496975372156, 0.537286592170047, 0.35432573326139505, 0.23830284407394126, 0.3203561614276794, 0.3644009066182321, 0.27888706558230825, 0.38808686384152336, 0.33057423285155585, 0.3162114394865017, 0.45624728891738664, 0.8565775257494953, 0.4866378584062998, 0.4926872297458433, 0.38149120579827495, 0.5070721417790548, 1.0944703992079963, 1.4742813376967303, 1.2076592859236701, 0.6966167707485909, 0.5514085325002206, 0.8949219199561846, 1.5419263416780824, 1.144081475663845, 0.5787929279029743, 0.6550862539351917, 0.43202892278798005, 0.3644979434917889, 0.32756857508967924, 0.5653074857320252, 0.22471929936946766, 0.44948893509325644, 0.39973007121920207, 0.27799129960167607, 0.44229877694300734, 0.27829606098729437, 0.2820639286264193, 0.5051237151592425, 0.3706024935452777, 1.1149668180512173, 0.8769070412801083, 0.548669624643185, 0.771430478970117, 0.3894703694051935, 0.5587370237662206, 0.4462510676664519, 2.8102823605815908, 1.2710535450945715, 1.3165230995553385, 2.228201179293421],