{"best_epoch": 39, "best_val_loss": 635.4075621757106, "train_loss_list": [769.9199874559049, 631.5669377362161, 371.6391036329189, 242.9449430434319, 178.57676374334503, 84.76032146489477, 29.526640466712962, 18.692508375448565, 252.49574925094882, 90.94499469534881, 25.33466235326629, 11.034081467738305, 8.049405192629186, 7.7196008130782126, 30.422728916760178, 67.29585492245194, 10.470389711480504, 18.602747242256715, 7.610897203851881, 3.545142573322281, 4.011709837422683, 24.497914317026304, 14.616140046189658, 5.812970038147278, 5.577400213403138, 7.027196079532323, 5.055713164801065, 5.514164396157102, 5.542201949920375, 15.082835497671681, 32.065884805987174, 39.947812523933024, 27.54431232360799, 10.19145688251582, 5.190059578010589, 2.3206950913221904, 2.0144619518197766, 1.9554895801960812, 278.07947811702985, 62.64091448240038, 52.10788423912214, 7.450051423521665, 3.21990612492449, 15.05567900601256, 8.570218071454152, 5.866547943380685, 3.520683451460011, 4.365059229838896, 5.483843115209314, 5.33302732696529, 2.341842522484401, 2.0465534369035954, 17.912074358848106, 9.312550409892868, 6.256403219095597, 6.1791627239576705, 2.4081919001520555, 7.139775303746924, 5.519656469897198, 5.123316388810778, 3.315447541834143, 2.1355500993012004, 2.593400767083802, 3.3689279496113214, 1.8929701704828408, 1.4280180239635025, 1.2682057617107143, 10.792165161610285, 4.314288425996813, 15.415903833878204, 12.958020204104228, 9.298216182319468, 3.8271140537563033, 2.8044637096039504, 3.2394417681763996, 2.328793425144435, 2.118184027962284, 5.394764068710798, 2.603199286387199, 10.915782298722124, 6.358868826079655, 2.336593423348472, 1.4944130714904895, 18.647086415093653, 31.154898306537916, 11.272003250686048, 7.834593753965232, 2.51863686004285, 1.325056254426444, 1.5123641511078356, 4.197289304873211, 3.9317865633551095, 2.8834304891198728, 3.2316906284681686, 1.9719927569080216, 5.328702810023721, 10.668888632405222, 10.49419242745243, 11.367011965195726, 12.982317932768364, 11.233678871046019, 2.8849510376906067, 3.934967447567537, 1.3635801353511305, 1.3211626717916007, 1.1116580386766597, 1.3154292359762638, 1.1771835173406089, 0.7394183828943091, 0.9896113090299935, 0.9617064241941052, 1.3092866881906642, 15.696042031115985, 4.203393921872254, 5.19522872491644, 3.626665377547975, 4.5990252922036055, 1.5769440371322865, 1.7656895964012618, 0.8391328078010126, 3.813252120560781, 6.303847360261126, 2.7350275778357003, 2.463431399403386, 1.718519086676632, 2.9817783736080106, 7.2492274465217434, 3.4692618820390577, 2.5049015650912465, 0.9084216077866264, 1.309606200180991, 1.3691935471994923, 0.6434104749498075, 0.770207011325988, 0.6772608288450738, 0.8465329479540439, 0.5008314806800676, 0.7599558851264646, 17.838943582155697, 8.690744802653922, 2.897426666445921, 1.238146782795977, 2.3314736799008586, 2.8089062818796067, 1.5277296496052486, 1.338566291061917, 0.7461066150887906, 0.9622139862811846, 0.3914750791314232, 0.9054807736349932, 2.9338451937311434, 1.6230079092519343, 1.3440284074717705, 1.1390100062397015, 0.6430333317975937, 1.085028313852353, 0.6013799285613044, 4.638648371687991, 2.4328606764228144, 1.8508860516271204, 1.23212537300645, 0.740700963770299, 0.5099113600128966, 1.524801588895958, 1.2484894680043972, 0.49735562166421876, 0.47781827794069076, 0.45167366321508806, 1.1223085978366154, 0.5272872897983922, 0.5256823516351852, 1.0754577769682958, 2.2004988855020158, 12.338237325368112, 4.605029485897787, 2.004348038818742, 1.1670049304642005, 1.0414102022888503, 1.2587360820806308, 8.806102651100574, 2.431095766591835, 2.5524193041586463, 1.6127246426921147, 7.078485939014006, 2.217761616592356, 1.6927457647410538, 2.983528494662632, 1.2475605406804633, 0.8459850571827657, 0.5460760350781793, 0.6682300146697309, 0.426961288734005, 0.5324875037701409, 0.45676629400322205, 0.4219299400048873, 0.8918237391827821, 0.3761323542992981, 0.3877385424416083, 0.42906369901481284, 0.7545177399873627, 2.3877841256071908, 2.147638072645256, 5.34193971942615, 4.013102350790483, 2.72678690674359, 1.443297544934051, 1.4049456731220413, 0.5760205222692104, 0.5175247765901938, 0.9024922443448623, 0.4803782836656244, 0.32164789421385315, 0.4883068443444529, 0.28366108566502723, 0.3459691185224263, 0.34007719731585295, 0.9199565773330407, 6.090216060289546, 1.6012712601239334, 1.1366020923670053, 1.5249706383888961, 2.361541295274198, 2.1507831630096166, 1.4971549954346521, 0.9890673650058442, 1.2743833993688696, 1.3414673054215642, 0.7142675429194993, 0.42623251182614774, 0.487257305206379, 0.5311848956009927, 0.41787297314752625, 0.9618462324672511, 0.6161550370891024, 0.603561071520808, 0.4698915421604951, 0.5219423758315743, 0.9760539416420878, 0.6778184820137166, 0.5972259905787244, 0.7879856069149469, 0.5412583140438533, 0.4821114337354196, 0.5016965912468648, 0.5650698415547437, 0.5006039603424899, 1.4457419985079565, 2.7363214317084736, 2.434165094152139, 1.1999471432741826, 0.7868680695909137, 4.321892552746964, 2.755285473546223, 1.6189284445895995, 1.0874029233713796, 0.5822446324948259, 0.6862746237012322, 1.752062058905301, 0.5540579674627156, 0.412672326916215, 0.5615600358583812, 0.4421390500391733, 0.632183962342155, 4.09276103335998, 0.47754159820191117, 0.45190357945929, 0.36805656432389894, 0.6018799508927185, 0.3994305559221561, 0.47024800213987217, 0.42913228280017407, 0.6332114391648382, 0.4391281227467324, 0.4111048236568804, 0.39325836488356747, 0.878123988895588, 1.0899521098660596, 0.719066879030014, 0.7786773062907838, 0.5667744056483596, 0.5548290251300779, 0.4853044938595892, 0.6166173095780513, 13.60582174121565, 2.617876829174478, 1.1706607533911166, 0.5924310100083884, 0.5224656914143416, 0.3976520448989368, 0.3038082200389483, 0.2099958804223592, 0.22732010630831925, 0.30546868317203557, 0.3163823235321172, 0.261257287368291, 0.5046676025920944, 0.39713261118460996, 0.7026689006930831, 0.5086075000534486, 0.3273374171237672, 0.33210799263988194, 0.30705362405974157, 0.33225102023635245, 0.2710837773504974, 0.2679965155320917, 0.28384343435654064, 0.6637447308227188, 0.2801312636459812, 0.4317267328805529, 0.442817404501806, 0.47728603961680827, 0.40110795275900774, 1.1169327871700878, 1.4325133818501947, 0.8918643356323667, 0.8967743364770235, 0.44293576192728623, 0.4009955138789648, 0.2970813834942834, 0.4035924697396701, 0.4990152131853871, 1.3731506613558162, 0.485792628171816, 0.4328582345803296, 3.3261241987049446, 2.9547161393135903, 1.7068007381400196, 1.023937458592343, 0.8444648965590262, 1.0241150278258504, 0.8109811124283772, 0.462890648454918, 0.436737123262278, 0.2906991917923219, 0.3918638250721381, 0.3791682485800788, 0.5024217929891504, 5.843923523154138, 1.0360513560609745, 0.6615927977103984],