{"best_epoch": 7, "best_val_loss": 377.113952682518, "train_loss_list": [810.4862266649083, 587.7783000754378, 368.0415866906084, 143.15377317634673, 171.7041177965896, 59.0243733407339, 34.65710585591209, 53.88392474249555, 14.31652492743272, 11.71432351493581, 20.513138313248934, 25.72933166755364, 8.075836859262482, 13.687543139769375, 29.00561107662637, 21.46363130491434, 8.591047127440858, 7.731931019592625, 4.946363129897772, 2.902907530696406, 6.555702064184678, 5.629836408495108, 8.495972191057719, 5.933394753784538, 2.9535005438216477, 17.018000458759328, 18.29746515923683, 37.571386705138195, 15.272498531387138, 7.972141618832528, 5.0592074571264325, 3.2711620825881584, 23.95275392663272, 18.092404796155943, 9.851806053218443, 6.15006564393898, 2.704633250825932, 2.1018919245886134, 1.9692606818363263, 1.7044166296707253, 5.053826325360591, 19.051116955762655, 13.975871479421151, 10.720896467732132, 4.3980956345783335, 6.882122729767053, 81.11037655796883, 25.506073869032665, 14.322281874673214, 26.11922569914148, 6.198507105524988, 6.974603631910933, 30.95582031260177, 5.139087085619987, 2.732643639977745, 2.2018644744261153, 1.7314833074794869, 1.4864944944041418, 1.0262705689008738, 1.1433432313165117, 1.370794031489102, 1.0114510531105323, 1.383984685606721, 1.788412822106511, 19.940944257128127, 11.7460403793279, 8.285670508062008, 18.24387957435971, 8.109964814913331, 6.937024899062288, 2.232608014819568, 2.122262558045521, 2.6478024002126506, 2.7880927613439854, 2.2946536674823905, 2.446034893983202, 6.234788073704687, 2.5613922766443356, 2.4007188300388873, 1.2902443561224262, 0.8796128652370363, 5.181216244222642, 2.293230537893296, 1.9862568508179361, 1.7026096181426382, 2.8790725002081037, 15.878510000547763, 4.415461118298671, 3.296464982683153, 1.9403410356751862, 1.0767194356929997, 1.038414839620376, 2.2323715539641675, 8.067979158322617, 3.5217955934041973, 8.806373587684028, 3.520154949398558, 3.989799848075653, 3.0619775393423687, 3.8107399928431978, 2.6962362253278984, 3.204209573888259, 1.7254907639093429, 0.8192623004005877, 8.516329305868458, 12.968991066334565, 8.948755433210641, 4.522040066373459, 4.429513322625917, 1.727437759622461, 1.8424632132132883, 17.285042375445418, 4.864037584627719, 2.856663854281708, 10.300872138098857, 6.4217288240876504, 12.608655139996031, 4.955405391126593, 1.8008045200349596, 0.8743935044127711, 0.6095204328950006, 0.9100513038581188, 1.7977862118641077, 6.096728710663907, 2.949610038525054, 4.936116067925364, 2.5616400974387323, 1.9582086870303521, 1.0029178864429027, 0.8584784463995454, 1.6257664395364564, 1.265250454602532, 0.7556745632522209, 0.5935400237158279, 0.4467915731596915, 0.379437277917599, 0.7735072081488681, 0.5402181083531102, 0.47359657824940554, 0.43721528386423036, 0.48720958858079094, 0.6882367624262271, 1.4498927250153333, 0.8279615280600642, 2.44182397268146, 2.696871272123035, 1.8004974953038473, 0.8500230665628833, 0.6639808010046564, 0.5206059063273358, 0.5965715882717476, 1.3210583005204843, 1.9213407525139259, 2.431039645969735, 3.5878191110874718, 8.338679241201199, 3.3277236152988583, 2.258734470820522, 6.646530237978117, 2.8970338858302935, 1.4752703049332367, 0.8952477450183149, 0.7418852898380448, 7.766311829787935, 25.367906968346592, 2.932029601254427, 3.392446755859363, 3.3547848812364482, 1.312005693764621, 3.0864058381957764, 1.732426396922675, 1.0159245960417722, 0.39967327854165824, 0.8097935902271974, 0.3436544670554838, 0.3392132996200932, 8.279293845366668, 4.956545771122403, 3.590934294417149, 2.020053093104216, 1.653595002771431, 3.467355618030562, 2.8633546607660794, 5.0763996882457745, 1.112508765481853, 2.599906943894164, 1.535862828636763, 1.6860045093981728, 2.611875574845322, 0.7084534918403244, 1.035687188444375, 1.0118250977686905, 0.460226653933048, 0.5252449225523357, 0.4346048735767908, 0.39570560827420626, 0.9444378091460496, 0.4405810558011448, 0.8030111774199271, 0.6390939664514714, 0.7628802173982572, 0.5905548614156199, 0.6979125419481694, 0.9412534982562331, 0.5295361781574822, 0.6376758646360765, 0.922566162447974, 0.7222762712906498, 3.703100568535806, 2.991351483489949, 1.7804903391236833, 0.8464704041297619, 0.5797954820007046, 0.4300330943991577, 0.4369885149188654, 0.44273878084209933, 0.9777827931873636, 0.9933881724792462, 0.4900425768172863, 0.4375842403357111, 0.8205332592520622, 1.0384455817561513, 0.6860964166662226, 0.4637373706310153, 1.3289452624246776, 2.318812936597424, 4.016942914749262, 1.7980492108063786, 1.1358924796278873, 7.710824514638587, 1.7815153037987586, 1.1654894678406633, 2.8616068037206093, 9.795594895453176, 2.2319898060450507, 2.5734716980072485, 1.057255854035892, 0.859539125069956, 0.7539234149815136, 0.6253235005918955, 0.4878585507547447, 0.5167143270804014, 0.4619900085704493, 0.8116399974306725, 0.34061730822333763, 1.0520236679266273, 9.51815557622973, 14.087690359502435, 3.141469240268107, 1.5318445085803367, 0.8300970077262873, 0.755714539430204, 1.8241996916964247, 1.7868535057366186, 0.4600102958158023, 0.7619535492135981, 0.6642512000828862, 6.395412780804971, 1.5091764688783351, 0.6930606011127355, 0.43509870313071525, 0.49361726855001964, 0.48308580650017496, 0.4983552418891034, 0.36436087000417733, 0.394451275292292, 0.3448659764290545, 0.3087343328718134, 0.31612715434006394, 0.5951641611705202, 1.0897783882031444, 9.652255425444174, 4.245894262264866, 2.7650975926802817, 1.1265340699334312, 1.004800642004486, 0.6887877207429953, 1.219571751099711, 1.433350714204337, 1.224463784092397, 0.6660698698108901, 0.5548075927962272, 0.46684389815344024, 3.691977600777822, 28.589949811602125, 3.287243735530526, 1.3315269257980964, 1.1078891105098478, 0.5191863705087313, 0.5217490069743738, 0.6872398404809515, 0.565318156177863, 0.5356697243041612, 0.3158962257792813, 0.2657815769394274, 0.3997091664015425, 0.2665529798272386, 0.24011131137172187, 0.9720887578941017, 0.37458748833875544, 0.24446559731180587, 0.2570482314033819, 0.3149144361851585, 0.2668455744277323, 0.3357610773674484, 0.3202776497999341, 0.30373152909927126, 0.3169075467948015],