{"best_epoch": 135, "best_val_loss": 93.28667072396878, "train_loss_list": [408.01787086813556, 360.18653774261475, 291.68929337658767, 186.8177416278259, 173.9909475342875, 72.1671467079187, 95.0452321242163, 20.245437314010022, 26.312840370269097, 6.342985322776648, 7.624662636168764, 3.5281011436378673, 7.272451884789946, 3.6741095747018524, 2.3945961674428853, 2.8164918909236247, 74.43554566501805, 180.50294875485994, 15.928510363270435, 7.362108563419583, 2.3840677951387983, 2.241284272273807, 1.3474410998795732, 1.0795538184321156, 38.461045773034435, 7.415251005903301, 16.650329728854036, 7.814441398425582, 9.386386330426378, 2.2978923591913962, 2.010726674852586, 1.4949255235968617, 1.814118712119423, 62.790779411354976, 5.350025629486721, 6.596821974661417, 2.161345845157763, 5.292780549119065, 3.302709061845467, 2.703023909256341, 2.046395930335149, 1.4271278887897794, 1.3173898263049075, 0.8777117151794137, 2.1162838881837733, 1.3084517998537109, 0.9480864955130686, 0.8708622118849826, 0.6439120299147334, 0.6989968671456649, 0.5609921988347103, 3.9457036708330446, 8.326478280375294, 3.838384160036959, 5.889995697175155, 1.9699737139138727, 1.517816824473329, 2.1194779381558013, 1.0759088658105893, 1.1096855864522288, 1.4045631753607022, 2.0525098162646978, 1.8932137204939599, 3.23420539776314, 10.519798157383594, 13.357862454322216, 1.5871490273319935, 5.784634206670255, 3.3381662927405227, 1.9080031944080644, 0.8895617657306363, 0.9072379199819085, 0.7639415911800473, 0.511290622327389, 0.40141165525869843, 3.547280341243846, 1.7178033892896496, 1.3915412606493565, 1.0936022153732863, 1.862708498219096, 6.3526449811088455, 3.9945752362571896, 3.2369932638182117, 76.16300290952658, 4.635925792473542, 4.142915929937516, 69.95213003471525, 1.8722561920863403, 0.984910324520932, 0.6988951538448926, 0.35177648025100183, 0.6460897625941281, 0.4824892217227172, 0.29470979554112003, 0.36818174144951127, 0.5255420227843383, 1.2174031741693776, 1.3012498886707764, 0.8234174621443422, 0.4876835420012985, 0.6660472782729971, 0.3840424917521837, 0.5531780957875722, 0.8424488552511377, 1.836745732942919, 0.9118454420904787, 0.9511592921892249, 0.4495364544909184, 0.4428226904216875, 0.33699763224358475, 0.25935091699710877, 0.22524510691265479, 0.9537898859408798, 2.6525636953996132, 1.5124300785991314, 0.916482853093035, 0.44509638717186656, 3.7386437437519016, 1.4834169708342317, 3.759223076583742, 1.2803428379301085, 0.666756149272592, 1.4276425222838716, 2.4015629780311656, 1.4073235522175498, 151.03459834561102, 4.660086375935685, 1.2563323874302543, 2.7606475920978397, 1.059527181281012, 1.9162234281890524, 0.9497210467142517, 2.161906592390905, 1.0559740418052137, 0.7792928366691704, 1.3581206635834062, 0.7469430443824805, 0.8042265587628717, 0.3954385750152059, 0.2724680785850743, 0.3547573185244643, 0.3568235435115066, 0.47464341868680343, 2.569410698337269, 5.016437084254922, 2.451531783827367, 0.6884849373686748, 0.5617818419593815, 0.38963306786289054, 0.3376793447270894, 0.4494220079036481, 0.76785131588307, 0.3003691110799859, 0.2383038288557491, 1.0697286162463193, 2.5754558412038286, 0.6851047319824741, 0.5238644887491007, 0.5487249778670595, 1.0534500903057082, 0.4791730345334116, 0.8952681135097459, 0.5038433964027199, 0.30757957145499915, 2.5158240391722457, 0.9216567846794456, 0.9405876534661912, 1.3328991372069658, 0.8083886104203138, 0.8713020797421641, 0.8246837331389717, 1.0422190970252616, 0.9439108800249896, 1.2030769012048361, 0.5693468523135596, 0.6353260033569703, 0.3629113470885017, 0.6808406271386644, 0.25927406240406203, 0.25423336150383924, 0.8467881488164276, 1.0229960517339585, 0.8069895696435802, 0.6397533180789595, 0.2488022740706961, 0.5485416131331017, 4.113773906797618, 1.0787224927589265, 0.46307469082545544, 0.37189136301679837, 0.5051810253145097, 1.0552208907343845, 0.25852726729574754, 0.20826195102065356, 0.20834931416903688, 0.25787503254266825, 0.20068586672303254, 1.7626373539962337, 0.4705356540720774, 0.27252259130675416, 0.20774196447577223, 0.18570191910486405, 0.1836591677374069, 0.229367601910259, 0.2683992522886338, 0.20361260438884352, 0.4025077961121209, 0.20869288154089988, 0.22903486507575824, 0.239707915923963, 0.19475601215051125, 0.42142786286372447, 2.611572127160985, 0.7007853714978158, 0.4312545378445558, 0.6969277221270751, 4.497423504624173, 1.4537102180693848, 0.9093648461579511, 0.4371471421433337, 0.43992367924344616, 0.30635864841989074, 0.3109694618237159, 1.9594779841362537, 0.546057418281376, 0.38993016240332573, 0.6368243456729219, 0.5146133021220597, 0.26519653679982497, 0.3333698932630283, 3.7992457550342893, 2.862878545601822, 48.30078566909602, 8.421637760204217, 0.909718992453571, 0.34785007598584544, 0.39745527218540677, 0.43832388418517226, 1.1670921324298775, 0.49286420552119836, 0.21360582872012698, 0.21553993450338121, 0.16342188459160942, 0.1865539115836457, 0.10399539999264977, 0.12473231383776831, 0.1258931540322891, 0.13586030149453457, 0.11403307440249963, 0.22303839220591606, 0.30752959551429276, 0.16945531817109222, 0.2764839341311179, 0.20536131834894483, 0.16561566010995007, 0.2693135341518505, 0.2665179746465586, 0.1836416812748419, 0.29856161086155975, 2.09624789439413, 0.6673805498770524, 0.5890501864385298, 1.0986450749176218, 0.4342642366624491, 0.6709067260836126, 0.46467983688417286, 0.34073816862076967, 0.2823576318911363, 0.24640710181395106, 0.26518923777967246, 0.2209555894315115, 0.29116737584645286, 2.4135909448720403, 1.0053422198688704, 1.28200114955994, 8.841315700878933, 1.5427540885521462, 0.7422970187973542, 0.9228128593352801, 0.8952748625548417, 0.4907550687279066, 0.33838838495920376, 0.33559403860785975, 0.33942209275937946, 0.2841910753579415, 0.22216951203805732, 0.40662826430108356, 0.6657596587777393, 0.33417124962015377, 0.26329991134677316, 0.18982276899050082, 1.5587575599136394, 1.0241149003481456, 0.4452357923939856, 0.6926593065976586, 0.6859070869622955, 0.9172511744537496, 0.44500292515426043, 0.19393590687907739, 0.36443754009152635, 0.1976833282722204, 0.4359972287420925, 0.44869910128430585, 0.28859827657335896, 0.23155414246644912, 0.18565486545161977, 0.24905712011348002, 0.1943602013666127, 0.30082669421488006, 0.9598283792084493, 0.7606355287112312, 0.3685997726020006, 0.26659632398720984, 0.3111773128946346, 0.15275358732351016, 0.1892619850995454, 0.2636988274290424, 13.575288805544886, 1.064627419920754, 0.6891026208213106, 0.35524315762889974, 0.22188561824295966, 0.40904712192331316, 0.33964797657038975, 0.2977584214020337, 0.2736461312446655, 1.4092215282701324, 0.5630907151859246, 0.6111456802921326, 5.259366245949741, 0.8518921796278729, 1.6586992510910719, 1.294346108550178, 0.21919504689774624, 1.553782623167722, 0.21229462217435846, 0.14156058133015412, 0.09931675414082133, 0.14789181838518037, 0.39160305064737927, 0.12139436396544827, 0.1259427854039046, 0.1807122358813786, 0.1450350035928046, 0.15987953273272362, 0.16232622785537607, 0.15789123444129938, 0.17149571853065643, 0.2440983162165422, 0.23539306635025098, 0.2305399135509765, 0.17217274776602073, 0.20493827405367723, 0.19846281155178072, 0.18558231986628354, 0.1637815019481953, 0.14889246386366176, 0.15611403328193077, 0.13354072612792062, 0.24885143571399646, 0.17731346705166634, 0.9272096910517527, 0.629398446612108, 0.6944904476653074, 0.3315052187455543, 0.322640807746054, 0.20879188946119212, 0.2902408302972608, 0.28762400664245547, 0.22889932929639897, 0.21779516448659675, 0.17658796127686152, 0.15351148319863406, 0.9015444221438509, 0.25693592429839124, 0.17185117573949968, 0.22894781008841394, 0.5979287501882434, 0.5572604830125926, 0.4974591102087332, 0.15387634554881865, 0.39493266840642854, 1.5443003804104232, 0.7139295973065578, 2.3561920004355574, 0.2614310119155898, 0.7690900917162987, 0.13198430882595336, 0.10994589477282903, 0.13294987441796402, 0.1318904227426782, 0.37522121649706136, 0.18815025339864305, 0.2811794855319586, 