{"best_epoch": 117, "best_val_loss": 75.73048201320533, "train_loss_list": [404.0562524352799, 330.96474188361486, 288.06554517161925, 259.3348768533629, 204.07363228763197, 435.774684355652, 128.82816476960764, 13.037159785928257, 11.439544393949896, 4.83123999199469, 8.354634549939403, 30.864647994919558, 12.121539723398344, 9.15787117189973, 3.5391539527951266, 2.9887700703184916, 3.2900023971660746, 4.179081909707578, 2.2008148728780115, 2.967963741735677, 10.347492797236882, 11.629507023241587, 6.7603405097771505, 3.552262052883428, 1.8140366010141322, 1.3539457243795823, 1.080106555015423, 31.389537652565018, 59.01471532472451, 13.768596717377036, 4.480347362976258, 3.0612526869110175, 10.675888188737874, 9.890223466057083, 3.327949243730345, 2.537182841982525, 9.941095639459581, 6.769213959981849, 4.287136384040692, 1.8136446161826623, 40.635662229980085, 19.564969722586476, 16.385423505081608, 14.540756185585733, 3.0731903103408773, 1.7664511762364774, 1.1369823031251896, 3.076590510701214, 5.770058047266027, 5.742291366558769, 48.87742622253471, 8.62027361393996, 16.864487692607803, 10.251857999024606, 5.565260258651392, 2.115221591000256, 1.1293656108440628, 2.1955339932850135, 0.990977605652758, 0.6848088753625463, 2.3506987039435345, 2.4520500058841908, 1.3571508421134642, 1.176942919633118, 0.8975799272096131, 15.44028296991385, 6.72648070309351, 3.913016776528042, 5.104211149864074, 1.1920011043344372, 0.8758105185998073, 0.5165072819603331, 0.4948577402548055, 0.3959659569042015, 0.47830612031372, 0.7531319060289885, 11.603022479740405, 6.6302482230428454, 4.245184755109618, 0.9880589174573375, 0.7735268338219257, 0.9872577266273841, 1.2862255990304197, 1.11902853687583, 0.3975343019574306, 0.42272851479225804, 0.6385049256012322, 7.884008475185972, 3.8161290108366237, 2.657043081851281, 2.44983323150452, 1.752765796621683, 1.8776404878158897, 1.516962623625547, 1.4571987467155467, 1.3978193182199874, 2.1521899409614487, 1.0976756661211398, 0.5063755854645173, 0.549481882994129, 0.4113049114828957, 0.32629976410075734, 0.4064696983090049, 2.2799995945773746, 6.586471467153419, 3.4516349087741696, 2.6131256106170393, 1.7435980171539545, 4.246533950844209, 1.8661184511756488, 1.1658985499243155, 1.0359571972393633, 0.6533624606938511, 0.36218086497048496, 0.2628049443650999, 0.5834326512380892, 123.65707969575035, 3.9035356268280323, 3.0874012313109906, 1.3773250357088747, 1.587161608596813, 2.861151043122407, 1.0912727722082072, 0.5651377474540561, 0.411031157470745, 1.6742884919136698, 1.2888403709925216, 0.7005069071647952, 0.5785659172805525, 0.39833792565721515, 0.30474668761328405, 6.535954140440045, 2.671740574476806, 3.1374156251913474, 2.185708844691068, 4.912967985467686, 3.1779733380515776, 2.0944835505795685, 0.6589029437584336, 1.3691368810494273, 1.266635494376403, 1.0826981119221233, 0.6996632932158431, 0.6359327622158433, 0.282409261464594, 0.18778512248821252, 0.29107250651595934, 0.19995939019708486, 0.23785508769897373, 0.35790247960985344, 57.5117605248151, 4.24851544277571, 2.113714861624118, 0.7903389792019856, 1.0735100967751325, 1.8373831558023326, 2.0470773442839403, 0.9995929623849897, 0.5122208437649035, 8.158862434736667, 2.331420922534624, 0.8497438957195976, 0.3517312892993844, 0.2681486587003033, 0.3907036585853748, 0.6558922842961817, 1.8266232054238656, 0.6292225363174139, 0.6535992237740461, 0.2938567958411619, 0.2582963488511023, 0.23526085523278223, 0.23100997816316576, 0.2471515107359059, 0.24365306509383486, 0.3978881650864759, 1.4460333615388299, 1.4284531690400468, 1.4756374834717214, 0.9882719033701262, 0.5136022623856522, 0.3195546884289135, 0.26139460115827123, 2.8513677692209116, 2.773463383172768, 1.22623596673604, 2.9051150406274857, 1.8897522954961856, 0.4942236101273168, 0.32181405533488033, 0.25535534780687896, 0.8985486651010955, 0.48887564793899174, 0.3093041727315371, 0.4965640054537857, 0.40669861737104246, 0.26263668680982366, 0.3001009297728283, 0.2165670161175779, 0.30557591729312816, 0.17688143510187973, 0.20934120216783797, 0.6048242693928886, 9.20134631941099, 4.414091694898728, 18.086870527726933, 3.4623366124114336, 1.8616404881033193, 1.6329855211975743, 1.1543218951345255, 0.6455880004231374, 2.3481698351211415, 0.7494826999127993, 0.6391448801685707, 0.4894035116307102, 0.34349900764112046, 0.5041207024463048, 0.461279888399408, 0.4176282881275298, 0.6138628943178333, 0.22980326441166488, 0.29302449485634074, 0.5062809544910201, 0.37723957175552464, 1.4102632635669101, 0.49161841063893835, 0.27039300776172503, 0.1917306376537368, 0.4244469292040683, 0.2996315516288965, 0.30674437025518053, 0.3888934471341731, 0.5022198131291208, 0.5046820589855345, 0.7044655070863903, 0.9584163941675897, 0.9181268649425446, 0.7578864730668017, 0.7221505908441492, 0.662624551966563, 0.5825617847127373, 0.37227380068705473, 0.6479302092434188, 0.4166397729739387, 0.3268925002300254, 0.5965256584362313, 0.5917501920474418, 0.5216157301679668, 0.22501869084014373, 0.23478746083120336, 0.25314875304890394, 0.21348624263046512, 0.2129335859405152, 1.7208993746895478, 1.936828426259871, 0.9526217871559763, 1.8228061823939359, 1.2361745391821197, 1.189598965210884, 0.8186337800524985, 2.1514697644006007, 0.8089826416982062, 0.4746942506449764, 0.212178971132451, 0.4082671503512073, 0.25715054542113425, 0.21473890878786622, 0.18893825309147672, 0.15682955787543057, 0.14825564051210496, 0.1646751292656142, 0.2068524861469769, 0.23272035131362573, 0.39451181512541383, 6.461351584659399, 1.0057365704262409, 0.9629641078779478, 0.934991019060576, 0.7551774513185407, 0.4109080556417941, 0.27276494346575003, 0.29823996723559737, 1.6423950060911685, 0.8120493340511393, 0.9166861503276919, 1.4358904130409056, 0.727034184474506, 0.3235736890043066, 0.4406564763376621, 0.2215288812026573, 0.2496936830948456, 0.22160737410570622, 0.18024142574128044, 0.46155125816609927, 0.19343534775636692, 0.20659030792672323, 0.2563299147294918, 0.28171682423200034, 0.19989237331252793, 0.8535359193381457, 0.9575054455824531, 1.009318501418995, 0.673228843310086, 0.28967188423272117, 0.19829544242128444, 0.6102637987933272, 0.5164917253216278, 0.34733303467310345, 0.17996196908082582, 0.1937903370001459, 0.4479733537581033, 0.32229467164477776, 0.16167985659092665, 0.16922275298165368, 0.17651576520129242, 0.20148911568382058, 0.18423611379920543, 0.2554865027290851, 0.3359264573362323, 0.8196747235133766, 0.7732564746255027, 0.3980805868435276, 0.2490286601205582, 0.241077216212544, 0.15307999507103282, 0.16079903819017927, 0.17908828081973935, 0.15346997218609368, 68.6337385839626, 0.7025419766594689, 0.4178055998976532, 0.8870404232502367, 0.3980152379234802, 0.23554313746075559, 0.16833402024697697, 0.5952800211815334, 0.4101909963153223, 0.23537809754999023, 0.20064595984474495, 0.15429084031026993, 0.17636704536781067, 0.11575135143725022, 0.2244957773661843, 0.24323712396449398, 0.14356017795712459, 0.1602799093908365, 0.18682629781836999, 0.8025483654417114, 0.7522916836112865, 0.7208207384894185, 0.2261070906382046, 0.1862744851372099, 0.2419887917394684, 0.20317587009589216, 0.133979519377652, 0.17555964305286936, 0.12685663647518933, 0.11806567945974286, 0.13596807045650686, 0.12922055872121319, 0.13098015803054008, 0.14134783033257634, 2.0768520454038133, 0.798247857468095, 1.1497890274032025, 0.399337719594641, 0.2436554418322361, 0.29868076876260546, 0.21980240849407123, 0.27943180596037137, 0.42038850076113704, 0.13604842073944193, 0.26710157388793326, 0.29109166448453255, 0.446337119392588, 0.2407972682249878, 0.15898037610132829, 0.10201656254754268, 0.13424891839454017, 0.26205873614811287, 0.28097391941451033, 0.17451902368123898, 0.18353571048975628, 0.3640790132618244, 0.2431952886018559, 0.14698205114288426, 0.26009394660799484, 0.16679230486842497, 0.44293138051792436, 0.4553698589714998, 0.2725786650295686, 0.28999048758401863, 0.20749483711012426, 0.13516442437674173, 0.12266433444384653, 