{"best_epoch": 151, "best_val_loss": 81.15543851984769, "train_loss_list": [403.72442736868686, 351.7926569566788, 284.8122923040288, 203.6482300191875, 97.2232919267005, 201.3735359850277, 206.3718079293923, 155.39714860348425, 80.38838611182105, 67.76724073714311, 7.365390808725255, 17.108866107382152, 23.87057979802248, 7.830193035265618, 12.210689120323295, 28.12629969912627, 3.28727843688438, 3.1839312033479676, 21.275539920549576, 77.29462693675937, 16.4195632281089, 4.757946639844641, 3.3997643418485652, 14.663798198684635, 5.884225144376081, 5.063975927814426, 2.8239137234064957, 1.8685114459383922, 1.0879948189095205, 1.268550882079106, 1.4241913741290952, 6.304900378925642, 6.118347213176384, 3.2314520001054063, 1.9366028673056617, 54.9970931178242, 15.72134651237688, 62.46221352640516, 3.866376832118637, 8.771089813974736, 3.2333834226202915, 2.0699468003401664, 32.19454194799991, 4.680673865720598, 2.3316765316472066, 3.11881213727804, 4.665227031135967, 3.74053381440471, 1.645328284535214, 1.124225715968032, 1.5640022582849546, 0.7568112616761083, 4.63674333587576, 3.8992757907516187, 5.487140650999367, 5.360492665915724, 4.509503377573903, 2.136933012891888, 6.05684776007108, 2.0448109856228758, 1.5382291672571824, 0.6894062906465388, 1.2684571404225438, 0.7585763157460623, 0.7427307219704418, 0.9520507081813424, 4.639660121798515, 2.7570423255883143, 1.6467117140430965, 6.417040937138318, 1.234081612263808, 1.0521857484032817, 0.534234191462621, 0.5573459268007148, 7.245463585128621, 3.9579132628696123, 5.59707032877577, 4.475034116713342, 2.4795299624733036, 3.4524464177983223, 3.3465820534811286, 1.4484720850641772, 1.0315398867584653, 1.1619287986558817, 1.2536398596018234, 0.44381987252123095, 0.41650688698511307, 0.39984714481285605, 0.335368938230345, 0.3173963873091551, 0.4731554676704029, 1.0676650831837216, 0.8406813745171916, 0.8090700118444717, 0.7552885449021991, 1.427057232306652, 1.0207922667622311, 0.7774184994785638, 6.554934821050989, 1.6402095688538072, 23.557580392723803, 21.750065273730605, 1.8409853087911259, 0.8833329784940346, 0.9840357383970786, 5.070560329501583, 3.3827581640484503, 2.0126341840771587, 0.8655893408614002, 9.138877370709142, 4.478586319787088, 1.9616240737524993, 2.2359561854026557, 1.3323167211876692, 12.718595300686946, 9.31664980142479, 2.6534304575338097, 2.2216110308905486, 0.8579794280055504, 0.6205020213548326, 0.7354735980248298, 0.43453760837653466, 0.4467406224515249, 1.0859668074468474, 0.7823870838936059, 0.41589149637223566, 1.047271924413246, 1.1143123772229833, 0.8099115867048056, 0.6015516454195184, 0.5130082596986848, 3.1880171868300797, 1.1988485834991651, 1.4930438019408658, 3.369179012926028, 1.6337985734223555, 1.0876498061475968, 1.8245752913385183, 1.363078789840227, 2.5094049225476365, 1.799386741166707, 0.869511921543636, 1.309899745273705, 0.7314971006497326, 0.4236980686529801, 0.4042256776736431, 1.0783795604052329, 1.410260518405754, 0.9956520180905146, 1.12019702253939, 0.8492744374926137, 0.2936318321666447, 2.2361649287002243, 2.347386806628944, 1.009189756891712, 6.308289771080017, 6.195852676346675, 0.7485134266109487, 4.575881479007274, 2.174495973022898, 0.9685824152086991, 1.9938887038137725, 1.545233716283161, 1.5523844491931305, 0.7730656631485553, 0.30695408903110205, 0.3375124309484785, 0.46866873370631096, 0.5444665757734208, 0.3244059417513249, 0.2724323369500405, 0.7451390018108315, 0.5727803563829152, 0.4046047687881508, 0.4641053333720571, 0.31206029272755925, 0.32838989003503605, 0.3856543189140408, 4.647341278288553, 1.3324579220512438, 2.262082656972924, 1.9321831903672064, 0.9195187837568289, 0.4165627808537039, 0.4203246757558824, 0.35103346887696735, 0.3378785143597989, 0.4093278672250997, 0.20742098254576422, 0.9898001309399687, 0.5249202863645502, 0.8766454572276845, 0.8742238814417249, 0.3400717601899608, 0.3546782654932275, 0.24348002169033955, 0.22575808563901859, 0.22645296336672163, 0.892181832852915, 0.6535062249761067, 0.6338817265578716, 2.7299556882886864, 2.3920095338058167, 3.9943442939818543, 2.8460670012605775, 2.0135869733743545, 0.6918270103394092, 0.9787798370172048, 0.2900247529447398, 0.18668219128914768, 0.32169383768159776, 0.35391508270254485, 0.47046076023476535, 4.754121451799058, 1.2218152314845705, 1.4122009294242368, 0.721561369613866, 0.6155479427719014, 0.4241506817113664, 0.22735932900392844, 0.611603755056858, 1.0792225763163423, 0.339509243154998, 0.18954740154395394, 1.7910635615377917, 1.2555287593590372, 1.0697934842167116, 0.5454858702708363, 0.27132632891932695, 0.2530449382456646, 0.19652751881637207, 0.23111912804207022, 0.328073736359814, 0.6392291097378067, 0.33178662604307335, 0.31613969796985325, 0.8425427371805945, 0.514080173788668, 0.21179748270732432, 0.1991222355350437, 0.17745956384044387, 0.15272567530005085, 0.1748060065354729, 0.22464751024572957, 6.131338295369893, 1.1088509068397179, 1.0888662279596677, 0.9167637811071485, 1.0478105011741916, 0.30643498798541136, 0.21487132855270225, 0.2590795925313834, 0.1618705342528141, 0.12027893308262945, 0.3879756021809144, 0.33818533896953185, 0.6211701142117859, 0.21872479314435217, 0.1668292534992705, 0.14812408308975192, 0.17696238055155158, 0.22854562241783488, 0.4401935158092409, 0.29205900593794387, 0.33112638042765075, 0.17806670948607764, 0.18557117158838207, 0.20896510564365148, 4.117575313769265, 1.5315500808081228, 1.1890779428206368, 0.8130325453190783, 0.6337477376597597, 0.7182476220031845, 0.31704817586357065, 0.34557822011889816, 0.47229294450861864, 0.2596022409781399, 0.8956778332354935, 1.355209100429902, 1.2441787846542782, 0.477502622075331, 0.6404907581291502, 0.1792956241279266, 0.14852531216448328, 9.203134320928402, 1.4440323976046012, 0.6756884106578868, 0.7120868552445855, 0.7910417987664711, 0.5175728891965409, 0.26311323696272787, 0.4784075767465526, 0.9739407980464383, 0.3990547553899776, 0.3482846906769231, 0.7169452737204778, 0.5244889895700924, 0.4260437528337541, 0.18821052057584808, 0.11423003697692072, 0.346254366523321, 0.3787458783124097, 0.18157885887765782, 0.11896891831234895, 0.2253707077193056, 0.27055692471324505, 0.14736177835406086, 0.14334468412562024, 0.13210592960735396, 0.17875382172761434, 0.15465507563610403, 0.15018578033742735, 0.38682545787772477, 0.3444610768712945, 0.3004583032030365, 0.31004779668704346, 0.21663654075349167, 0.6144478522544244, 0.622230462386598, 0.6728744348366715, 0.5390307703687623, 0.44846186037907254, 0.15103491465048566, 0.3226601969187469, 0.15848713887356844, 0.12063798357479322, 0.4086199623114994, 0.29590274466197675, 0.17341269670800172, 0.22472474522330266, 0.3908932037852561, 0.25566828355448407, 0.1887161116311586, 0.13721263400779546, 0.17085922284638091, 0.21859281993142032, 0.19389071886302062, 0.13066664553747953, 0.9974686454884245, 0.781178917805056, 0.45013806913757987, 0.3818963288890728, 0.251948061595637, 0.41801374239539946, 0.9683567300075127, 0.7106992388417749, 0.362018190959281, 0.205450995146622, 0.15840555542972282, 0.10216998399500546, 0.12097842749144395, 0.1476213819524014, 0.1551934692571518, 0.13291314425254022, 0.8477978323269196, 0.8328361865141024, 0.34397190176636555, 0.22401509381750923, 0.18899777453655986, 0.16110155838396106, 0.590944727580412, 0.13616011042139897, 0.1711092484389019, 0.10333680735809261, 0.07580537069293748, 0.0776528951482612, 0.12189183054631476, 0.9035418326495419, 0.3986567160334015, 0.2419201375071829, 0.5202645310102234, 0.264980313733252, 0.2535130432592725, 0.31883199073198776, 0.15516058466849925, 0.11734715104007364, 0.5591352047680277, 0.5290690134711388, 1.2913412488623657, 0.5422951098874499, 0.5039260453840905, 0.38847595439509863, 0.2379277808622834, 0.16436270548106516, 0.19541842603844609, 0.09506121414926948, 0.10355694628757378, 0.4687588348123195, 0.2696658925393026, 1.1519016980365462, 0.40779710596582874, 0.2899168398401977, 0.24709827024258307, 0.20221424003608318, 0.1281969371699674, 