{"best_epoch": 183, "best_val_loss": 53.43162112134959, "train_loss_list": [410.1686993541388, 331.6399072217984, 191.00049138429605, 164.7313785175577, 202.52456922897503, 63.284575053795876, 23.195790993028282, 18.675728124509536, 278.7238480713828, 188.08488745519685, 60.11750175017168, 26.939720043309357, 10.622254797705613, 5.9638096177045465, 6.214897178014222, 3.7506053218484574, 2.6419358577700036, 2.1588062101745256, 1.816173241328027, 6.829459825958158, 7.060468677860051, 3.3178177629784753, 3.377467914621214, 2.1583651452101478, 2.3216369094516875, 2.1268761754776255, 15.48426577020107, 11.32147043364692, 7.494950573131473, 8.999869096687076, 3.789840056418178, 3.60895804787015, 3.7351634230285526, 1.7702984955976941, 4.774070344974134, 4.215162527275788, 1.4650733648560874, 3.96985712243845, 1.9495861822583445, 1.1913129702830112, 16.255763134724976, 25.371912590992455, 7.037436672960023, 2.004734177115418, 15.301877254569058, 8.009248792193391, 10.308448392332245, 10.603897914051107, 2.379989561127633, 1.7448291980635406, 1.2171866984953283, 1.0291042947795714, 86.7735993169713, 22.176987736683298, 13.709188700232843, 7.094675645668087, 3.6208004948745587, 1.6696218347834328, 6.067661425063756, 2.402005503756254, 1.37335474539354, 3.6903913357900224, 5.025383825141096, 3.68130756919083, 1.5235633065554615, 1.1721625689271455, 2.10864131055816, 1.5668400827886368, 1.6968260997606934, 0.8250074805838223, 3.4016693262396505, 7.25525694575099, 1.9088702049966164, 0.9362046944364459, 1.22013915797201, 0.8057375857277462, 9.153435024213339, 7.756881637064526, 2.817902260287767, 5.102568116332128, 16.960768266218704, 7.2150717952419, 1.905022552795732, 1.4725037964297911, 1.306144853081329, 2.177401449882482, 2.2766034321624864, 0.8364611198110363, 0.5817569438105625, 0.6217073618901726, 1.6371407372710833, 1.031105186281748, 0.7599403809682169, 10.483589284526126, 3.0156506999407795, 1.5010570937818601, 1.6856096457407441, 8.182456712632614, 6.351621337221891, 3.3882999868068793, 2.469880308799072, 1.5937343775770374, 1.1487678048013874, 1.421160205996864, 2.151103112328879, 1.433644825382592, 1.8833420086329593, 1.0186067069221132, 0.9830025304339405, 0.9863021360908343, 1.7371032497668053, 2.825941914105304, 2.585264365407398, 1.9031028582432616, 1.3991113230308438, 1.5444069972992598, 0.511980158014838, 0.6624608939369412, 1.3644509724004248, 5.752201238402596, 2.9701709901565625, 1.8568616834217013, 1.9536908459295026, 0.8060587909746091, 0.45323168263850855, 0.45356052425887877, 2.641220236417211, 1.6194197098186907, 1.1132166102337753, 0.685330636989836, 1.6448443406151216, 1.5046793669122367, 2.0137584310238292, 1.1625634252455788, 0.7404134585146579, 0.5476703804457457, 0.8271476766862391, 1.343187440231572, 1.000898916858096, 0.6895138527898851, 1.3242693915928072, 1.1828351754826325, 2.471921740012754, 2.696881605520997, 1.7301326374392871, 1.1497332087443408, 1.5979698591377502, 0.9753992520165834, 0.8748783992253293, 0.5805210525894238, 3.786322281712934, 1.1115483059640578, 0.9301018412659917, 1.569293842851143, 1.7409919028066023, 0.7504115702250213, 0.4293591498114771, 0.5865010556639775, 6.981436817600983, 1.6797715357830143, 1.5942218382487645, 1.4902799180476085, 1.0010313889948048, 1.9451363131999357, 0.908485280899893, 1.0905025575731677, 0.42375556833024475, 0.3731480159334603, 0.3155326713016163, 0.6208122455221359, 0.2642779371566881, 0.5103854708722319, 0.43023551722876885, 0.40753096246669007, 0.6629711522539388, 0.819640925367007, 2.5107892726753156, 2.5334522387926173, 1.1327886191255414, 1.0750073922614638, 0.5171511053695654, 0.41738882849483633, 0.3905539365052217, 0.2655997191649094, 0.19807203657134728, 0.21970698351671575, 0.320069323535301, 0.22164146339346028, 0.22375202831953842, 0.2891021057436224, 0.31228256146130945, 31.040383270804345, 1.2851616008459048, 0.5817662055048015, 1.0586883837200087, 2.0628775437722076, 0.6503630757853252, 1.0186218291388967, 0.5743289721158134, 0.8675783209075427, 0.35977541997197826, 0.2302513594025839, 0.6443245827349494, 0.2223673810465769, 0.24701241091973247, 0.18961320950605523, 0.2258252175595032, 1.5619042226959743, 1.892931672678121, 0.7109654846854591, 0.4292652244770612, 0.3793564257352984, 1.6075105068598003, 1.2552595152398587, 1.0920395543172179, 1.7228450042539565, 0.7208009822000309, 0.9539568101841814, 0.6354238460945049, 0.3371177697376733, 0.2537983725212562, 0.46094124490164085, 0.2847823356400893, 0.327071313406396, 0.3024153633958099, 0.2243895240332581, 0.23033731769489738, 0.21791411400041702, 0.23321307674602368, 0.2177227081189216, 0.26567431869896874, 0.2908740296212872, 0.28994654625899285, 0.24595520114507405, 0.28252553918184603, 0.41824402282863843, 3.22861809723816, 1.3731783978362462, 1.0435408984483516, 0.7845324326466608, 0.4972511026276767, 0.7888667191821079, 0.9221272922526121, 0.43908261864595, 0.8151162435060967, 0.26094038492307414, 0.4283134662518097, 0.3161623573074367, 1.3145065290685936, 0.6958820310730134, 0.4880951602418607, 0.2330693461132068, 0.26487626022835903, 1.7467344854319165, 0.34850547066479864, 0.45740286476217357, 0.2381910900431589, 0.3431589275863695, 0.26331429726409605, 2.94287273019094, 1.1024403636892584, 0.9824586793607376, 0.9500718634889755, 0.4033031627230126, 0.7263424124196475, 0.4768858509231323, 0.3245594223388536, 0.2138431065195443, 0.4314244421151658, 0.35393519557009245, 0.17780735031219588, 0.21895241564431459, 0.215801772311259, 0.46231371046036873, 0.19151125118583778, 0.35067815605586583, 0.4178287530407808, 0.2175414014763706, 0.21472225735351955, 0.34031299589281344, 0.3501359067052824, 1.4232428237021064, 0.7558912398434257, 0.2881159809030281, 1.2129064297504668, 1.093066510873268, 0.7821124348313362, 0.23496126031691428, 0.20625437958934786, 0.21392384204292994, 0.3587329998134796, 0.17738865784339614, 0.31418862234316186, 0.19152398535041956, 0.3285640886703522, 0.24455146099039052, 2.6648777311352614, 1.394394090202503, 0.5949683969040194, 0.6660094497772993, 0.31328322812535125, 0.18682382416992116, 0.3817489405915979, 0.1565225874769234, 0.14833834293347922, 0.1068168770582667, 0.16995487325948885, 0.13563049002288285, 0.1403451577577078, 0.2992040551506448, 16.228775887666686, 6.137178170803182, 4.59890883404801, 0.870186446026932, 0.6062232442559965, 0.46117256655574324, 0.7470432851058144, 2.744177363595938, 0.2664756383923163, 0.25671506282675255, 0.4554411005618853, 0.27714135839209636, 0.2322658114312962, 0.14725289880161066, 0.16367578864814925, 0.11686865706172254, 0.09506653974378301, 0.1858693969117811, 0.27378637599289135, 0.19724717319819482, 1.360091269493315, 0.6218731004301703, 0.47024296520158915, 0.40189665913110545, 0.22321054156510825, 0.41523232733771137, 0.13647037514134533, 0.1247481918830374, 0.27208054035884793, 0.9625680730480102, 0.420095372256939, 0.4136862551088333, 0.2381010107685526, 0.3371857043759839, 0.38018765269903, 0.20494467287325846, 0.23686769013014478, 0.22712736522708749, 0.24406744685939671, 5.1668967596248105, 0.7280160540022341, 0.566149001763747, 0.24633359021698542, 0.2432218358908888, 0.16852487520543666, 0.1361762813326228, 0.14940499657639547, 3.0214647537739436, 1.19726689524342, 0.5212710847221119, 0.36841784314952014, 0.7331687451180191, 6.7434926283523415, 1.3779999451025957, 0.551911036737665, 0.29789675421822304, 0.40868093802503225, 0.2831079064509766, 0.1796764966842832, 0.14177892458775074, 0.21492303661066178, 0.27132959388786954, 0.414141624538915, 0.23482454141906736, 0.3206499986447621, 0.45661726960652843, 3.8619673911422585, 1.680316858825806, 0.6654176362558623, 0.36243166720408554, 0.3115310032096015, 0.19954887826931114, 0.26038538088052066, 0.22957093902793002, 0.20620490515556672, 0.3008943024110608, 0.12315217716325565, 0.219180067525179, 0.1694498835845903, 0.21844106992402956, 0.18534362416407618, 0.5082366927169703, 0.5557510549991288, 0.5161480794543998, 0.24015676589638263, 0.14376543390120797, 