{"best_epoch": 119, "best_val_loss": 122.54444940673594, "train_loss_list": [712.9674503091643, 590.7580931574595, 421.122009039303, 233.36479337743643, 301.3977889762435, 134.97966035962733, 30.779425902404213, 12.611138783255207, 8.431033655501386, 9.26836389551592, 14.80710462053673, 8.13080333591738, 39.44433827091628, 60.74588117126101, 58.66992987264703, 34.463112045766, 10.575032119082355, 5.0310219135589325, 3.2797395053566016, 29.666150154426802, 30.754020499674592, 12.470016965172144, 6.021426262106393, 9.552916394244363, 3.600236720994451, 14.29541793408177, 5.746420124449246, 3.9858089124800546, 9.593188373249825, 3.618431111905625, 2.3322014224899927, 1.6517971950063073, 5.990374328268229, 21.237165972177536, 91.27220875084785, 23.32343691461086, 6.241391277404111, 43.05736710782316, 9.966554623484724, 3.5138378321876864, 2.5065124795907234, 6.027657855317252, 2.615030669340577, 16.004965687975943, 6.437687316700663, 4.641951241770558, 4.194970069293971, 2.180038386129956, 10.903159639744377, 7.857794902514501, 6.282269971412256, 14.088885078747127, 5.564580172390962, 3.9283006965100595, 16.96481693821794, 5.4312190757065215, 15.183445433060808, 14.339952856612422, 3.9681092428251774, 2.577433047220484, 7.126261281763707, 2.9385993060869646, 4.875997457759703, 1.4582802817749412, 0.8138258285835481, 3.516955068407771, 9.485738744746797, 2.2180232969620657, 1.426241699401799, 1.0070786226311532, 1.1484488998420683, 1.752924828579086, 1.451495010569635, 2.5779548569313286, 1.4036923361520726, 1.7522895978074053, 37.32389252571494, 6.9287657241830685, 8.347760061980765, 3.23231263838262, 2.0440405725675266, 1.4698010740675729, 1.5465202627613324, 1.7090068531754217, 0.8161384113861451, 0.7700462479552299, 0.7973515104769363, 0.6961254271141308, 18.8526784509728, 8.22888300424623, 5.625024557812468, 6.184659115211004, 1.5621396445136462, 0.9875944328540918, 1.0738319906324456, 1.4631332199331464, 0.9998443632548287, 21.695496918522135, 5.7521171285062636, 2.3175328529487613, 1.485869532493234, 0.8268219355510218, 0.8280100585966428, 0.5758874560051571, 0.6998693732257354, 2.130633712591561, 1.2405497523680342, 1.385234834142168, 0.8841662210211253, 0.936779194681033, 1.1717028478493556, 1.1330332121921456, 0.8119553206305409, 0.6453372451930548, 0.7668528555601591, 22.379143187905683, 2.759273202163417, 3.4543031978476475, 2.854021629923043, 3.3718560669803943, 2.1914490024825684, 1.3334261707974642, 1.2625954390137581, 0.9194281659211442, 1.2622751004831496, 22.50719376495576, 3.154993282832948, 1.529888587152505, 2.0659200814604257, 1.3561416852416264, 1.1543116592127018, 1.7859466740957823, 5.665343568007886, 1.9877361093683157, 1.0416701614682493, 0.7556017674050999, 0.6862738819872561, 0.609333046124166, 0.5155556023394027, 5.401564248007362, 1.599334759259026, 3.3277497258027915, 1.2020162586389995, 7.892334089874315, 2.9278349144881815, 1.3478645589835252, 0.6792027674402545, 1.778991899575517, 3.1074100178644675, 1.2329421550328408, 0.7621100042569744, 0.6102018248800537, 0.6133686783336828, 0.6710298022546397, 0.3872624526401126, 0.37718666354860797, 0.7161508893201737, 8.849428342452276, 2.7663828768881134, 3.1323106586703386, 1.5613483413492308, 1.2945334520357683, 13.09416584844164, 1.9053051279933302, 1.4943303763413307, 1.0535404696422233, 23.894071897742702, 3.0463832949511835, 1.52331740674975, 1.2856521426647285, 1.5044890828295037, 0.8256566928909179, 0.6162991107628276, 0.868698849191073, 0.6875238463121761, 0.9673613180747466, 1.3014696262394894, 0.8430908461179492, 0.7587416896899613, 0.542860651565464, 0.5598155833457521, 0.3509682844517762, 0.3642073868449556, 0.3385954031969573, 0.35829577734863405, 0.4415384704756315, 0.4999883453355667, 0.545771187229974, 0.35483911999622664, 0.41617003410015635, 0.6931431224159081, 0.6505112931889532, 0.6562010496893074, 0.47540747540322015, 1.088664706037118, 1.0526822178322905, 0.5154256180917659, 0.37242010762343275, 0.5283769333069075, 0.44829178648825363, 0.32037212922747926, 0.30247003051842314, 0.42418093208772906, 3.981093734624049, 7.0647082638077325, 3.1837481396324074, 2.092739361128392, 1.0580728788587275, 1.3878526934743045, 0.686673111645301, 0.5320933260069225, 1.0203474613022327, 1.0330755669470288, 0.8157871886478348, 0.8194453532462626, 0.5853696001219828, 0.6063177554252186, 0.3288144142725091, 0.6237779754503608, 0.4250497656377246, 0.3224284772750915, 2.128867460587478, 2.3979846182775844, 1.3700205303970774, 1.208658400531004, 0.490080983927836, 0.5761008709448937, 0.35691761745341705, 0.33800073104818695, 0.20496787453135937, 0.2991896482521415, 0.3272994612909008, 0.2267485251826116, 0.28248162904349905, 0.6801040038811715, 0.38896070586169557, 4.282718681675246, 1.7383074178137234, 1.6018626021569973, 1.3563663740268028, 0.6012920870616904, 0.637972856013614, 0.6248247897939854, 0.450484354455177, 0.295759668293411, 10.954754579036086, 2.015163488702359, 3.858411046538528, 1.7956827653574277, 1.6180532179414508, 0.5782832215383794, 0.33406527318330675, 0.2454456511513659, 0.485177829835475, 0.30176185927308685, 0.264552617759898, 0.1978691818303567, 2.0550583308595582, 1.5425931911402913, 0.8554996656937358, 1.0221010895898341, 0.594832486786576, 5.299241730908141, 1.9660853488633472, 0.8372374978206059, 1.1189300488289549, 0.8559542830071871, 1.2620954884660451, 0.6237515708118648, 4.035727952960974, 5.8348124177846525, 0.961293814727196, 0.9829361759540374, 0.5651365817036714, 0.6433739121187227, 1.0014454571256517, 0.43022968706441256, 0.5183455796010147, 0.6838962373421981, 1.1618363118625064, 0.5224033501682078, 0.372606557830731, 1.2131566692406455, 0.31896634091133275, 0.24672154058851906, 0.32989776944325583, 0.5803181688780747, 4.62532701424508, 2.1998290674552488, 0.8448550369538828, 0.30237515675060905, 0.9954721290458474, 0.6434238149246708, 0.48811817035192917, 0.5441079046194299, 0.4469870397267197, 0.3023799056860326, 0.27568264676317716, 0.2608777109195785, 1.4825626050972753, 0.972735469105351, 0.8697214663316541, 0.5309320602838352, 0.27601189641569546, 0.32288065954740974, 0.2128981106058883, 0.46879580739196797, 3.448885185288956, 1.7590235696541603, 1.9643956534132119, 0.8323318365031307, 0.4412606522979226, 0.43774241516040724, 0.9096976700831805, 0.8174715670032049, 0.6859423020594768, 0.5580478578941859, 0.3460347562367168, 0.25227916916203147, 0.27139498848292404, 0.4279013824529454, 1.0151745074607432, 1.5037919220612836, 0.6015035278059386, 0.3325702075707806, 0.4131150986956036, 0.25516433728730953, 0.27346589832056006, 0.36032847246307753, 0.49993971901424406, 0.21499313629283442, 0.932049949365901, 0.5202342887657567, 0.2910384199672544, 0.31129221899458936, 0.24553901832093658, 1.929056106592594, 0.7541534833195551, 0.5526514101253852, 0.5054543503318052, 0.32725973832755456, 0.27568035724058815, 0.20375313209117293, 0.8096235016948574, 0.16068348743527575, 0.2066447812988234, 0.21800518314635287, 0.17106986502208998, 0.23590912884952062, 0.1719125798936153, 0.1942106638501956, 0.34199448488309675, 1.112126158410378, 0.7087400613755596, 0.8940277810669315, 0.2969559386799836, 1.5843656994710336, 0.7577267594007185, 0.6565650023039433, 0.982196506376228, 0.4748232763703668, 0.2802927511050526, 0.19836203475696199, 0.8112117571008681, 2.4380961400859387, 0.5865729194932374, 0.5122253056558952, 0.2719117619577154, 0.1855444960073425, 0.541135092138066, 6.954397671744821, 0.8415578279592079, 0.4074562595849824, 0.5984875609847513, 0.8082474662811318, 0.610122310916436, 0.20959089473658124, 0.24682033659872027, 0.2073299646935344, 1.3211746818623626, 0.22240566242724125, 0.31966735637522625, 0.1820912558250833, 0.19918653246536555, 0.20917966254631468, 0.555083149895624, 0.35825552272761657, 0.5907135807522447, 2.079572105619978, 1.0229343501706172, 0.36862015487707805, 0.295459631741426, 0.5175848812425824, 0.9588588586317134, 0.7016809624374676, 0.4477756495360052, 0.3620543900419015, 0.3301192535079249, 0.2057646699853634, 