{"best_epoch": 68, "best_val_loss": 67.93749139809978, "train_loss_list": [2288.0115288304373, 155.67571840731563, 92.07971961518435, 62.55186404303225, 48.642139849637374, 43.58717197954972, 38.18404734990172, 32.74710613311701, 27.66004357536696, 22.714102926466467, 19.226324217403917, 17.172191231350133, 14.61672940458933, 15.651762220860276, 14.029097334414356, 13.712685288847968, 13.205309598582623, 13.001895102689499, 11.102061513448277, 11.531169342643524, 10.652029270589333, 9.512626718182206, 8.629537998266409, 11.068195106915192, 10.166442223157079, 13.483738761305323, 9.560284019525206, 7.721601933903995, 7.68671263142164, 8.500825002999637, 8.651148477791619, 7.652125473345234, 6.932359548169444, 6.538196452020366, 6.39328244620825, 6.838783884302496, 8.835727817770906, 8.349779152339694, 6.446752649906174, 5.861137541810086, 6.425484945541712, 5.949646489218984, 8.580873404652001, 7.757310943519834, 6.25429623039566, 6.464151287855903, 6.05851477352813, 6.385206523639436, 6.347328880295713, 6.603251443466622, 6.459168522307881, 6.123978016033549, 6.047190089989366, 5.639041529445953, 4.977495714699875, 5.125435264608921, 5.224694448218231, 5.07433448350381, 6.04360778441589, 5.5333982734835585, 5.7703700975653, 5.354618232103023, 4.996224621551906, 4.913065428272081, 4.064883278291153, 4.831364831144404, 4.943407929231291, 6.192954094049065, 5.428928211317358, 6.063089197386548, 5.999814492264201, 6.153753186348126, 6.0413924719016405, 5.662582458130284, 4.9125108526104935, 4.544913776538769, 4.458897318073442, 5.301342935182577, 4.837993342537971, 5.109360112848046, 4.528991838040975, 4.072213530278961, 4.766368424544996, 4.267307691684676, 4.224986025996434, 4.890670455835785, 4.64620453210805, 5.622030792322999, 5.455126121476765, 5.037037249158371, 4.443144278106402, 4.3571170777297255, 4.335177226860073, 3.9625473307875847, 4.123846238326668, 4.567524661916209, 3.8847814809936074, 3.832229405800327, 3.9189932226798483, 4.365032608925231, 4.300265317051361, 4.02035533616028, 3.4437004535857954, 3.5462586368673166, 4.8226069618041, 3.911866033312595, 3.5957281770320644, 3.547432222100344, 3.6122118593644514, 3.8908041985720088, 3.806246663514666, 3.79274121110845, 3.7099595790146958, 3.994906486294853, 4.218611704895991, 3.8312758426612463, 4.526897111158691, 4.280480184363781, 3.541968135017842, 4.357032101941086, 4.304136215874634, 3.9786456436693984, 3.489906199260103, 3.4201499259946337, 3.5145103759580327, 3.665572216502554, 3.886521183185464, 3.963495593876422, 3.6310301828220024, 3.4722061048514865, 3.4317740808269965, 4.2633521666686685, 3.836820250654325, 3.616057298505467, 3.950839703152524, 3.114688840191852, 3.499929631477387, 3.6444933424172303, 3.394590756430666, 3.260924398021166, 3.7455704138967096, 3.835229094892936, 3.1021416756621876, 3.6765803451711427, 3.6897601272872307, 3.2644579942530503, 3.129413032113329, 4.53884476249549, 4.155496933885369, 2.9378744385825994, 3.3954660062392428, 3.402005551340288, 3.2046348625722256, 2.9252344276119797, 3.0303890055079923, 2.6763571365915917, 2.6158379114223327, 2.6652752239104163, 2.667347985724602, 2.85403300474819, 2.9169936635134848, 2.9471167958443982, 3.3346911879850007, 3.0106684842553495, 2.965148316248574, 3.4241911421297337, 3.752658019877272, 3.0235232028494954, 2.7105789781924288, 2.7181444700815507, 2.720891061078714, 2.8082592514980105, 2.59353194450443, 2.3980481106448197, 2.7185046158028188, 2.9226244300631885, 3.0280386856154413, 2.5391555587836696, 2.0821851471381216, 2.6168839923269283, 3.1556537778203446, 2.8215610124742825, 2.959374949686283, 2.959175896099166, 2.9524468298953592, 2.554692992518517, 2.5017395355753003, 3.267391450574726, 2.9441858977219484, 2.7176992636943305, 2.6687017292559463, 3.1580807438691707, 2.850257894082041, 2.338358155988444, 2.4246043875762116, 2.2380813306418754, 2.514613480599313, 2.554685661987764, 2.692749604690191, 2.522119068681017, 2.2231470459645464, 2.429619065200748, 2.6209342245097744, 2.541287293631393, 2.6491048411865736, 2.283375234523189, 2.4929267635766856, 2.4369314708369014, 2.7687514333357375, 2.6940274316291006, 2.6925149297908493, 2.3003640589539214, 2.315943119332395, 2.743116172493457, 2.7894879593366517, 2.9476951090604375, 2.5574786115387544, 2.2378911560361043, 2.2653430472044915, 2.174481253233945, 2.0560189391034256, 2.222372971519487, 2.0859086169078784, 1.790068519298502, 1.9108204008530987, 2.3071136016600633, 2.2091896626240257, 2.035552744094349, 2.254710791291058, 2.013374425108924, 2.036894372808862, 2.117644818850499, 1.999198799931267, 1.918731119370468, 1.900775378567042, 2.333109597433551, 2.4298830251266352, 2.384095735738211, 2.046155578811428, 2.1023990732119473, 2.2347455053111296, 1.9668408867633669, 2.0676962830212675, 1.9993789265500232, 2.2558386281380196, 2.041343579356553, 2.2502319770933727, 2.2909866252762887, 2.3692568979902875, 2.333367003052633, 2.2934521972031026, 2.1024114054895353, 2.1050557210803293, 1.84558873698092, 1.8143959463072286, 1.7433392222269095, 1.771813669162871, 1.613622590465181, 1.9251807146556548, 1.753415177549101, 1.8250726873468957, 1.6523838566971663, 1.9556336257944134, 1.8963637350869007, 1.7902618630931355, 2.126743714587511, 1.7677933640780399, 1.8822783443554931, 2.0078625068213265, 1.8012386019123046, 1.8941775617163146, 1.8842100336125038, 1.7217483075200783, 1.929103786987931, 1.7728357710310823, 1.6825837678238353, 1.6601445800045447, 1.9473075504326887, 1.8963728702318627, 1.748771406871254, 1.7917661975633759, 1.7554760597709278, 1.8646162554448915, 1.6800397773477882, 1.4697367195909727, 1.6646094176882078, 2.01997253454729, 1.8491838075867344, 1.6169810277546735, 1.7461588272888509, 1.8529972189909536, 1.8860140406424182, 1.677679597528255, 1.7352505382494805, 1.5623398770437238, 1.8813703384043765, 1.7570956214697373, 1.8176072836669401, 1.6442895620753122, 1.3656908060382877, 1.3986494417326534, 1.452268568410727, 1.5015748981322214, 1.3678682261371045, 1.525199006732748, 1.7667384653844567, 1.53754144882715, 1.5768328430285763, 1.7577601624147827, 1.8398096147131973, 2.0374963257014658, 1.7814287985428416, 1.7395914011485747, 1.579710338602093, 1.6298473824979518, 1.6889248087054247, 1.674805935405706, 1.6059139226156132, 1.563251841968595, 1.4311143159866333, 1.7255639469537642, 1.5634236548694838, 1.6588054318220329, 1.7207154063213137, 1.3890882610191337, 1.445887100618112, 1.5542645584786061, 1.644807773673471, 1.695857224551087, 1.5831171862573243, 1.4676109157883235, 1.5136891091292048, 1.6516572805976688, 2.076653808644856, 1.7234650264896594, 1.6102052090572212, 1.2612349889152141, 1.352140399850076, 1.331556578558166, 1.4228150917795601, 1.8461155169288852, 1.8752282495148986, 1.6170623187397162, 1.2911108534599838, 1.470787774504109, 1.4642531524740092, 1.5847678224108728, 1.9924840265887913, 1.5933825687643355, 1.531219704739168, 1.5464585075853612, 1.3673981225292573, 1.4771559486117194, 1.463813094575739, 1.599328432289346, 1.4744220203234089, 1.6154133736321412, 1.398024474218399, 1.3296513347855858, 1.3943720653078766, 1.2173668380367908, 1.2110892126680504, 1.3168602188864087, 1.4191110947034233, 1.1314682782312726, 1.3105459443008365, 1.5193591792917447, 1.4104780846723977, 1.301695604770395],