{"best_epoch": 126, "best_val_loss": 38.75244967053068, "train_loss_list": [2269.861805781045, 154.1059646534718, 98.13561596656734, 69.93877038743496, 48.33322513069863, 41.60496558892021, 38.77303029212485, 30.02486099116446, 25.678246228831647, 25.39552389376218, 20.797631610116028, 18.752789593609624, 15.573619614795097, 16.307941457090315, 15.583500182804213, 12.648888852446104, 11.659666134025265, 11.907741422303527, 10.68922975391327, 9.055624608745473, 10.32590079882869, 11.133323372960726, 10.92028353454102, 8.878848367707178, 8.734619411395583, 8.297130917352183, 7.432952424494386, 7.789696456720298, 8.047913215706544, 8.023858203069052, 7.685541863652166, 8.2774228320455, 8.205248179685281, 7.106942898126577, 7.5293256621568485, 6.70972682524908, 7.324999188076774, 6.583080644706169, 6.574466810970611, 7.047013390964566, 7.455024793655362, 7.359801745198058, 6.188078268535905, 5.991980214508975, 6.083209900451058, 5.613382787474342, 6.061875642485396, 5.589810346294368, 6.505766211539292, 6.529381179391161, 6.577561915537213, 6.984867031691553, 5.867290934063879, 5.891267634155383, 5.971561516762079, 5.804215115314365, 5.34450019351071, 5.658620294752034, 6.3246073492714245, 6.344460017551863, 5.653843466371102, 5.180249006835617, 5.538736036301257, 5.104266614683815, 4.819705007667267, 4.824876470126466, 5.635436945370992, 5.787274123583046, 6.2826027621374125, 5.418419440761699, 5.407145080727792, 4.74767232202729, 5.267949819639536, 4.664493892230945, 5.287938536240815, 4.925049540840395, 4.542897128341565, 4.2512791075702, 4.16475786381252, 4.31204512947893, 4.473201570597535, 4.866521005830732, 5.499893690418278, 5.124178872815272, 4.844277450336778, 4.479877035582712, 4.537331013872271, 4.8139579743660565, 4.972955827464956, 5.443343793886353, 4.941531609906107, 4.4724766573761, 4.09414628515121, 3.989793099792203, 3.577719753866695, 3.9066382892749707, 4.405088346828603, 3.8764052921535455, 5.037070489385516, 4.718966069022752, 4.388515468228016, 4.885243578190267, 4.543755256057495, 4.223733512707468, 3.978407003706953, 4.067663638354917, 3.869035524471693, 4.3400729460912, 4.402931243863011, 3.4820392525558446, 5.227254096933459, 4.957200487890575, 4.675144858137637, 4.474176579902479, 4.547441889222831, 4.077907129426393, 3.651460632639819, 3.203446571448125, 3.5638454853274237, 3.882233028537388, 3.7617025004775124, 3.9630307668580116, 3.295380351461986, 3.5803565659219663, 3.2609667796694124, 3.0402841672595486, 3.008520043333359, 3.3876245898985258, 3.5813866482002163, 3.403360605613448, 3.118018051853975, 3.2085212609193348, 3.9221940933443915, 3.3319357585398914, 3.5511045662148626, 3.67686197078553, 3.372224263134738, 3.662131000932426, 2.9701137888659432, 3.067240842417541, 3.5316363945533324, 3.5331614355949803, 3.451302525168562, 3.2394296960821722, 3.063316206093755, 3.0793925016063093, 3.7335328043385085, 3.7321752213789208, 3.582104354321639, 3.1496530663290954, 3.538387945624064, 3.987386498694807, 3.345357334527877, 3.07892081820453, 3.2318015942861953, 3.905458935261221, 3.277671837500366, 3.6915609398742935, 3.019031844143582, 2.968760682885754, 2.59576959807609, 2.8365583005126314, 2.6470567078024048, 2.674005747924812, 2.9959903012917954, 2.6126472131468517, 2.5344841043914013, 2.5960075751399962, 2.9113296899105157, 2.929774879811513, 3.7269820806114176, 3.6273367694088448, 3.2055405308482268, 2.990658987356704, 2.662498153290828, 2.4588233495871874, 2.3338539597757255, 2.422001455764866, 2.975068221007048, 2.8852717796861844, 2.660137378246722, 2.6997461676859102, 3.2272409416597414, 3.1031583614462934, 2.635299447934406, 2.4639731484571246, 2.3741701569014753, 2.5784473750928245, 2.6302443567169607, 2.388706246800125, 2.3114323478550496, 2.3049420195662913, 2.743149810956586, 2.9006205059375483, 2.957667224125517, 2.674928299650732, 2.341244245427262, 2.804082315829584, 2.383150105938124, 2.487642596840896, 2.51087416126152, 2.4802132461258553, 2.291751026995165, 2.2741778638250065, 2.582715426893004, 2.6224278499623592, 2.475799194102525, 2.319970665288846, 2.2097530059775603, 2.742663548755556, 2.9537364613184245, 2.544201112996445, 2.13883631694881, 2.154750217878867, 2.506325701193838, 2.5143145809574063, 2.645037950224654, 2.523258940211959, 2.3391515384531814, 2.4263213420504504, 2.326138205978049, 2.4445022219440027, 2.1019033167064096, 1.8350017798503564, 1.9401059820150663, 1.820598302908132, 1.8293659953778159, 2.138790017980948, 1.9253440394143033, 2.195561009714574, 2.2081462790771025, 2.1260269891128614, 1.9678894945612075, 2.0652334357234463, 1.9543231255355877, 1.9100176407154434, 1.7970160117383962, 2.316988590666957, 2.4520120770906586, 2.4165487500127676, 2.709372646455218, 2.47201211554845, 2.444310371795817, 1.9408913748049879, 1.7378762572284627, 1.5618704744582264, 1.6306618832749882, 2.2181365949462775, 2.3389239388922842, 2.0147746809221516, 1.882057996051732, 1.6484713434463234, 1.866741910693564, 2.3031120224829866, 2.41702706236258, 2.2659645665965833, 2.3758025508582947, 1.9481700569512663, 1.9627337800937175, 1.7485755080901804, 2.038326542790651, 1.8674989173457899, 1.6900441676835884, 1.6874518624221744, 1.4939905085633893, 1.8185487185029616, 1.6949380910049148, 1.6081812518661354, 1.8337436453073013, 1.98012759135607, 1.8734133135035882, 1.9304711930395406, 1.9450112136319602, 1.9535086020075465, 1.9650293587517567, 1.7569022363198286, 1.9018677999815647, 1.7930072105928336, 1.7877899245086115, 1.5729274862203355, 1.7025781753331433, 1.605561646201774, 1.5559753561722227, 1.6102062940821682, 1.5015242692632984, 1.7782778006965783, 1.7641195461915153, 1.9515675317527583, 1.6911927012581318, 1.7798086563198217, 1.771259873012733, 1.6571281672794218, 1.5353747476271722, 1.4653786944954494, 1.5786226730068735, 1.7011836361862656, 1.6716793195389161, 1.7083591260121034, 1.7264303649454347, 1.654203470580371, 1.7791233221889102, 1.595512292520337, 1.6195748123917897, 2.044847733172755, 1.8972506355021448, 1.9146526746337447, 1.5384024596819494, 1.7037724030126191, 1.378844823929928, 1.4478761486333203, 1.5580312243004049, 1.5672119028401652, 1.5038715545677608, 1.6577635585458552, 1.9129741414891108, 1.8110929226210333, 1.7669090141289214, 1.775865338170689, 1.655631785387531, 1.6136282306224043, 1.4234651266333078, 1.6593975695798628, 1.5867199406135197, 1.7856247820326692, 1.884964542473345, 1.4221891000217795, 1.4130578729957668, 1.6222680644980048, 1.8043569345453323, 1.9267678493916969, 1.7376392261618097, 1.539486332322243, 1.581779347471741, 1.5647895471013402, 1.5064606743895943, 1.6601638770036211, 1.622899872425095, 1.1053597212061916, 1.087879109815982, 1.1724171629896436, 1.255421191762137, 1.3987096533884416, 1.3352695249046738, 1.448854587885774, 1.5765772175915898, 1.4147699889027934, 1.4305329639610547, 1.307596691833025, 1.2805953450951595, 1.3269353702650366, 1.3832289912191837, 1.322723898234617, 1.4410084638428218, 1.6482800834420257, 1.5418115292025822, 1.5429788870297416, 1.3048563562415305, 1.3459814430142376, 1.1469822172198092, 1.3196062689401333, 1.2387575251075102, 1.5009142263523654, 1.6539148753132427, 1.5449308446865029, 1.4659928467086174, 1.5781214777409414, 1.3783235161403846, 1.5330169510221228, 1.2349202670448816, 1.0957287872932204, 1.238159938315843, 1.3840819325838594, 1.189055345156319, 1.0827002455843762, 1.4236011153588435, 1.4081941903552753, 1.226272831531723, 1.249266017364955, 1.371245726004397, 1.3555242586232994, 1.3162159531215858, 1.1019450327476639, 1.2607120590238352, 1.3653382744881772, 1.3273665127952956, 1.200272663937434, 1.21294966524053, 1.2843105441647538, 1.6539107243195106, 1.7480531467311027, 1.2159117122721574, 1.4643525614031652, 1.324280170466376, 1.2915084154786678, 1.1770206956570517, 1.1580722475455345, 1.3474393948160792, 1.2853243518719961, 1.1331703619163487, 1.0386500434044648, 1.1208475562929172, 1.2057497292915806, 1.1011790556991337, 1.0870830549673764, 1.311815628882898, 1.3809790803660646, 