{"best_epoch": 142, "best_val_loss": 57.30430718863277, "train_loss_list": [343.80289444541535, 294.9889376162726, 222.85630719071463, 168.18048634130153, 80.37478525394806, 40.17483658338921, 17.908538502072023, 10.20573029547987, 6.096249848307609, 3.7908877966564534, 2.937957068505453, 2.016598440676542, 4.230346666490219, 6.443853797235631, 28.7915769726122, 38.894095601662386, 15.930659809325695, 43.90505091131745, 21.47193818475235, 4.776616856716505, 4.171901188852704, 3.2175798518175744, 2.9274136435872715, 2.438475391806326, 1.6426415260678982, 0.9455723694710352, 7.643547374199171, 3.9526057217215813, 1.4970257775269415, 2.7632716772735795, 4.991463350808589, 3.386800591834846, 6.836334802383807, 37.13528495331863, 14.179294112524651, 2.3485961233776926, 2.0267819238617855, 1.0959898739995304, 7.648028682157302, 2.7355588649593625, 1.1930406881454194, 1.6225901443714286, 1.7506706981111813, 1.4740764460114575, 1.0168536388495883, 2.1584298627709364, 1.9769326972799663, 1.587459231813233, 62.62507754254866, 5.096386118620973, 1.5437425784391758, 1.9225951122069211, 1.3292750588401703, 0.7157996269720431, 3.2673246732368133, 2.2004221969142552, 0.9952625492596554, 0.9196139052880308, 1.1789299063166818, 0.6778502606397596, 0.8369096677834444, 0.9360959259771078, 0.7403906167517842, 0.7132556282470337, 3.9467440614495963, 6.128580343272954, 2.016826250318049, 13.897639735933023, 4.836209943271844, 2.6633799434006455, 2.3478915211623836, 1.028760430441154, 4.627250356967126, 1.7650032206868433, 1.1608547135300835, 0.8414241377740244, 1.5177803612337206, 0.7375647150457093, 0.7225242134267184, 2.5168475929707435, 1.7123372990676344, 1.2359324973727988, 1.8320030564487872, 1.2454474155763124, 3.8865868446135288, 2.9881704261962487, 4.245411646799713, 1.9643710164273016, 0.8664707119226777, 0.5787140707091283, 0.33896643077014543, 0.75121757177001, 2.3425425917824434, 1.7867911360710083, 0.996418522167234, 0.6175937217021693, 0.7648181190096326, 0.3105488362328699, 0.3045436520420401, 1.314745960109591, 0.6177895823910076, 1.7789065592247058, 0.9719769665038807, 0.6402733303865403, 1.9500437805766002, 1.2599756789326095, 0.4908179445040756, 0.3929926230695229, 0.28417540318338264, 0.6367180331479184, 2.318870425161146, 1.063576156339529, 0.5863349625491013, 0.3349896189187972, 2.523256803162602, 1.1004586554389713, 0.7236616631364416, 3.1847699067790143, 0.9674206609845936, 0.6155194998700626, 0.41138289565672287, 0.43344048005279995, 0.44681678562968963, 15.295361185647785, 1.5189236077968886, 1.8718506232726755, 0.6706987681150378, 0.4343446211164841, 0.304681914116046, 1.6088765510972023, 2.002145486542448, 0.8112197880904571, 0.9731049187030532, 0.7303778012246541, 0.9316963878110823, 0.6431705362174979, 0.36049799025373147, 1.3333280071821227, 1.757107518508724, 2.6838572099738105, 0.48722254794478354, 0.3290516827287136, 0.32437929200238713, 1.146350302949996, 0.8235158750991424, 0.8507176994207472, 0.6736330821166142, 0.9697935161102316, 28.56534532963607, 0.9040163609680024, 0.8674641008520431, 0.5467639739505882, 0.7087757298387423, 0.9566950061838232, 2.948161616107602, 1.2900590852466656, 0.9249512578108956, 0.4432547208170272, 0.34645874453139724, 0.2849949078861591, 0.2598829030209679, 1.610383652539179, 2.5674932344709873, 1.6460814208927739, 0.887343368511888, 1.8467312396961517, 1.2158435971926367, 0.662855809439966, 0.5881799148162605, 1.186288910641951, 0.6223298444983525, 0.4439490236723685, 0.5339456857187563, 0.5446309093816843, 0.8020358823427887, 0.7495501609340883, 0.6024085232356383, 0.39994948394372604, 0.3729654473600225, 0.21009501161871322, 2.2557593559055102, 0.6844204278229075, 0.4542849088727572, 1.5001726536452409, 1.7760253321084292, 1.1180557847898878, 1.297960176007642, 0.816897102950254, 0.4275677277876927, 0.3432627541992623, 0.2883010140662967, 0.30712896757048885, 0.24974151384645008, 0.20592521353455684, 0.22333496276890966, 0.20591962279089954, 5.771941582845513, 7.150187412761228, 1.6619180313217423, 0.9613596111720214, 0.6131759044195078, 0.47926787049447594, 0.29012384572291505, 0.18231504028620782, 0.3341784006527247, 0.20692858418997628, 0.6587732585974861, 0.6083233528803111, 0.5517185625918432, 0.3127096728643549, 0.1797269287845538, 0.8865345309811379, 0.8832582243952737, 2.481190363692768, 0.42896373605759647, 0.3934070093025715, 0.8138666704250045, 0.5514584646613306, 0.5877169743765601, 3.5215857558066896, 1.0450577641490502, 0.6945746834555847, 0.8330054200890362, 0.6313892566064803, 11.57778678694127, 0.9380793540883567, 2.8872868201312487, 0.36487699435785215, 0.5301828982869244, 1.7626625791542345, 1.3522754604920284, 0.47200934510253545, 0.24964370861546428, 0.17287457507230763, 0.32054904963746955, 0.13413904791779832, 0.16446348370782723, 0.15175986235768402, 0.15005359142617514, 0.1886318956391029, 0.19329129167054904, 0.20889799189167027, 0.732111957602316, 0.2895078074872112, 0.20884736233759713, 1.4928833946566458, 0.7086413283734556, 0.5237185284365977, 1.0402754216793337, 0.6127516651507278, 0.2840632493592136, 0.9509452765045056, 5.598626892881905, 1.6114930939541774, 1.5577135506412154, 0.8879296846232471, 0.5241373901841433, 0.39395546161049694, 0.4006287348296264, 0.38216737264646505, 0.312768572612659, 0.7154442940646639, 0.17162894714659652, 0.27367137771572864, 0.2453824770400622, 0.3741656219090124, 0.2720244136064099, 0.2532849206632653, 0.4369475899427433, 1.0657543475924558, 0.2557938792737137, 0.12589527412673499, 9.384678804899128, 0.500441114435685, 0.18624766174066898, 0.48450275756539596, 0.8146122292883565, 0.35173687257446784, 0.3005339435934712, 0.16042336045019792, 0.2617195944537949, 0.9516053928758347, 0.2116527799795494, 0.433712142043897, 0.17131773897693256, 0.1556608631445019, 1.5963688889930474, 0.3281608273368386, 0.5533204832510531, 0.31231079629690234, 2.452204480516426, 0.47974009703848475, 0.3049758425619958, 0.30277232223412587, 0.3470937361394055, 0.1831356382966506, 0.15903518323738544, 0.12218422913714456, 0.1272348279022947, 0.8669449809391878, 0.7050334471737407, 0.6894553634439026, 0.27142025874839126, 0.2127226002555123, 0.3903527463048247, 0.29754636316338545, 0.14997052852188045, 0.20330968627385057, 0.7524875556787495, 0.27711593816830155, 15.381614960877398, 1.7093565438383669, 1.2685979284461708, 0.29658033995786826, 0.5924446195641394, 0.4449591849665866, 0.20960513655065896, 0.37548698157880045, 0.13529217654721015, 0.13837340623972938, 0.983660372712359, 0.6841567802457745, 0.26721835054377474, 0.1814068179335668, 0.17261149374521242, 0.11572918698942446, 2.095849203293581, 1.3357811197154392, 0.3966054166632819, 0.3772490662569826, 0.4173340129695749, 0.23682729246322867, 0.24639682235861862, 0.318028182580783, 0.6481997310005962, 0.22578921988168937, 0.33933696922589596, 0.5875875010135195, 0.1422088241486084, 0.6723958518037024, 0.42546096561772523, 0.21343596546177585, 0.38014162937578294, 0.15566452703499858, 0.19382878642107104, 0.6499790602492519, 0.3697756020759886, 0.2489118138772493, 0.4989058853359019, 0.7189082773487715, 0.5713179160686375, 5.814002426859067, 4.250953578961509, 0.6165697504689337, 0.350839042426884, 0.3110121672697311, 0.22251662653174176, 0.18235126559269216, 0.15042675182497794, 0.1533452160518033, 0.14986391467652407, 0.18932163470888852, 0.18624682650550164, 0.26762470636321145, 0.24893701935912918, 0.16958356309681227, 0.46394963600779954, 0.33265384581190205, 0.5140132283520834, 0.24947764434674805, 0.17296992041374262, 0.1608310073713866, 0.15764553583573443, 0.1194804610955197, 0.1826549045891663, 0.4091223371769451, 0.1510019861789813, 0.14516436267193922, 0.14221756082907844, 2.336244109173239, 1.0122638514555924, 0.5321419464548169, 0.20345470262939178, 0.2877465988639725, 0.25425939036021883, 4.666712939683581, 0.6155855400203604, 0.47018741667735303, 0.19088084172533762, 0.14669622280912387, 0.13162825763265412, 0.3524411942866231, 0.14288753770530874, 0.21483887586149522, 