{"best_epoch": 151, "best_val_loss": 295.149067201007, "train_loss_list": [324.690459487325, 220.00622119996515, 115.71398551836641, 92.46070611477566, 47.72740449234884, 26.451372305348873, 34.218065479216314, 129.87773407739812, 110.52733292207624, 14.896100423569164, 5.086469707766442, 8.265991964862748, 3.20320428141779, 7.297697114792433, 4.0550105834373635, 3.1617056784886106, 51.24221873818033, 9.72106120977453, 3.7336759078956057, 7.696094750297419, 2.550563261707798, 1.6766304971223265, 1.574590441377417, 4.089696074031194, 10.61984223442989, 4.391770684969994, 1.8693939761235203, 33.92093185738317, 3.880221138444688, 6.640099968730948, 4.468004317809329, 10.243027372223018, 4.100545691079853, 1.8576494523681928, 5.607294287813372, 2.3473131119863258, 10.765869119802549, 1.2370481761762087, 2.0702220080946403, 1.187757544729211, 0.6784120299364308, 0.5147082251726414, 0.6164981132838171, 0.6939540303508899, 0.7791932788925399, 1.782672123764918, 2.426481629016942, 2.257480937484665, 1.0343286702088552, 2.5865321203771074, 1.7521017700645742, 1.529927869252366, 1.3245784605038202, 5.591422216013359, 2.04036811885597, 1.7358509401940363, 0.7713257657832098, 0.6595619369237635, 1.4309704622197885, 1.0395632118627582, 0.8461964937251759, 14.82413497129521, 1.3829066396362786, 0.9858984953861242, 1.1051919268445953, 0.8543264651664618, 0.9435181408754131, 0.7527714645946382, 0.4372724727483935, 3.7839428853322676, 1.2042330617646533, 1.3376121440682238, 1.2534395518869916, 3.5621914278123845, 1.339815825554599, 0.7022299043096065, 0.44824787576154906, 0.8014370539773803, 2.411149017730513, 1.2421435908612437, 0.6925237221534436, 7.565884457876184, 0.7502254833142593, 0.43545933081543176, 2.809099101641954, 0.7782172213586065, 0.9049726600119515, 19.435510509021462, 1.7378658662630717, 0.8702774920434231, 0.6686629217172558, 0.4935294580733762, 0.36001639456264406, 0.8068645840559173, 0.8113645826657091, 0.5155477812418937, 0.6407580038318968, 0.8938982979009616, 0.5705465119802492, 0.6999260915951523, 4.497425491631844, 0.7515988060971361, 1.3021479681069397, 0.4954192099134719, 0.5628330752838233, 0.7451741740719364, 0.5662926279281332, 3.879107382446002, 0.6380063966210167, 0.8440318765937375, 0.6044832607042082, 0.3416672429248257, 1.4112353276420393, 1.0748257547022102, 0.7469906823876094, 0.38923866101254656, 0.329389342651253, 0.2507879718559462, 0.46934624130665276, 1.5114411345345353, 10.21795903023651, 1.5293973432128856, 1.2220085303271115, 0.6489358695747104, 0.5288596325264507, 0.6614051546633598, 0.7921446400712652, 0.5875937510494299, 0.45911057170896513, 0.7117878743077927, 0.37062197477657677, 0.47041578476948653, 0.45387191642260455, 0.32561673772015753, 0.2512449545540838, 0.2411109761359979, 1.7956482763925672, 1.6064558645842264, 0.958639161382307, 0.4718864427387925, 0.4153545222010905, 0.4135124681655101, 10.571293782055582, 1.2180721087256632, 0.4341675225885068, 0.37014810413558025, 1.014075091795386, 1.0663780507019476, 0.3828160344900094, 0.30338991392805675, 0.20333915447257464, 1.0587370932413265, 0.970735477749667, 0.6130508398443284, 0.6608906214711807, 0.34183066052795047, 0.4250784611299283, 0.4263377024506932, 0.3947507846896832, 0.34929343543506164, 0.3627612638063845, 0.32637830088945036, 0.4190143964769987, 0.2870200468986105, 1.3021793281759124, 0.8304421131394062, 0.5022801902617929, 3.3056106681423705, 1.697494158443564, 0.4569668729874259, 2.0856553469222097, 0.6307573798559565, 0.48893116272531445, 0.28834006935045037, 0.2649149326237365, 0.2895591753354697, 0.2252733925561647, 0.18646546799190386, 0.4832813859881523, 0.46817785416077423, 0.6025937318443728, 0.18318129570083425, 0.15224306106458596, 0.1733969481281645, 0.5491341012576372, 0.6264149761692196, 0.383294052799785, 3.1988870492514727, 1.676081065433168, 0.7164951119695945, 1.0778472765718394, 0.2463091816235989, 0.26156672996782526, 0.19324011487790774, 0.20567129406340579, 0.16086211486864038, 0.2209199460895486, 0.2922820231561146, 0.3719358605014082, 0.31048951406591574, 0.20564642344618547, 2.0094607342352804, 0.817158961277941, 0.6568528196536206, 0.3652750162296916, 0.42482548519295116, 0.3533143056064985, 0.14389834360454276, 0.16065803332140946, 0.16087122639214396, 0.22353758279673844, 5.44781043195629, 0.67041488993382, 0.7061977823470909, 0.29920773119232946, 0.22335318103043134, 0.38305500515046265, 0.4136836862290921, 0.6318960117315394, 0.32690432539496056, 0.3443514218747166, 0.1903250120546948, 0.15026999660720228, 0.21234362672302204, 0.2516745730688107, 0.16655092955983017, 0.3795231850954654, 0.3885887470049051, 0.1995443128336507, 0.8485442734050029, 0.28403068265990017, 0.5230914678399625, 0.31786948796534537, 0.21075215466319264, 0.22680453661532082, 0.31234274937474754, 0.24945091519632145, 3.4398866168539617, 0.31317781852880483, 0.44571048169793936, 0.36226117164782723, 0.1668341285864982, 0.12274449644348576, 0.21512019205995295, 0.6255516133564152, 1.108968577100645, 0.4097932956521968, 0.2463516517547815, 0.29831241841573375, 0.25856583455023224, 0.1351310838555775, 0.23499467681769173, 0.11918357403701522, 0.1775986811240634, 0.18610741999163424, 0.2797293247746363, 1.0638331288218037, 1.1027384612523634, 0.8363900516705743, 0.46777066127291306, 0.3783347569254745, 0.3160077488783314, 0.30896804189749394, 0.13123912329290086, 0.1235689578122031, 0.22523591494465978, 0.8195906886806754, 0.82380889543712, 0.16064463449598554, 0.16880934895678354, 0.16920503453163108, 0.13926212310903072, 0.2235184742427601, 2.255494830592264, 0.29643144106008035, 0.3501673200775596, 0.24869592091118742, 0.40789848497847225, 0.43215955301001047, 2.3129593485151356, 0.4578589315249853, 0.24887853637137358, 0.23446901072382395, 0.12145829482323768, 0.1273025712157804, 0.20453089595381882, 0.1748829521012742, 0.2910059514842811, 0.5241453925328745, 0.25842637744428354, 0.2285273116451512, 0.3101285383636906, 0.1606089753565221, 0.1888621380575047, 0.1419987167443115, 0.11991157354625445, 0.7811804486744929, 0.25196743834941343, 0.7773750066036378, 0.21833517136707864, 0.12294402095169814, 0.33654510787513553, 54.98021754770262, 0.328260229309345, 0.30959701240811155, 0.2641437676593621, 0.12435364781546908, 0.15748887804493888, 0.2566790664038776, 0.14921157354375972, 0.11959852655489775, 0.11561411588075077, 0.09298617209289226, 0.09266875730875271, 0.1269437267077434, 0.5550955377705128, 0.4105665606632822, 0.18835695077976888, 0.16125798968440247, 0.13752352869324572, 0.14640962426142784, 0.10738861946837759, 0.41718437869324276, 0.16641111094639188, 0.09750309938986658, 0.1127904023370888, 0.10540555656537212, 0.1880919716900711, 0.8822223109239732, 0.6565472924164073, 0.28383619399234183, 0.23246215139858878, 0.33018926677126287, 0.6129465496917127, 0.45471124988122513, 0.45240461537187904, 0.24755380054670834, 0.2739539913873693, 1.029015635486793, 0.43778303001680924, 0.2712924228046458, 0.27498915045406636, 0.18145963662323164, 0.15729122022452208, 0.16889295476468474, 0.1697791503639879, 0.22101243739918774, 0.34785756149225794, 0.2065493657107977, 2.373537736059683, 1.1495449722544182, 0.2909372651403394, 0.1396179331392755, 0.1454410591503625, 0.14404782903908755, 0.27368198746672834, 0.23152588584306788, 0.13380667609133676, 0.15871731669535244, 0.12468525301396402, 0.11406090899682246, 0.20364306197137985, 0.14051786180494016, 0.10217257543141682, 0.4815600269913884, 0.18037529598975027, 0.6329908848318276, 0.18612988772032488, 0.14229255827296083, 0.12600015967261888, 0.10123285424925164, 0.0958729020304246, 0.5934825036707604, 0.20524411420099012, 0.1536622975816434, 0.14021476402705982, 0.10928377743030258, 0.08660833636689307, 0.08528239867415789, 0.08454041744337669, 0.13796382410154445, 0.3495445294214353, 0.25326475689513456, 0.3016945217712468, 0.4477797664362081, 0.28427880176907466, 0.3452838845824375, 0.2693313509110032, 0.19209055037027276, 0.16399845142638222, 0.11579451596043615, 0.1042282501785491, 