{"best_epoch": 6, "best_val_loss": 90.52620417009882, "train_loss_list": [338.37493952781927, 297.59470158003637, 257.5931990804494, 134.33400714299052, 105.07458160334792, 17.035869639761806, 25.15328950809664, 11.63885530608074, 5.67445535924482, 19.816264810215667, 27.52901174098508, 30.472721360142785, 7.290392523996415, 4.986790621586495, 2.5756795262955645, 8.267591531829414, 2.010779502861659, 10.155669158610545, 42.96189795473816, 33.05104945623904, 3.736396610805847, 2.136871547240282, 2.4201657600544215, 1.8103149031585266, 5.82188223299749, 2.0737045185015908, 1.5798741658811692, 31.294539712738647, 89.83052776184488, 20.06755577425937, 31.34872003339965, 2.4068585800899323, 1.7204834583111324, 2.436592746173353, 1.8008076036375718, 1.072802878248246, 0.7682520124551149, 0.8413847081984756, 8.238842170791116, 3.125146045589194, 1.8941421454735559, 5.92796044099168, 1.7592825478571543, 2.757807007902963, 0.8985014327153953, 1.587792653800083, 1.3207004896181025, 3.2343055652184964, 2.0921489711830152, 1.5181021440233473, 0.9341915283397905, 1.938251959707308, 3.0219189632891132, 2.2160841061334513, 1.3693323221035814, 0.9081066483780929, 10.272806028737227, 6.182718442883514, 2.391334353300494, 1.2258160198200916, 1.6834094653335152, 1.2335138187914727, 0.883038867288496, 0.828933048647933, 0.7810312021605651, 0.6322155157606678, 0.5742556108342305, 0.4579839142153282, 0.6102654297584923, 5.015096771093959, 9.191408697144713, 5.308083331334751, 2.027628537123187, 1.031651494131669, 0.8044729762950913, 0.7550460125837402, 1.2790537459840563, 0.7401561241597912, 0.8642701875857881, 0.604181099375608, 0.5758183652079418, 0.6187521137193932, 1.4752370728624067, 0.8777697602624769, 0.7603427641990449, 0.4641597056048085, 1.5005095673921087, 1.0633302360351298, 0.727240010546785, 0.44679811413450754, 0.3420155077525533, 0.34012688554934967, 0.9986912892088937, 0.5705711390391739, 0.41030816272630916, 5.3681987094709545, 3.3199090471313086, 1.1601433737042874, 0.8240810825342941, 0.3652057913377719, 0.3621574597908765, 1.6552136095776364, 2.5370729552677407, 0.6971728908427878, 0.9350571138469548, 0.5227249141441279, 0.4660175042831006, 0.5594914263021337, 0.4073217952538896, 0.8190438316280061, 7.075723540818986, 1.122905890583055, 1.3432983368520548, 1.03047177499127, 0.4554293989404018, 1.1748917889360655, 1.1744437085689194, 0.6633548549735303, 0.2854018212527726, 0.2725666980766011, 0.21171389062071252, 15.008347226994498, 1.341487871358393, 0.8272504615144443, 0.45469831772447145, 0.729231447002436, 0.26460801384140586, 0.5073895030681572, 0.22858451460817314, 0.6032785089126099, 0.4378197324580515, 4.227771963247944, 0.8850125602557334, 0.5858678343585884, 0.5132133492297731, 0.2919451570060919, 0.8086416556429056, 0.27816365071507987, 0.24375489879213266, 0.21896844105117896, 0.525059576982057, 1.0812979302414234, 0.32318580700404176, 0.2320734332277194, 0.7386050667336772, 0.2807962222131845, 0.4671125118421937, 0.29901409255994316, 1.3601007464252892, 0.7826181163934778, 5.421531981966744, 0.39692434596967635, 0.5125818240900295, 0.5132137672042424, 0.2598061585078466, 0.23465868703354767, 0.194044935470793, 0.7506769314266964, 0.5214147852748546, 0.39578904005405297, 0.2677845946944052, 14.499466308435883, 0.9664226219253073, 0.8344930889191843, 0.4808784338277233, 0.342292746675538, 0.7855952201572707, 0.33058421814615907, 0.19673275115984842, 0.20166845550590076, 0.4815356928552333, 0.29563039826397053, 0.3485676146772575, 1.3627835598967377, 1.2281918125775544, 0.4513273709193676, 0.44520814516375884, 0.47097010231093134, 0.3606270198457113, 0.38167924501826495, 1.3420567714725955, 0.9596447062542062, 0.5433585737562048, 0.2792692663544307, 0.2181225214682851, 0.27744059004199784, 0.21360661440581688, 0.23113817430290076, 0.24476747090935455, 0.18896762286914712, 0.19296822975065492, 0.22877045299235604, 3.753879821066812, 0.518163609719844, 0.7561738995841515, 0.16654745335622337, 0.38175340114312517, 11.12068431695099, 1.9264150476256703, 0.897769314448981, 0.3340581882126117, 0.2351706941324137, 0.1864426401434911, 0.21142173197417852, 0.14411236479204564, 0.1355431140959875, 0.16350749838306963, 0.4445126961822506, 0.3217952275100123, 0.3914293041958787, 0.17085309565671594, 0.32377649039484135, 0.7531109908591855, 0.3074782287345211, 0.3357773788894889, 0.18412787674407435, 0.16076127451495795, 0.19271458758320809, 0.17078039372905546, 0.17961514563327155, 0.4320857314728672, 0.32714214802960767, 3.6522905857568406, 0.6998724247580348, 0.39387107342609595, 0.21703500921810406, 0.23373123303744647, 0.3695170669819043, 0.1709846726983286, 0.21277821108664344, 0.15703861344463232, 0.3207395992077752, 0.2603183384460487, 0.7342574540531935, 0.3456870314955084, 0.21842146260465145, 0.1470795460116285, 1.8627872028564374, 0.516850233528727, 0.37444011608123445, 0.3578175665834562, 14.940808505210775, 0.8629566980998485, 0.4919094493593658, 0.47083860338342143, 0.25046495004357133, 0.21478913469457295, 0.32431533329237233, 0.3281410332706416, 0.4361737786843586, 0.29597509788156806, 0.37423551898950325, 0.1824248724997293, 0.3382443624625369, 0.27236014440471523, 0.1881114701257411, 0.17777655498439784, 0.11786209595458143, 0.514191121802804, 0.2219826637271424, 0.1639778892873731, 0.136364893685588, 0.42600485221340395, 0.15911783756625428, 0.3515161081262128, 1.630151709147573, 0.38599227485630383, 0.2692694567762828, 0.31777199598718486, 0.39357875948817395, 0.22457090948170583, 0.1513767454047647, 0.20571970542534737, 0.14693026826839553, 1.8102752835442129, 0.4149832045973469, 0.4661993535829604, 0.20747013571745002, 0.1445015610298535, 0.12209594998904606, 0.26087350578017876, 0.17022729721367572, 0.13800880314109026, 0.2887067375123156, 0.21506508449301523, 0.48392680345593586, 0.44824643320802515, 0.2572743375177206, 0.18522038800386137, 0.17584192964734105, 0.2548549250216199, 0.205261652070331, 1.0611357414948417, 0.4709614392382088, 0.332708513688119, 0.2998050138847594, 0.14662979501183226, 0.11980663515325371, 0.10873311782838163, 0.1258675060623957, 0.10188723942140757, 0.10333146553500079, 0.19682415719045102, 0.18820513080295137, 0.24330677984703816, 0.3968773043292501, 0.2991582762458744],