{"best_epoch": 5, "best_val_loss": 62.15044154617651, "train_loss_list": [328.6004701054234, 254.9956998327331, 203.83050796080022, 130.97409343653152, 101.2893786216144, 57.378376918018276, 30.557480223988133, 18.084441860408543, 5.409332335135498, 3.286770494538857, 13.171256222504022, 33.36202651604562, 4.888106800594503, 2.8488591494040474, 5.3880367175862816, 4.377728441262402, 5.964805688441155, 9.764276770815213, 3.4090575814836424, 2.278842315899673, 2.1204953156125765, 3.6819159933516734, 2.1745868444338137, 30.77453133367592, 4.2684499141355605, 6.190334881991574, 1.7818611627174221, 58.90871929979477, 18.52213149766693, 4.899842228177108, 1.4826027035419942, 1.1949408443168417, 1.598721212558972, 2.087927794899201, 2.302723901383435, 1.7879326139588263, 5.480091071230455, 4.232242357690077, 2.8796958611202013, 1.6674263179705648, 5.745648154120494, 5.32284830996378, 2.060372635950587, 0.7960570037411145, 2.4815599292910124, 1.3969681706268178, 1.647930648947794, 1.099168130849967, 0.7259327784440229, 5.1539844249385585, 2.633464074256469, 8.16078790296538, 1.6142170586902647, 0.7217215301694438, 2.598356047503001, 1.1092421509624462, 5.2232184263545935, 20.213922780051988, 2.1493400093294963, 0.8409826023817877, 0.8513558889387828, 1.0281855403301068, 2.198005687917906, 1.430455040159725, 1.3839767015498714, 0.5983553830654763, 2.468086357186045, 1.483957481925824, 2.657112223423095, 1.0164065866594583, 0.5629846255937012, 3.4206496967281987, 1.69690506117857, 1.1535354087741585, 0.731646070888933, 0.8008382082297648, 1.4110866400893178, 7.339761381446096, 1.1762623165496904, 0.6350945557653723, 3.4675463465222687, 1.2183033422755225, 0.6390721947546661, 1.2803891132151266, 0.4154813163125613, 0.6198674142197227, 0.5000371357859843, 0.3365316205984991, 2.071156193649831, 1.5552977922413715, 2.4117157001317584, 1.3329727795749704, 1.0193027546229527, 0.7993987859488213, 1.861626216741618, 0.5360882087016171, 0.47219869008704335, 0.3266650137831504, 0.47804200626224036, 0.36039495760044593, 0.7480075073022219, 3.5722430887283187, 1.402770364769971, 0.6751379697029468, 1.6420396003812823, 1.2416408870049997, 0.7865153470346834, 0.7892858290353674, 0.5411318580570762, 1.738453911835913, 0.9903972255928932, 0.7235527395838163, 0.4345918084649065, 0.3363835350485373, 0.7424464066414233, 0.7484826235387935, 8.988188242888699, 2.4986538122169804, 0.9822679457110567, 0.6148780693642135, 0.344335924906005, 0.32950750551637875, 1.9884381739013577, 1.2028979860363178, 0.6184666579855688, 0.7239274905774837, 0.36107140577361185, 0.6068790833004885, 0.33340334675590944, 0.4366652891752117, 0.3926465286768197, 11.207661482097633, 2.088530342553697, 0.9306132778785359, 0.9755629267882507, 1.1059215299290306, 2.222665262633625, 0.4218743705718016, 0.5854439447216455, 0.28604124295041566, 0.36822399359795244, 0.3242942754413022, 0.7922833852708782, 0.6660957937133972, 0.4913205112282916, 20.921730781403443, 0.9514770187859192, 0.4725175462958793, 0.31409981196648606, 0.32028839172008405, 0.4976229142153982, 0.3012193307156172, 1.6757157376299288, 0.8859951751062193, 0.883324196902481, 0.7322521988311999, 1.7184583518443974, 0.48814490766427593, 0.3562612283847526, 0.7634420222603567, 4.062300749521382, 1.2688138636131074, 0.5601096517389936, 0.7059406015943993, 0.4471317698277345, 0.35315361393163375, 0.26121479636755, 0.23284660462419215, 0.4241952028719615, 0.3124845753144892, 1.0864054962553342, 0.9718524698267298, 0.46530039457128414, 0.4054696180194818, 0.34129505450967823, 0.2817208977085725, 0.21237131175816282, 1.7303213676444726, 1.466912186500303, 1.1031067996019677, 0.522551086609373, 0.4400465813984437, 0.42829432622173347, 0.31930185218763013, 0.39584898216813386, 2.018421555699161, 1.1861993408562932, 0.8459995222881402, 0.4855140101220295, 0.28462218674010054, 0.29675783226301805, 0.27257210834347506, 0.35565739645668526, 2.0191475794372855, 0.8504075976822997, 0.47750847726650764, 0.37095736021014153, 0.25571880657403917, 1.4165755503960125, 0.3842129686724456, 0.7861229722764794, 0.503070107595195, 0.3081473974778441, 17.681169020185184, 2.018909210442655, 0.8612858404403311, 0.7391267513796229, 0.46000971022299075, 0.4709916869109031, 0.25974570024981647, 0.33971157930986834, 0.4430903503837009, 0.239948262554415, 0.22261068417706362, 0.17370789389706268, 0.24737086784606027, 0.7686101277001566, 0.41335700662342645, 0.269034368012264, 0.2710480062412369, 0.22807383996571867, 0.17188176054689108, 0.2780846674907851, 0.31342049835187075, 1.4759740293354837, 1.0275690883402508, 0.39289405465800464, 0.3217818174108248, 0.3026648295377368, 0.26619706671695903, 0.2627088267427871, 0.17201823998490728, 0.1845370331729354, 1.225622836155088, 0.5082975630534621, 0.32511196428016464, 0.2267888567768735, 0.1849830392527968, 0.19584858614807318, 0.16147043226898491, 0.9870058153090558, 0.8417147461345171, 1.5589240375724476, 0.5345235684208772, 0.3459595731070088, 0.19233916954845812, 0.14207824105176195, 0.09738703292616997, 0.10122333155239596, 0.3388720906158406, 0.8303921808157695, 0.5174151330427145, 0.9481887112948064, 0.26925076178141166, 0.23389686073803292, 0.8639633502093151, 0.9103667919604544, 0.4070062315549214, 0.3842601376842208, 0.3846811206486983, 1.285666966228661, 0.4725740089718183, 0.22428159458802321, 0.1852689707227399, 0.19479883747671942, 0.16993444224668497, 0.13123036997563642, 0.12284044631406046, 0.11674254695670698, 0.17249888719129275, 12.601808034206735, 0.43646792968968845, 0.3775563519492211, 0.3280594317815622, 0.2179636424749064, 0.1761354208700649, 0.3213816314338116, 0.1758554087446479, 0.32269093257049514, 0.5064704623154374, 0.19031275959938737, 0.3944311967936145, 0.4913409365318148, 0.31422904717112726, 0.218891357856567, 0.15028836758388947, 0.5121577281635568, 0.7058827747760612, 0.4912467437863783, 0.2481955773125592, 0.18437193114125341, 0.36105881613105084, 0.22503689457385825, 0.1209832991426582, 0.23715644985741222, 0.16933123003335648, 0.170863734140845, 0.2441184107752031, 0.43074312328547754, 0.6196544964027603, 1.3194758275961542, 0.3616549654115145, 0.190275067551177, 0.24004366890303455, 0.16719698603147173, 0.19502135976888307],