{"best_epoch": 91, "best_val_loss": 49.77468743033418, "train_loss_list": [330.732078444186, 247.15758987635596, 226.12552765183344, 52.169672156966385, 17.251177589218067, 91.23127759836906, 43.07146316675368, 13.685562652053546, 7.640854253235076, 4.454825623605202, 28.647687367413397, 6.13455780746912, 3.361680686343635, 5.308544646802853, 98.28686642560872, 36.62351941902229, 6.968612103957068, 3.419728824225774, 3.594150842448084, 2.8338354994174644, 4.732110828337081, 11.5060629196412, 14.38060717007312, 3.151634340581112, 2.025505627376539, 3.5457900641839575, 1.7888291547685315, 1.931183699238195, 4.469041618039993, 2.1635105044441514, 1.3016958503322094, 1.830691331166128, 2.0508585479519823, 13.389990559876992, 2.752094276970998, 1.907618002253882, 1.818021265413317, 4.749407076879259, 6.383080286714756, 1.6424388870358164, 2.2266433622055706, 1.6794043753119392, 1.5632148016721545, 0.7659952187032547, 0.8852212738596573, 6.060202229161983, 6.597086212731286, 2.9297445904076302, 1.483679712753826, 0.8588950665364765, 1.5086071948033815, 1.0697998971506284, 1.0876036722650615, 3.2078688753517732, 2.7931480849894568, 30.723758643001737, 2.7575889942799923, 1.5145602858918832, 2.757458717846244, 1.839003912556769, 1.2869531736636195, 1.383799237389837, 0.8371253203038134, 4.526409341446847, 3.0673427263183215, 1.9162119086320213, 1.5331666254802716, 1.4977251201615425, 0.486477920630607, 0.42053349117770017, 0.9533697847858914, 2.1403693519808824, 4.490816246877386, 1.0960883354968796, 3.223240910405853, 1.2858771062857506, 0.6612502464779991, 0.7302608742244284, 1.0128423241834041, 0.9962164471865474, 1.1354963370679592, 0.41499811069620124, 0.7446479670221934, 1.7582336812947124, 1.4250997722002545, 0.5930187910389553, 5.352390404878908, 1.1311896293210477, 0.7947678814506511, 7.4269527792630115, 1.3060252110058015, 0.5835946917544725, 0.5820892741105317, 0.3774676601198258, 0.30542817660399335, 0.42818907651928045, 0.366953219497874, 0.4896149187457936, 0.39425545437073833, 0.7091310216479415, 1.7947578689542432, 1.4944866364328804, 0.9476402537911106, 1.2358023265036655, 1.4809883849767214, 0.4959951087201982, 1.1546186878424454, 1.2927464126792427, 0.862877976198915, 0.7339994273645761, 0.5488029008340576, 0.501496503290314, 0.3077584527381307, 0.5452720756548496, 2.485312055895226, 1.984446738477928, 0.6803056149923599, 18.175201632686917, 1.190301102894352, 1.190299031459887, 0.8277847817693529, 0.47612334771332665, 0.40581967106781547, 0.5429982393326186, 0.5329588060858074, 3.125038806416023, 1.406714799150087, 1.1684346892139827, 0.8039887618896523, 0.5252239470015493, 0.5457256002849012, 1.5199815069882963, 0.9572103595978819, 1.1115381872217753, 1.3103161697672119, 1.6481221476342145, 2.403325721690445, 0.9541802743233587, 2.086615741579263, 1.0813561146466244, 2.7092148157007983, 0.5879105097966416, 0.5388329430582975, 0.6012124861443537, 0.592520463369709, 0.42735617911940765, 0.3752736220981791, 0.5829857931189384, 2.22498427898042, 0.8931080017163108, 0.6647628146889963, 0.654910850246422, 0.347175289957637, 1.7678257234545212, 0.4031076685722655, 1.3730054918860872, 1.139719054246847, 0.5618244233838079, 1.930808699868655, 0.588121611297862, 0.41013326686515095, 0.7395951088426714, 0.4219627922618999, 0.43619560267970525, 0.5405370424315827, 0.7509390428535149, 24.38816164632028, 0.780063440416724, 3.0820654720103593, 0.4444606024640813, 0.3015740322137312, 0.22515883131556927, 0.26452850483540563, 0.5027489362298349, 0.6065311934715835, 1.8040316185304326, 0.44316850613338654, 0.3929927328177422, 0.3152584705312529, 0.35429067797978675, 0.25237713363333575, 0.5447542765201697, 2.608454898441662, 0.6316242985086409, 0.35171800047633023, 0.5638537716652875, 0.9385196749490787, 0.2710163489836257, 0.2515522284132375, 1.1727743494896723, 1.1713361011728565, 0.44155585799706165, 0.37364299618198665, 0.8866180118803482, 0.2767272525065058, 0.7590366568474298, 0.6003448313139443, 0.39681627264281716, 0.3329991860752755, 0.275185007942669, 0.4469246090545023, 0.1974720912512252, 0.1532747510769572, 0.2167015932368551, 0.19453217616588864, 0.2519687095564723, 0.18084205965822023, 0.17395115449147416, 0.6333961801970248, 10.147423268887533, 0.6586061407589477, 0.44433706474121654, 0.38504882402174684, 0.28924306775581415, 0.7643902765503399, 0.2691944785820116, 0.17483492280158572, 0.15712947884404915, 0.28403878227098633, 0.7972470304294025, 0.31330092230781353, 0.8080878882033036, 0.17786255721684133, 0.15835853897324897, 0.14688622649363758, 0.15052591959155007, 0.4100747859279675, 0.9332251077107513, 0.2969496027467773, 0.21290250339129166, 0.18071712715011873, 0.13884633876454114, 0.6528375932865523, 2.3367240063249723, 0.3987865446454566, 0.23725386370156845, 0.6333395544833458, 22.64277367697616, 0.6765240520576369, 1.788067693946333, 0.7299677829413275, 0.5205103957772629, 2.870399643955132, 2.151046631461171, 1.4945832730221031, 0.6100045017804041, 0.5317579511336238, 0.2774299774383274, 0.4172454195012472, 0.2172489401702119, 0.24365308232318045, 0.296692848170579, 0.3463006655477435, 0.25511448431401784, 2.2031078698563213, 0.366445038972633, 0.28271939560971593, 0.2024069715710763, 0.26505875153523784, 0.22977616779760718, 0.13853643423342707, 0.19241725507947866, 0.1570855738587442, 0.408083128751864, 0.5087777081087029, 0.34144434730034756, 0.201776590618823, 0.2645732247922171, 0.3748751011259515, 0.20159046275681589, 3.153465093202846, 3.558822286894659, 0.6869386975368684, 0.7492316819246501, 0.37937380715436453, 0.4055537429916976, 0.2989391126636434, 0.22319415382990684, 0.9318568704624661, 0.48879262130527834, 0.3350957335403531, 0.4326711184105856, 0.2989146962998305, 0.40313919085726097, 0.2100524397581765, 0.6453223457346715, 0.2625007706507352, 0.1694437602897389, 0.21813770802436824, 0.18419630776352852, 0.15068050461733284, 0.1315264905626525, 0.2785478394680902, 0.1327405600098605, 0.10936514537820151, 0.30264527171219735, 0.23814519665646877, 0.40309869447418334, 0.26965149884287865, 0.18768763446161615, 3.952769281042381, 0.8583714253212742, 0.47108576222615667, 0.23500448774172095, 0.1747055397524724, 0.4266859641332074, 0.4425659085667689, 0.36770837199293677, 0.24251543910938175, 0.16482434792602596, 0.1759257627374987, 0.15859942116541792, 0.2623213822939926, 0.28515112893029704, 1.5327221324148887, 0.4604027571894035, 0.3943038179903295, 0.2671822601960121, 0.21258939771220564, 0.20639248119146292, 0.32414188706405, 0.1477408726664402, 0.21244381666892262, 0.10480564068344506, 0.5072421636344071, 0.43275822885379706, 0.23435674013607616, 0.23745526285048377, 0.19151606643968058, 0.11652088853737119, 0.12445592279213218, 0.14503116526100124, 0.16732494670754502, 0.10878838568988877, 0.17516855984483282, 0.13005997141858683, 0.1797556905096949, 1.0551343697414692, 0.3752892097701312, 0.24396107805260583, 0.14151961486400907, 0.12355853053344419, 0.08368246170913009, 0.14708169919540753, 0.1557681292399375, 0.16898249333082122, 0.14367801866234478, 0.12301835728579037, 0.12350774005315295, 0.1224208506655455, 0.16237218266947623, 0.10512500288352063, 1.709836378258429, 0.3688641363881776, 0.24664850911540417, 0.31585690574571473, 0.1627336054356818, 0.12615079909135565, 0.09769853369966014, 0.10242825275279067, 0.3741822710933822, 0.33723012084575377, 0.30663256378247267, 0.2522861510334364, 0.21927708703402363, 0.12702456665909198, 0.09448791311816852, 0.14573616059908606, 0.14987791816020382, 0.1279221643887167, 0.07860562655706316, 0.09809781834787809, 0.11067301174318832, 0.3106515247403709, 0.32500168204755925, 0.14506631707079995, 0.2516622313284356, 0.18541244419399186, 2.2498416684084224, 0.3706101137644405, 0.14017635392425798, 0.16241641151329012, 0.1374249988531622, 0.0985995073755244, 0.1287792365482122, 0.08472991370559248, 0.07179768277318241, 0.5057164662938204, 0.3654876163674758, 0.2767473346653158, 0.14167399958000323, 0.09528110867552365],