{"best_epoch": 47, "best_val_loss": 62.856388251654465, "train_loss_list": [353.83343956379986, 243.47085993628764, 143.5212791510964, 93.79615881947088, 37.843720057013456, 31.409410520871937, 15.355760828540602, 19.445666502777303, 23.032207460197952, 4.866421357589339, 4.42998276686213, 70.79013590565437, 28.496727093884225, 19.388511690802783, 22.852646489922147, 12.665459546288377, 3.4124356541625906, 1.9636130453097598, 3.14567294177681, 5.593716873939901, 2.4051001753342893, 3.2934579708405947, 2.488102360308668, 4.604674757970404, 3.0671336353761407, 126.91210264683232, 13.265664699850218, 2.822321090963206, 1.511671344028614, 1.1116268850772137, 1.0211025391016837, 0.9810212615840594, 1.181544999224134, 0.9206322347458896, 1.9378068603558953, 6.643019944375421, 4.71723310208178, 4.334720043850739, 4.255940008118268, 10.477989277390575, 2.9828828011341555, 3.2787833110051423, 14.459092951137325, 7.865448261221242, 1.9547107986447694, 1.2595102942782075, 1.1274077162645435, 1.1594030507557727, 1.2576375808931637, 0.9312724564167096, 0.8784544962943702, 1.7356281429913147, 3.2989725147985367, 2.4060800393380894, 22.107485559164086, 1.6085204770589094, 1.090760135058784, 0.7159523425531019, 0.5241662679217467, 0.7666901146757693, 1.049786743293375, 1.4938131167037614, 12.010297253728192, 3.3743339005194057, 3.9589237912707236, 2.489059250794637, 1.4840255191710232, 1.444679882506763, 0.5573702166255348, 0.5510057198052715, 1.289105873594871, 5.745657485659892, 7.8500242524999075, 1.439958122311806, 0.7725264754182577, 0.42538169277672105, 7.947379902172968, 1.5582418615977796, 1.013244486362093, 0.9967184214484739, 1.883383307916695, 1.2656208223987913, 4.373992862753411, 1.7866260271280772, 3.0467865983858617, 1.1583256488548561, 0.7680731181065811, 0.7010733719981161, 0.6938657429637773, 1.2257902821296427, 2.4895750472142057, 0.9693489716700372, 1.0188550574332071, 2.114334666603297, 2.081574125716399, 1.739062753578049, 1.5307392603211454, 1.3138793919447689, 0.631048108735715, 0.6380036013399779, 41.14475720776594, 1.4855201431522316, 0.9631598518340669, 0.8729278312416859, 0.8522979163101123, 0.6095836177689632, 0.48686964904604035, 1.464030862866058, 0.763775357603693, 0.994354952153521, 0.5101337398043633, 0.35034688579224177, 0.7755657799167314, 0.7243641278845554, 0.7677740692817038, 1.0756779956121385, 1.2103709347861473, 1.2498666078339429, 1.1558689714303876, 0.8220631697726022, 0.5570347217410742, 0.677520815106871, 0.4871947051078426, 0.36754514785648296, 1.5487030237317163, 0.6537087781701773, 0.5049872897491773, 0.45172991245802235, 0.6463716177827563, 0.6946874100657259, 8.123564893659672, 1.2288400519274147, 0.9560254248329711, 0.6159460722712471, 0.7945886620598245, 2.222348109289993, 1.0044776086629952, 0.5272324970924981, 0.32542812574343133, 0.4066442863837527, 0.41617169555105593, 0.2919272816773312, 0.32534838610512695, 0.3440025196196948, 0.6165911974453026, 1.395303189167699, 0.860057068287437, 0.738015308188574, 0.5712030815317394, 0.5031912805498323, 1.3274113295466372, 0.42661059063753887, 0.7863699111425371, 0.33410438395691483, 0.20848907939653577, 0.36228674305667075, 0.19381884428863375, 0.1865647714351005, 0.5146413916961183, 0.3530830815545748, 0.27245848551937885, 3.821241596123919, 1.3860674958619688, 0.450228641730492, 0.3167204934101888, 0.5029826137766114, 0.42357858838392287, 0.5727320706265667, 0.9987783814860979, 0.4926248074589525, 0.3110048347969983, 2.907737726659606, 0.48885831545285013, 0.3630368907891383, 0.9869205867876685, 0.4820291738204068, 0.2629400428906502, 0.1949389787381751, 0.21229500673533372, 0.1974174150146445, 0.21276925321925264, 0.21219654743972255, 0.6589238968778451, 0.48703846031542236, 0.39670771672084437, 1.1508069534487626, 0.4074684557826429, 0.22335461818262872, 0.2279707499677981, 0.2340723595757738, 0.8547937043995705, 3.115228036577531, 0.7162037926454786, 0.6054367932753949, 0.32065467731382546, 0.3072383628714815, 0.3383662273060949, 5.188673447656538, 0.5126391837516073, 0.3578846903075561, 0.31102757546237936, 0.2580580038056451, 0.29091480572547257, 0.24731465981520992, 0.17103979091525193, 0.34529382416124554, 0.4507618129079772, 0.48228444356949784, 0.323252787627165, 0.3815758139207209, 0.2815057482649844, 0.19914999343109832, 0.1710009503588844, 0.4505188506298527, 0.38389041361767634, 0.3327847406614377, 0.8640857214856513, 0.7598353247835459, 0.31820670070645657, 0.32101946301983797, 0.33892496378277226, 0.20018142772978667, 0.27951940332926656, 0.1430521737350978, 0.2634700763687028, 0.36002438607167575, 0.20762343568708627, 0.16344988386742293, 0.24099456129206567, 1.7944581344657482, 0.4963865903074132, 0.40873914946828516, 0.2818036814718403, 0.1721605417962101, 0.14160553692928604, 0.4430155208135253, 0.18339992202055697, 0.20277872856999982, 0.5383783534386495, 3.186233476165193, 0.6461611625273781, 0.46853370746012285, 0.35346948920980426, 0.19040825954165658, 0.17590599477488025, 0.17178903335070445, 0.27022716334194286, 0.31733123064441443, 0.430252589340811, 24.861080416266674, 0.5998286525184753, 0.3135121479359335, 0.28653842840668337, 0.19886059775488193, 0.31372065283354617, 0.17251114242399582, 0.1782536380244099, 0.14258699770754257, 0.1364468776162871, 0.19698433180708969, 0.6533374417890604, 0.37287431476211647, 0.2163885404941898, 0.18268902998608968, 0.510237022664622, 0.1580520185706998, 0.15130903481967134, 0.2535276420069512, 0.1738262436126556, 0.14984423111695938, 0.15212132330350694, 0.1803556012025987, 0.24415108838253746, 0.19563802205122696, 0.2149661492071796, 0.19006084536374598, 0.17168207359449017, 1.1630001611942096, 0.52495806942361, 0.23019415226625844, 0.19390170815409422, 0.256555365926311, 0.2952803738303184, 0.22747341907249527, 0.16249158139386782, 0.14575804341525667, 0.1736386060734163, 0.12619023902663531, 0.11274317070357809, 0.12992932161837156, 0.14167491033032523, 0.25995192134947176, 0.23713714012447226, 0.16342339390515948, 0.2937647699584269, 0.7066007697229671, 0.38997382735132907, 0.712986281597136, 0.33579362677124885, 0.22314060641871442, 0.1530425832585898, 0.1272635628620628, 0.0958851533453718, 0.2507981760021314, 0.32016782931216115, 0.28712923943688706, 0.214958889852807, 1.3655707089653224, 0.3539616087989465, 0.3934457780785345, 0.14929828385090538, 0.15370573717731784, 0.16814847694088436, 0.1442422342375231, 0.1307968558312131, 0.15033602800567272, 0.43315673655223036, 0.24856409291684492, 0.16340273476331335, 0.132933963064932, 0.20097190111684668, 0.2552689845723178, 0.2030733498528221, 0.12232041498636576, 0.12622464541170203, 1.2765772308273884, 1.181084018348376, 0.1942247123423443, 0.20408745451179636, 0.17001345354354122, 0.1327257462532129, 0.27796979286794243, 0.2372928606075497, 0.17362647410230023, 0.09069247187427061, 0.186864560113329, 0.4877375188306455, 0.2119535707299151, 0.13467465976335333, 0.11350781571242514, 0.09737560326101312, 0.08161140333041099, 0.08567355595227061, 0.11596114767644838, 0.12309938137693352, 0.1173773674598284, 0.09711278430604339, 2.7774394586606364],