{"best_epoch": 172, "best_val_loss": 83.07944662302482, "train_loss_list": [315.0255213621782, 348.47828032812043, 198.11347431273637, 60.76450390563596, 58.57768782378445, 24.695143781003363, 139.80857945235502, 142.3202593049234, 31.18719501609144, 7.135030302377646, 6.198289401868473, 10.825917267473075, 5.979736782123245, 3.178722546503397, 37.995803193286754, 10.176453042877919, 4.9379451683572855, 3.960919432617217, 4.071589241551695, 4.610094083482198, 2.8282885999494645, 1.3019281561861713, 1.8329805973294717, 4.92578398966799, 3.9808680070822553, 2.1740670379922737, 3.5881369955273765, 13.460813253210953, 2.6799495166397915, 19.192531288937726, 5.915796254266033, 5.22402085280008, 2.778221852870691, 1.8128286300025263, 0.9086335729086318, 1.0422717177701846, 7.244172603195744, 4.63645005235261, 3.840187376805704, 2.193632722999371, 1.3856543561418577, 2.8638115578681513, 3.8939379929289832, 2.055167915508551, 0.8244684638771365, 1.7790445651465496, 31.27967695015505, 4.203526363003788, 1.4673537469165294, 1.1916400464955894, 1.6883157523145615, 1.2634317398465256, 42.468044281070966, 1.120470895865236, 4.683241615122599, 1.9408714154318496, 1.5161173201591325, 6.346281043695208, 1.5481076276998122, 0.6421273464872643, 1.464589580537389, 1.448004023747643, 1.2145615666902312, 1.2676999403871247, 0.7035820557540373, 0.6950722596441828, 0.7910015250359431, 0.6733152393264595, 0.6987682139132536, 0.6817013471940263, 0.7179718675546273, 0.6117450264027428, 30.072690024899067, 2.656473760726565, 2.284532642493821, 0.6947376876282098, 0.8273618852882356, 2.207331758226354, 0.9869233831057133, 1.8223872325066333, 0.5780057835838613, 0.5796095057818366, 0.615607457751632, 0.5198333546061044, 1.6832700851768976, 2.5677037932121434, 1.0345977068981271, 0.48970855689918164, 0.6024712514795967, 5.093876517870912, 3.1562974621643387, 3.0205982719296287, 2.3358843311772612, 0.7388601992505349, 1.901501150069838, 0.6595219058193353, 0.35046930204424637, 0.4259796540780344, 0.527110970166863, 0.791807822165031, 1.2918398265962556, 1.0220763622699482, 0.8917019358392728, 1.6462534981825627, 17.163031705913802, 1.6673476911783263, 0.9063741841657332, 0.6541020056335962, 0.6466078568635143, 0.2991987627300517, 0.255124440609573, 0.24558900237572276, 0.635697609928977, 1.1406443626709082, 1.4526142731118075, 0.6698049434791683, 0.32552168351509086, 2.2090304036068593, 2.3484418909607094, 1.8894828616506627, 1.3829081168676416, 0.451380732161092, 0.394042064676827, 0.2771259035772268, 0.8576702592833434, 0.48504269530829675, 0.2712835431553279, 0.8038627632089448, 0.49672614418824607, 1.749062901870189, 0.9290559167998981, 0.5405531302358773, 0.3623779045488922, 0.24705491256028767, 2.9322957936196508, 1.2254013358487181, 0.7118455841564194, 0.4558495070394796, 0.27086412867250104, 1.1377914252348162, 1.8779286049761847, 0.8628748576165663, 0.5060636323111457, 0.28442383970360124, 0.2356809783125826, 21.75120284816459, 0.9844346906217878, 0.5343646368999461, 0.8951078995218145, 0.5780761680463213, 0.3700856682266622, 0.3575062711670877, 0.21315796510174712, 1.7638769997614556, 0.8753217946667197, 0.8976092678620822, 0.422008424420222, 1.3154131630709984, 1.0990445316288584, 0.8138711893592779, 0.4301555413022315, 0.36762443988755195, 0.4491383584328988, 0.534169514083871, 0.34838602273132735, 0.4721511388658351, 0.2960568960380321, 3.5005319787797218, 0.8192428749378384, 0.8782030473173849, 0.6012111488992499, 0.342834035237418, 0.5955796049995236, 1.016994820563061, 0.4467998553270411, 0.2337622547486644, 0.642110725538619, 0.5754499742856198, 15.38478654877802, 2.536453008623563, 1.1123861637350556, 0.5017887586545849, 0.2534909926410808, 0.4807468960001503, 0.18668509936617828, 0.45545619132553744, 0.5460852821388466, 1.0969781934059808, 1.289503164409672, 0.5772700101294219, 0.46727401828333176, 0.3045536606294031, 0.20236097284557528, 0.31930817790303584, 0.4841640509333647, 0.6524313524771077, 0.4053087426840796, 0.3060755348796738, 0.22281872891405752, 2.3472421211921732, 0.7250277902704917, 0.4910308697881253, 0.3287965132499412, 0.7667597769164021, 0.49947148646586614, 0.18145757952095784, 0.5106258622837626, 0.4523249426908456, 0.5204026051591956, 0.2499142690603828, 2.8578055401529974, 0.7424928696785827, 0.40570575038252216, 0.3731373872636743, 0.23735879985910183, 0.45239906351246284, 0.28099785226616425, 0.18308220927547655, 0.22890030477828802, 2.1398976484795007, 0.9197127442158556, 0.6929144167453869, 0.7362410275731531, 0.5023662457503096, 0.2736136334194218, 1.5596285623894488, 0.9638359530045795, 0.552476377170663, 0.32668784376032245, 0.3405132540930642, 0.2757702799858726, 0.16703067701177068, 0.16385929995302714, 0.1345819492580129, 0.40607049090993586, 8.44750249031431, 0.6340402511191126, 0.32218323897536566, 0.3617578004237674, 0.5128527467774009, 0.34116146193541885, 0.27131757361696063, 0.31520608583035153, 0.2617861921180331, 0.23203602769644452, 0.23807623534077274, 0.14073377300090423, 0.3194379939537808, 0.37346932788991344, 0.28993962567108045, 0.21621815753947865, 0.1463096276971205, 0.49791666418297287, 0.6540657961765782, 0.3599747900488579, 0.23425454499961001, 0.4088462929603851, 0.1568984374314713, 0.16791325556056236, 0.7233805482342315, 0.4645903382478582, 0.2783300917629151, 0.14797905925198776, 0.23977115321791045, 1.1201237445759997, 0.7325756027987125, 0.31510478559377303, 0.3246432829809905, 0.18507403162986524, 0.3157153876596485, 0.36247324192255664, 0.3677835990021835, 0.38882440354455533, 0.3839041989325471, 0.21765223031934447, 0.19840555866594775, 0.1799004116145022, 0.26763119963642695, 0.1617809597895547, 0.11271402474802035, 0.11279667544135644, 0.1326484632840709, 0.12330882859952341, 0.12644802154494256, 0.3114336114424429, 0.2379581083572569, 0.25855388218544834, 0.5114654849915211, 0.32708890225616283, 0.19327850623954332, 0.12492665948247557, 0.2483362437525422, 0.26666748506705673, 0.15313243218774295, 0.18297970921904044, 0.18096452590552906, 0.16361012738582686, 0.13394740287396337, 2.252294222113098, 0.5271243696299975, 0.3547700489503078, 0.3197500953941379, 0.17977602815940583, 1.112982559189745, 0.6024470013424456, 0.37480436083106183, 0.2752695343099609, 0.19358597341584777, 0.19234645925371824, 0.15591648923895118, 0.23081061182356322, 0.22571360712720087, 0.17575437775051925, 0.1464801838585954, 0.1028100658379101, 0.1592715968556265, 1.11482235886156, 0.5286736791984258, 0.5974518565648215, 0.3507808952649454, 0.2299483134180175, 0.14081568728298852, 0.11982806572513446, 0.08484081144410666, 0.1271987537122697, 0.1173063299351983, 0.13708311430025524, 0.13759559629378382, 0.6025207057211859, 0.7885266236064726, 0.6482075964720717, 0.282182291785002, 0.3048931269843965, 4.538738169617665, 0.46923970489982625, 0.5729974540316842, 0.2014856837869888, 0.2891561082632842, 0.22785791420762472, 0.18859226132026874, 0.5924075387789421, 0.24336047750362852, 0.20159088038734405, 0.10537202031849266, 0.1285634892421445, 0.11967042287091521, 0.10036221629644325, 0.09592745567177514, 0.09897279894580605, 0.2410542776601491, 0.1420598212778268, 0.10824688258783098, 0.25530627627850666, 0.15708888519265002, 0.3506766122196626, 0.21308076765129222, 0.39808178976894043, 1.8273608753561095, 0.4127504938869857, 0.3450638063801744, 0.2966780769945286, 0.14196055606628016, 0.17622017461104436, 0.14398860841884625, 0.11487071629117146, 0.13816161677541808, 0.10729415020556089, 0.1040011263284527, 0.13075631185506367, 0.10582069848914542, 0.18408575329619786, 0.17741968222171817, 0.22139032720549023, 0.14502521035809868, 0.10859490413445629, 0.10404713086379347, 0.09064784677995309, 0.10828783382690889, 0.2129024660137644, 0.5319812869611164, 0.20121843290837185, 0.23990971525131025, 0.16910122521437262, 0.11891888560184492, 0.09323950028252505, 0.800367809500313, 0.3512255165810388, 0.2716606076447665, 0.17197422683524163, 0.12979478262112515, 0.10346528218246068, 0.358670441687737, 0.28407749189405773, 