{"best_epoch": 42, "best_val_loss": 125.85340864777345, "train_loss_list": [322.06263577366707, 260.3907801037571, 138.7935499878481, 82.72258935703054, 26.591365790846574, 36.454052041717546, 67.89744339543581, 88.71475927722278, 9.18404514292952, 24.102966451876608, 5.719117022972742, 324.17719539013194, 22.210678449485176, 4.008704452923802, 2.651190853991203, 1.7845220840019334, 10.599933733173456, 2.60052574450573, 2.5819597190469716, 3.0550356219355597, 3.213392159541895, 1.97353997551379, 2.68657192010108, 2.3996049921428844, 3.0194365133078556, 5.468880360029883, 7.869303726158018, 4.0958784639407995, 2.247916321194924, 2.9106459061096426, 1.049707008985539, 10.08047624141201, 6.418890017060589, 5.525715540646105, 34.55366689243173, 1.3103740275187727, 2.127899929191364, 1.3262731749991143, 1.0254553503717687, 0.8914130128363479, 0.6231831854985322, 0.596424441948289, 3.7642116002401957, 2.337206860839834, 1.5714837023383739, 1.3472242005077437, 1.1685871072014742, 1.563008638718002, 0.9641204931690941, 0.9128870530465093, 2.550617803294301, 3.1351872689376914, 1.528248537888488, 0.6886251878679808, 0.6990583527953628, 0.6736267958048053, 19.88047003584548, 0.9522891720495665, 0.8887738436479972, 0.5613720257950299, 1.2314749900423783, 3.377546754740221, 1.4198275117820325, 1.8050582880549304, 2.343651355853734, 0.884838083036074, 0.6496538696956152, 4.381338910347773, 0.959562952801768, 0.4570056568559723, 0.3784471211474066, 1.3984430446629008, 3.181024244725373, 1.7078183339740216, 0.9766908907397519, 0.4376046965340222, 3.0039475026309543, 2.3561187640730763, 0.8760451215635143, 0.8207257029842484, 1.0716346052912633, 0.9594044443951992, 0.5380111941656484, 0.8670181454623042, 0.841315398749759, 21.855797015819, 0.8767349580964152, 0.5678499311184797, 0.36865042414505983, 0.36469743158932943, 0.3541369187606888, 0.5616832664098181, 0.553591073036521, 0.6483634496525564, 0.4689484041228773, 0.6775243146130817, 0.5299854175729274, 1.0160940080150904, 1.1330767062893303, 0.657621734860063, 24.272504398955643, 0.8316011916364212, 0.5911310190315405, 0.3357465310675693, 0.45424991472637405, 0.491926803131396, 0.7297243755426587, 0.7028811317472314, 0.4375073309525713, 0.5600777164332948, 0.38166262487068053, 0.6919399306721615, 0.3597679064235639, 0.39709420412484486, 0.27767880091293656, 0.5930737833624913, 1.3231065342606598, 0.5895937664829852, 0.3031993719899414, 0.2623564966919147, 0.3186972789429307, 0.4832003816734372, 1.012899447805708, 0.952517158656483, 1.2261805117624416, 0.6234191143145337, 0.46387279915893265, 0.25283240124385425, 16.751292400477343, 1.1170492816908342, 0.6685145155536071, 0.6188609327176078, 0.559256828548479, 0.3399683497179418, 0.3110738885843785, 0.4861050366599674, 1.310867749441562, 0.6572344734911635, 0.3776355719626707, 0.28016899923262917, 0.22583893242881414, 0.24582168777999525, 0.25803717992494374, 0.28547087264069987, 0.5694224700861159, 0.6453209359584923, 0.49341722338289085, 0.49373287249865044, 0.2303093422747778, 0.2777971458547992, 0.34276900229917884, 0.189536836771776, 0.2891811943727293, 3.8653270530966, 0.3676286224710353, 0.38017929879835155, 0.6688329364462352, 0.25951962113791655, 0.20403383155708718, 0.49106720554125166, 2.988845732925359, 0.7273113753936736, 0.38447075501062905, 2.46220509313968, 0.5835768922232457, 0.4030288502658549, 0.47482070733841614, 0.4667368159767876, 0.6295253828284494, 8.549397909645174, 0.5333390788224186, 0.4007175921290478, 0.38322519346529654, 0.35113636666615433, 0.5080392532833687, 0.2820081501844743, 0.4210257119986693, 0.2488204753188609, 0.23031899437524217, 0.6404356581126436, 0.5130449179944251, 0.30123391610429034, 0.3363430725045508, 0.7034918642565386, 0.1692571823801178, 0.33654445505917135, 0.40692346835249876, 0.2664259384576185, 0.19146851993629668, 0.2086138724735431, 0.39247869044419337, 0.26792756518688526, 1.1549135188280124, 0.565837566282827, 0.318519970206352, 0.2674958822256124, 0.3032254940209944, 0.277357052096488, 0.15831050994048737, 0.16871409625103512, 0.23262964696517918, 0.3236427253166208, 1.4782718964961512, 0.3776517609827074, 0.24449692140481252, 0.35743769056071023, 0.5756600313111901, 0.21754752592487042, 0.13462699879766532, 0.12285968483286336, 0.28185329869505554, 0.23503339068744428, 0.35779852284955344, 0.36448394079220764, 0.21725041671837844, 6.077841795206199, 1.9156831713748734, 0.3198165758815576, 0.21259758597804693, 0.14727402242545326, 0.3385392878920887, 0.6249460773518004, 0.1390054702994867, 0.12084037365368305, 0.1453346418935388, 0.28197831630821973, 0.7813247134043217, 0.3023541322272584, 0.3405451585926138, 0.16226915193477748, 0.16327330003001406, 0.22794071277438482, 0.14116381898643476, 0.10651035793358647, 0.21520130903741566, 0.32316592433269276, 0.243307204319957, 0.1822703818695999, 0.43594377215571617, 0.26340704611645965, 0.12710888548753546, 0.11528381341943633, 0.5248439423328826, 0.31693056578572243, 0.29384906139012407, 0.14080685649438532, 0.2577814408308704, 0.47182064873251084, 0.4952666862299714, 1.2867383820137945, 0.15626666174714737, 0.11764278965599863, 0.12364743859077192, 0.1002369816243118, 0.2384322813224132, 0.1261803087558188, 0.10731832319469418, 0.17293995116865546, 0.30952210981250455, 2.0235200656842713, 0.2745133696367861, 0.1952788579564845, 0.1484414968515591, 0.259715131530906, 1.5063338635559702, 0.3709507069046528, 0.2226031127187365, 0.2708163013896389, 0.1742953129292805, 0.1326187596958731, 0.2655981078818257, 2.1687103373313614, 0.3124264843656472, 0.24114016131744762, 0.2170733343577521, 0.174323108602107, 0.11811834150255406, 0.21048049521833426, 0.10875871412966309, 0.13106834503391485, 0.8617771190390326, 0.37083514806018875, 0.18830102046678188, 0.3147300617978346, 0.12842404486278897, 0.1639423338179166, 0.09892208114369201, 0.12303338557275041, 0.2297614851985385, 0.24167854807682684, 0.10288606289437034, 0.20932488457301351, 0.5537754477301849, 0.15810233640317592, 0.13105295539786496, 0.10728373033927456, 1.2681565870091422, 0.6111779061643956, 0.16197013956576134, 0.11079851620801504, 0.4444584864055326, 0.1537696262892156, 0.09279909906404056, 0.23335943382402335, 1.547306191632334, 0.4047041373983962, 0.33462654395448693, 0.16330670891055762, 0.14864740895957484, 0.13457614516745378, 0.41502456610787003, 0.21040172696192605, 0.17563153428345005, 0.4403328831528661, 0.2736188058000447, 0.16072938578758006, 0.12435430975873182, 0.1182344722571398, 0.20717269610380218, 0.7251423833896653, 1.2088411438288609, 1.1680872138147027, 0.2679999811682944, 0.18166294756277301, 0.11534973802996708, 0.1739208712510427, 0.13692266553072638, 0.18741360285672584, 0.11817711425665994, 0.17836969912204206, 0.13239047444079352, 0.12514021291691757, 0.1354649198056909, 0.23941219126322968, 0.14108116683081762, 0.1112369329549273, 0.22467289361170328, 0.24980394700446626, 0.1672182932728671, 0.19607797179337105, 0.09002109835600126, 0.10090618694301032, 0.2281952808115724],