{
    "0": [
        589.0,
        820.0,
        0.7182926829268292
    ],
    "1": [
        571.0,
        820.0,
        0.6963414634146341
    ],
    "2": [
        574.0,
        820.0,
        0.7
    ],
    "3": [
        615.0,
        820.0,
        0.75
    ],
    "4": [
        599.0,
        820.0,
        0.7304878048780488
    ],
    "5": [
        592.0,
        820.0,
        0.7219512195121951
    ],
    "6": [
        550.0,
        820.0,
        0.6707317073170732
    ],
    "7": [
        572.0,
        820.0,
        0.697560975609756
    ],
    "8": [
        564.0,
        820.0,
        0.6878048780487804
    ],
    "9": [
        604.0,
        820.0,
        0.7365853658536585
    ]
}