{
    "0": [
        538.0,
        820.0,
        0.6560975609756098
    ],
    "1": [
        520.0,
        820.0,
        0.6341463414634146
    ],
    "2": [
        496.0,
        820.0,
        0.6048780487804878
    ],
    "3": [
        501.0,
        820.0,
        0.6109756097560975
    ],
    "4": [
        511.0,
        820.0,
        0.6231707317073171
    ],
    "5": [
        514.0,
        820.0,
        0.6268292682926829
    ],
    "6": [
        531.0,
        820.0,
        0.6475609756097561
    ],
    "7": [
        547.0,
        820.0,
        0.6670731707317074
    ],
    "8": [
        544.0,
        820.0,
        0.6634146341463415
    ],
    "9": [
        523.0,
        820.0,
        0.6378048780487805
    ]
}