{
    "0": [
        537.0,
        820.0,
        0.6548780487804878
    ],
    "1": [
        523.0,
        820.0,
        0.6378048780487805
    ],
    "2": [
        505.0,
        820.0,
        0.6158536585365854
    ],
    "3": [
        506.0,
        820.0,
        0.6170731707317073
    ],
    "4": [
        527.0,
        820.0,
        0.6426829268292683
    ],
    "5": [
        523.0,
        820.0,
        0.6378048780487805
    ],
    "6": [
        540.0,
        820.0,
        0.6585365853658537
    ],
    "7": [
        558.0,
        820.0,
        0.6804878048780488
    ],
    "8": [
        554.0,
        820.0,
        0.675609756097561
    ],
    "9": [
        526.0,
        820.0,
        0.6414634146341464
    ]
}