{
    "0": [
        592.0,
        820.0,
        0.7219512195121951
    ],
    "1": [
        582.0,
        820.0,
        0.7097560975609756
    ],
    "2": [
        576.0,
        820.0,
        0.7024390243902439
    ],
    "3": [
        621.0,
        820.0,
        0.7573170731707317
    ],
    "4": [
        604.0,
        820.0,
        0.7365853658536585
    ],
    "5": [
        600.0,
        820.0,
        0.7317073170731707
    ],
    "6": [
        556.0,
        820.0,
        0.6780487804878049
    ],
    "7": [
        585.0,
        820.0,
        0.7134146341463414
    ],
    "8": [
        571.0,
        820.0,
        0.6963414634146341
    ],
    "9": [
        602.0,
        820.0,
        0.7341463414634146
    ]
}