{
    "0": [
        600.0,
        820.0,
        0.7317073170731707
    ],
    "1": [
        586.0,
        820.0,
        0.7146341463414634
    ],
    "2": [
        585.0,
        820.0,
        0.7134146341463414
    ],
    "3": [
        627.0,
        820.0,
        0.7646341463414634
    ],
    "4": [
        612.0,
        820.0,
        0.7463414634146341
    ],
    "5": [
        605.0,
        820.0,
        0.7378048780487805
    ],
    "6": [
        565.0,
        820.0,
        0.6890243902439024
    ],
    "7": [
        590.0,
        820.0,
        0.7195121951219512
    ],
    "8": [
        579.0,
        820.0,
        0.7060975609756097
    ],
    "9": [
        613.0,
        820.0,
        0.7475609756097561
    ]
}