{
    "0": [
        543.0,
        820.0,
        0.6621951219512195
    ],
    "1": [
        531.0,
        820.0,
        0.6475609756097561
    ],
    "2": [
        510.0,
        820.0,
        0.6219512195121951
    ],
    "3": [
        513.0,
        820.0,
        0.625609756097561
    ],
    "4": [
        527.0,
        820.0,
        0.6426829268292683
    ],
    "5": [
        525.0,
        820.0,
        0.6402439024390244
    ],
    "6": [
        542.0,
        820.0,
        0.6609756097560976
    ],
    "7": [
        563.0,
        820.0,
        0.6865853658536586
    ],
    "8": [
        558.0,
        820.0,
        0.6804878048780488
    ],
    "9": [
        533.0,
        820.0,
        0.65
    ]
}