{
    "0": [
        532.0,
        820.0,
        0.6487804878048781
    ],
    "1": [
        508.0,
        820.0,
        0.6195121951219512
    ],
    "2": [
        492.0,
        820.0,
        0.6
    ],
    "3": [
        493.0,
        820.0,
        0.6012195121951219
    ],
    "4": [
        512.0,
        820.0,
        0.624390243902439
    ],
    "5": [
        510.0,
        820.0,
        0.6219512195121951
    ],
    "6": [
        525.0,
        820.0,
        0.6402439024390244
    ],
    "7": [
        538.0,
        820.0,
        0.6560975609756098
    ],
    "8": [
        534.0,
        820.0,
        0.651219512195122
    ],
    "9": [
        519.0,
        820.0,
        0.6329268292682927
    ]
}