{
    "0": [
        590.0,
        820.0,
        0.7195121951219512
    ],
    "1": [
        565.0,
        820.0,
        0.6890243902439024
    ],
    "2": [
        567.0,
        820.0,
        0.6914634146341463
    ],
    "3": [
        614.0,
        820.0,
        0.748780487804878
    ],
    "4": [
        593.0,
        820.0,
        0.723170731707317
    ],
    "5": [
        590.0,
        820.0,
        0.7195121951219512
    ],
    "6": [
        548.0,
        820.0,
        0.6682926829268293
    ],
    "7": [
        575.0,
        820.0,
        0.7012195121951219
    ],
    "8": [
        564.0,
        820.0,
        0.6878048780487804
    ],
    "9": [
        595.0,
        820.0,
        0.725609756097561
    ]
}