{
    "0": [
        530.0,
        820.0,
        0.6463414634146342
    ],
    "1": [
        510.0,
        820.0,
        0.6219512195121951
    ],
    "2": [
        493.0,
        820.0,
        0.6012195121951219
    ],
    "3": [
        495.0,
        820.0,
        0.6036585365853658
    ],
    "4": [
        526.0,
        820.0,
        0.6414634146341464
    ],
    "5": [
        515.0,
        820.0,
        0.6280487804878049
    ],
    "6": [
        531.0,
        820.0,
        0.6475609756097561
    ],
    "7": [
        543.0,
        820.0,
        0.6621951219512195
    ],
    "8": [
        540.0,
        820.0,
        0.6585365853658537
    ],
    "9": [
        516.0,
        820.0,
        0.6292682926829268
    ]
}