{
    "0": [
        597.0,
        820.0,
        0.7280487804878049
    ],
    "1": [
        578.0,
        820.0,
        0.7048780487804878
    ],
    "2": [
        574.0,
        820.0,
        0.7
    ],
    "3": [
        622.0,
        820.0,
        0.7585365853658537
    ],
    "4": [
        596.0,
        820.0,
        0.7268292682926829
    ],
    "5": [
        598.0,
        820.0,
        0.7292682926829268
    ],
    "6": [
        555.0,
        820.0,
        0.676829268292683
    ],
    "7": [
        588.0,
        820.0,
        0.7170731707317073
    ],
    "8": [
        568.0,
        820.0,
        0.6926829268292682
    ],
    "9": [
        593.0,
        820.0,
        0.723170731707317
    ]
}