{
    "0": [
        606.0,
        820.0,
        0.7390243902439024
    ],
    "1": [
        582.0,
        820.0,
        0.7097560975609756
    ],
    "2": [
        581.0,
        820.0,
        0.7085365853658536
    ],
    "3": [
        629.0,
        820.0,
        0.7670731707317073
    ],
    "4": [
        605.0,
        820.0,
        0.7378048780487805
    ],
    "5": [
        604.0,
        820.0,
        0.7365853658536585
    ],
    "6": [
        564.0,
        820.0,
        0.6878048780487804
    ],
    "7": [
        594.0,
        820.0,
        0.724390243902439
    ],
    "8": [
        579.0,
        820.0,
        0.7060975609756097
    ],
    "9": [
        604.0,
        820.0,
        0.7365853658536585
    ]
}