{
    "0": [
        536.0,
        820.0,
        0.6536585365853659
    ],
    "1": [
        519.0,
        820.0,
        0.6329268292682927
    ],
    "2": [
        503.0,
        820.0,
        0.6134146341463415
    ],
    "3": [
        504.0,
        820.0,
        0.6146341463414634
    ],
    "4": [
        530.0,
        820.0,
        0.6463414634146342
    ],
    "5": [
        522.0,
        820.0,
        0.6365853658536585
    ],
    "6": [
        536.0,
        820.0,
        0.6536585365853659
    ],
    "7": [
        552.0,
        820.0,
        0.6731707317073171
    ],
    "8": [
        549.0,
        820.0,
        0.6695121951219513
    ],
    "9": [
        526.0,
        820.0,
        0.6414634146341464
    ]
}