{
    "0": [
        23673935.0,
        28853406.0,
        0.8204901355493351
    ],
    "1": [
        23831705.0,
        28853406.0,
        0.8259581208540856
    ],
    "2": [
        23772749.0,
        28853406.0,
        0.8239148265546189
    ],
    "3": [
        23932638.0,
        28853406.0,
        0.8294562520625814
    ],
    "4": [
        23981623.0,
        28853406.0,
        0.831153971908897
    ],
    "5": [
        23550726.0,
        28853406.0,
        0.8162199637713482
    ],
    "6": [
        23718366.0,
        28853406.0,
        0.8220300230759585
    ],
    "7": [
        23566213.0,
        28853406.0,
        0.816756711495343
    ],
    "8": [
        23994225.0,
        28853406.0,
        0.8315907314373908
    ],
    "9": [
        23833006.0,
        28853406.0,
        0.8260032108514329
    ]
}