{
    "0": [
        23721763.0,
        28853406.0,
        0.8221477561435901
    ],
    "1": [
        23870765.0,
        28853406.0,
        0.8273118605131055
    ],
    "2": [
        23968265.0,
        28853406.0,
        0.830691010967648
    ],
    "3": [
        23537041.0,
        28853406.0,
        0.8157456696793439
    ],
    "4": [
        24101807.0,
        28853406.0,
        0.8353193033779097
    ],
    "5": [
        23723390.0,
        28853406.0,
        0.8222041446337393
    ],
    "6": [
        23844249.0,
        28853406.0,
        0.8263928702212834
    ],
    "7": [
        23977777.0,
        28853406.0,
        0.8310206774201978
    ],
    "8": [
        23620106.0,
        28853406.0,
        0.8186245325768473
    ],
    "9": [
        23752872.0,
        28853406.0,
        0.8232259304152861
    ]
}