{"best_epoch": 124, "best_val_loss": 387.3522344364143, "train_loss_list": [370.8409395243771, 284.5267980120047, 156.08766885788364, 74.76025947574522, 28.919619303288187, 51.66856054552504, 29.389879264380873, 20.821195543363306, 29.51421912295331, 8.145605088001105, 5.291613024225414, 6.465583860235814, 7.1875478636316705, 3.7000597481750237, 2.685719808785084, 54.87941749398896, 143.14107072781133, 11.097321764607033, 8.713988262124708, 3.1531855035752168, 4.2384892720924485, 3.759484185674431, 10.617004177198382, 7.1398708147232375, 2.7771264956322153, 1.6006767175436856, 1.410433821032165, 1.4800796120243382, 1.0461050106013625, 0.9066599718161051, 1.506280250629342, 1.2496155869759487, 11.380109608986542, 3.2250548364100795, 4.54745188384855, 3.7640145628134043, 8.987060524130863, 3.0610606244800596, 3.073508649179316, 1.6062622765272254, 1.4012382656214082, 0.9801125422994552, 0.7848269983328549, 1.0299568187696408, 0.6920574315086022, 0.9162344067660106, 1.1131446819353066, 20.70457036971414, 22.981906060193158, 4.729490514121151, 1.7895644547937457, 1.1570645972857665, 0.9735974414703716, 0.6840253138797068, 0.4690251919006267, 0.45628728931861245, 73.32992276037128, 92.92998237521414, 6.969744118446939, 2.953131130387402, 4.112278289980244, 2.97986888201068, 3.558713804613324, 1.7665904148972178, 0.6605832136347289, 0.6326852172261057, 0.9057307222469789, 0.7618684004893531, 20.327925659639625, 5.80824935281162, 2.6615880115597905, 3.5916008153761463, 5.835330853941847, 1.851166084489995, 0.7911970829402978, 1.584834704207674, 18.034078686819857, 6.152245577879269, 3.004263394239842, 2.6851685686038795, 0.9934142848415687, 1.2230798385453692, 1.2563812879322511, 2.1210336377187136, 1.0416817898859287, 1.2185876858843812, 0.7349271183049717, 0.5306710435366087, 1.0485915168453503, 3.9220770431220355, 4.488089391257315, 3.0053075634776407, 2.0748695371884542, 2.0249523628288992, 5.1603236153674095, 2.110782657862137, 0.8079018944311828, 0.6602108250315042, 1.2502418747139883, 2.4260977283362832, 1.3947572544919637, 1.1403146291313495, 1.4327646371767302, 2.804222389088241, 1.658218996844461, 1.3265431348978487, 0.6761398025863123, 0.5113808692284764, 0.47729781712593045, 0.6264635368044755, 7.926240123606839, 2.4293861164236037, 0.6935115303834753, 0.4843883357092325, 0.6051432134774237, 13.378891173369798, 5.13056063244013, 1.5540898138684154, 0.9029483084938207, 0.5577281985283424, 0.7058618761812125, 0.9281594746797435, 1.5125022237764443, 1.5534838142904444, 2.3217944972808557, 2.288087531379665, 1.3505954871946868, 0.5909426160978537, 0.6255192383901691, 0.4592902851220563, 1.889041057258986, 1.4094590449999194, 4.967555819698105, 2.9416293625117165, 1.404731699313972, 0.9366886015823902, 0.7426158056967803, 10.205459851947019, 1.0864940344056666, 1.4700485225063546, 0.5500716771381349, 0.6937265864952755, 0.6282590867878916, 0.29369818209344, 0.23461368324294105, 0.6872419660765564, 1.0143408152498234, 0.7267352507263669, 0.5464471664546644, 0.4685288848921178, 0.6185940182762153, 0.769579516429044, 1.2264761200300758, 0.522584005816825, 0.3657832664541552, 0.25457104107685224, 0.27913659116389195, 0.4061822067504339, 3.2974485352189515, 4.702330527485135, 0.6521000218117728, 0.7377876213242627, 0.2594629512844568, 0.41287392833920733, 0.4264243664140797, 0.6871780331224036, 0.5855060754687522, 0.7569909575918172, 0.5488168054744741, 0.5671621123029572, 0.4966112464893413, 0.5063586506185987, 0.5597358668776038, 1.5011776695323067, 0.9682361269623709, 2.081370641949083, 1.0150316139845392, 0.6292941829575678, 0.5690860185215669, 0.3426792088810071, 0.27273443103226536, 0.36569861959276495, 0.31772406897271616, 0.20854382083499434, 0.24986332763540464, 0.3796876182063363, 0.3259622008250067, 0.35061022600117303, 0.4532012293719687, 0.6174498596003978, 0.6931501027697218, 0.268525067420278, 0.2272286739151407, 0.20093987645383726, 0.24821244613400645, 0.38572946607744085, 2.314660288553911, 1.1421544992253785, 0.9817212280112231, 0.9373111555325454, 0.5473677921855954, 0.9888719681334098, 0.6009312604481092, 0.2816137062393699, 0.3437439627214103, 0.3824554463418441, 0.48618869864678715, 0.44614556930285487, 0.3206337237971448, 0.22415202413158622, 0.407384232152202, 0.6141634896929011, 0.3976904225557388, 0.26131192464050346, 0.2059093742585411, 0.24142815240950752, 1.2558163135299438, 0.4765270671347481, 0.2922002327840981, 0.27260516469573637, 0.24402554485067912, 0.24937647026317253, 1.208902224031284, 0.9020647048371062, 0.8323613736781377, 0.19274268031080813, 0.19601574065972996, 0.2515844907457365, 0.6303147441229705, 0.46653973067768945, 0.40495655338430137, 0.3821463044989882, 0.25596873395896, 0.2909894674782776, 0.3615744769395523, 0.3773273590109371, 0.3838382335349899, 0.21441501417841305, 0.23780416316796285, 0.2907533687880277, 0.411045212967843, 0.3431227700989432, 0.3258886754519368, 0.2881734102678125, 0.46468723355980124, 0.19317307217797064, 0.18296162292659052, 0.2079336932653937, 0.1388916860053749, 0.14613205784794195, 0.18391338759099357, 0.5290828531409937, 0.3684391716109136, 0.34723614098497396, 0.6127951047640836, 0.5653455121056244, 0.3931059356050008, 0.21149437593626663, 0.16317311188263045, 1.4071425263871418, 0.5086767683758883, 0.2497253877853102, 0.2832271377679935, 0.6900408837499636, 0.4052230289628125, 0.2537515385598158, 0.17104118428667794, 0.17123588715297727, 0.11045423570921238, 0.19595852826254198, 0.1526345117631516, 0.16826422953955764, 0.2817879051539339, 0.527611158298738, 0.3075294304831186, 0.2121210850349941, 1.977599930746833, 0.455548669034392, 0.23729259938584057, 0.3744360286694325, 0.47341461209017827, 0.3526530327143569, 0.2506207255347354, 0.25600882542507875, 0.34674930468529047, 11.259830893264038, 1.3478043140185199, 0.31698873233384506, 0.21410204274782454, 0.2531655742933356, 0.44249076781136526, 0.15386193275346363, 0.2078712067488765, 0.10382874357235725, 0.15680940207548458, 0.12633637630664396, 0.13043531140073372, 0.25440920728635247, 0.3746941152281802, 0.27637303248006695, 0.376741451565314, 0.17618495084413618, 0.28664623353738483, 0.18879503297979527, 0.12359773863937414, 0.22310216318656767, 0.11038061866200075, 0.12899675983407052, 0.12397168462556582, 0.17112441443378223, 0.20112904598608414, 0.23223722291674534, 0.15477401255718903, 0.2058470465166358, 0.2552964687347412, 0.3039759623763497, 0.325209311095376, 7.777427743880768, 0.5400900055244162, 0.26390579599092057, 0.1728908764522334, 0.1932377039734675, 0.1266754779895173, 0.10871506490177754, 0.25972937154259207, 0.13800187817443296, 0.22064586602866262, 0.1584790275496232, 0.1419580465280761, 0.12953086921786242, 0.1368293826569781, 0.35039429372676073, 0.18530255900295914, 0.13055935406956015, 0.288906906553224, 0.3503045460845351, 0.16693809125364728, 0.12822392100830854, 0.2094443054984734, 0.44480186897594565, 0.2358523344669803, 0.1592482179683, 0.28617028700695984, 0.21010600458355524, 0.14822207991619096, 0.32785338749748144, 1.1436225450682538, 0.5609759375711302, 0.26447333380838256, 0.1755428809367809, 0.1394241331849546, 0.09781887375441058, 0.43897137987280677, 0.10177374309496669, 0.22980830954889384, 0.08694504071929879, 0.2882870479347138, 0.6863553995879212, 0.28584320231674915, 0.22721203430159356, 0.14463775280599392, 0.12331140208510198, 0.09326981367543134, 0.11384359064962449, 0.09871475935986734, 0.12407671080475889, 0.09953367179022123, 10.09451235829077, 1.313294624281062, 0.7101176764889672, 0.21063111348829747, 0.36247655596969486, 0.1150455051954711, 0.1851374566640577, 0.22650911041452249, 0.12797823066254438, 0.24476338217323473, 0.16325901139581442, 0.2028740801501629, 0.4027017308412449, 0.11513505466228896, 0.11475494789921896, 0.11347922715338385, 0.18029133899988184, 0.1608876651902592, 0.13726368839672046, 0.4843323816062731, 0.24902144710499285, 0.2351794094258591, 1.3757472391013765, 0.28459029825789073, 0.19942134590460606, 0.1659660268016797, 0.21339232458030596, 