{"best_epoch": 156, "best_val_loss": 68.66466322661927, "train_loss_list": [364.5160904564988, 232.51727309963871, 239.3039946047828, 265.62992062058026, 86.57850324804907, 104.16560881546219, 18.47024082305934, 22.431753602711797, 7.5160857343089305, 94.30191874664668, 17.717324063875974, 11.76679648607525, 6.215147218286194, 6.245989201518233, 4.200214664180823, 11.900482770766699, 4.447247223518694, 7.435843017330481, 2.787761093304754, 2.3619065378969757, 2.816425802928146, 3.3307386707677815, 2.011407648739178, 356.7415296498337, 14.785691167783304, 4.878771698842107, 1.6359418923983553, 2.9004144885836287, 2.346701684029582, 12.086653345702032, 2.2327918793207746, 1.6696389147655397, 1.0688028885644931, 0.912252961477065, 0.8844492967994557, 1.0767202919372314, 1.0518700619888552, 1.1778303521535274, 0.7807819010130259, 1.3595034234555625, 2.038992063828332, 1.7643600925910126, 1.1106148519025423, 1.686085752321024, 2.5958560355204257, 2.6945068226279676, 1.5193450926049623, 0.9536373143271393, 0.9792210932294962, 100.90464286286822, 30.080498048474634, 3.4429102972720758, 1.764173575712248, 2.6261678070004337, 6.413866965311586, 1.6616021408286594, 5.662324746713031, 2.2113534274105997, 2.114187442181486, 0.6947547727380352, 0.6645293794905519, 3.4175260373414553, 2.190757798755506, 1.4973057013704667, 1.4997369107708336, 0.8134691301711455, 0.6292012390898917, 0.5640334067072366, 1.0644508041503138, 0.7306674921158542, 1.647382143331677, 21.413362681183216, 6.602482230376102, 1.2996769388455869, 1.553120999754547, 1.1058726759821398, 0.8799947556167877, 4.618247362026677, 2.246435752375208, 2.263692581747046, 2.9537147241680035, 1.9305423341919363, 1.244347052001869, 0.5626571923008986, 16.759069704815403, 0.8502741845922483, 1.2057071208136985, 2.3318732715382198, 1.8825474946825556, 0.741068899605176, 0.48026795920358467, 0.3817203938599071, 1.0515150704815042, 0.5275807851880042, 0.5614396288949431, 0.4128417225090415, 31.11713744497094, 2.446842485697206, 1.599627304329861, 1.1997127630885132, 1.0883782446167256, 0.7873466387876443, 23.575254832591337, 7.445086998616779, 3.150675369912167, 1.6015617289477884, 1.7246986055738243, 0.976514112163593, 0.7618289130721462, 1.1912553491768254, 0.7634343995655216, 0.5805464872819535, 1.04035358148166, 0.49751874417859593, 0.7472142145071379, 4.346034550982165, 2.073809078786071, 0.8381489172464335, 0.635068581817657, 0.5531677248936767, 0.3763083647165365, 0.8985409621069917, 1.0454507302116502, 26.853771140062875, 3.617585054308051, 1.3710613562411342, 0.7725784210254778, 0.8681969106677775, 1.0073978877382141, 1.1648237174797416, 1.0971659763644284, 0.9121875968243792, 0.4582948418027902, 1.527152046314657, 1.5694908518210486, 1.6589473242842363, 0.4175549562211409, 0.42175585867961907, 0.5723624827780971, 0.32125069879993273, 0.30535176444740714, 0.7105632883909853, 6.386926059679729, 1.0842178552582706, 1.2320620411606147, 1.1502815029459756, 1.2061004152200048, 1.7915203905900583, 6.247571099550766, 1.4542973801515033, 0.9325419304933759, 0.47279079426094384, 0.5057622110973964, 5.198026466938233, 1.7439282633050777, 1.1150227768657828, 1.0364668944508555, 0.6452639794210152, 0.5620939773716673, 0.3459780099074204, 0.286956445710396, 0.6269693515793375, 0.2903220125733062, 0.24730768900801045, 0.2454976085744131, 0.3357898421522629, 0.3075956764686604, 1.2678258673328957, 0.7912816992919018, 7.718421023644641, 2.1499261062666717, 1.2142912862157933, 1.1023953952075394, 2.796414787647963, 1.3703575527034901, 0.770163016299795, 0.5570843490896681, 0.3373735101330658, 0.7849061283249722, 0.3195699692363522, 0.22236967708043892, 0.27951569139687604, 0.44962368416078075, 0.32321940979921254, 0.2707627920292592, 0.37112211449277627, 0.7573759775097512, 0.3490050444691021, 0.296276318522838, 0.5124704773567944, 0.25105582679280175, 0.26165586525048457, 0.342449738356245, 3.0628614628355773, 1.174129855676217, 0.9217236126523494, 0.8151688323031991, 8.271029685577362, 1.2691069112598494, 1.1017416186636484, 0.6513223297169262, 0.8738403797044362, 0.2917891464123034, 0.5681617577712741, 0.2311038113610182, 0.20855958314082526, 1.128001403661178, 1.4584070549272368, 0.451195408864383, 0.27720215971585443, 0.29024793714222374, 0.36584617339499914, 0.2545841701589529, 0.35230098872886556, 16.023171375139245, 5.342488845720833, 3.248932113365265, 1.05311611470255, 0.9092965560913928, 0.5355534710420261, 0.45142817360367404, 0.32990532839728154, 0.3553292290638177, 0.23970178093119965, 0.5555863675403387, 0.5966770670805412, 0.3064097477871942, 0.27229508976082384, 0.5889947773723975, 0.846222521806936, 0.8126381529383859, 0.8868788237127889, 1.8254645992960112, 1.0642895154688707, 0.767959159494649, 0.5897998060100295, 0.3641731191763383, 0.3528188116781836, 0.23875860682488856, 0.2482585179117377, 0.23478617291188839, 0.34875506376527826, 0.6546567421395402, 0.24032437147203892, 0.3194694434805423, 0.29821869786230293, 4.46717583652731, 1.7074624164038388, 0.7718121248939149, 0.33353357785214277, 0.35805544495727365, 3.1735793364367844, 1.3901883280934042, 0.602731915095185, 0.5113069711305901, 0.3813288481382657, 0.35065554740664, 0.36318244002993905, 0.25041620636397316, 0.18547060689192227, 0.1768641260266345, 0.2574447303783345, 0.2598228158968706, 0.19044730925752165, 0.20986110003198452, 0.20697541951317128, 0.8459182581233441, 1.1980141604645593, 0.473129089112654, 0.5068136236585238, 0.26433931826966034, 0.2140622063558123, 0.1658739690313401, 0.27287118948491795, 0.2652489448259692, 0.382692996826711, 0.3455867769176681, 0.3930968332727632, 0.29720910687681934, 0.2905865191386685, 0.28250605256875727, 0.23770482534602527, 0.2962880599731718, 0.2981583657506366, 0.1626203876727857, 0.13498523763911646, 0.14088964208251425, 0.19183068527111327, 0.1621861365426649, 0.16494720687899905, 2.4226090008025007, 0.5745255072885256, 0.2978969787788257, 0.32546350992027334, 0.2370727527637783, 0.1530564143119321, 0.515186755220477, 0.25849440719850464, 0.6310729434253253, 0.681357061150875, 0.6314230607784491, 0.25093238382949146, 0.20031327271785274, 0.2000011601390195, 0.12450727769393222, 0.1620545275653318, 0.14714557067361037, 0.14580801823971826, 0.1307980601487734, 0.16341796690783017, 0.2327635038168594, 0.2936196734445359, 0.19611135261717177, 1.613923387297392, 0.7986722693770245, 0.37854120809536734, 0.4204716446042469, 0.2221165972337023, 0.3867284078477984, 5.858095383734923, 1.9392362441713347, 0.4337943292840817, 1.167884712781524, 0.20461546469171724, 0.3528463384943766, 0.5473217921263863, 1.2712744147727277, 0.14589644308923108, 0.13648599881768897, 0.15847590675914183, 0.24316656142098922, 2.241943261238259, 1.790406708529391, 0.7274533030448982, 0.488444806198233, 0.2691744904098519, 0.3143599484553068, 0.29453398363472044, 0.16523512829688655, 0.18747799183551847, 0.37652059406637683, 0.2884241408750002, 0.48078630983243786, 0.47214101744735293, 0.19226190279661273, 0.202671993064396, 0.182704992690228, 0.1489766264272418, 0.32559782147499666, 0.44091256352735236, 0.26491609669500354, 0.20474993029585262, 0.17865723610398151, 0.1434312475376523, 0.12472869824189098, 0.11748711186501974, 0.39915589966678694, 0.2909605930587821, 0.35528997216935954, 0.1526561645241622, 0.13075694440808192, 0.10743323215601709, 0.11041933825623915, 0.1098012330846122, 0.28756273479878647, 0.2606391717203803, 0.3807061549065931, 0.29906224500294537, 0.6845585935568854, 0.25845392939927786, 0.3287308102769147, 0.18186288966081704, 0.1018757106173005, 1.2273251100382532, 0.5361222151534847, 0.24685439550680502, 0.16939069983368746, 0.23459731457814406, 0.19269486177748463, 0.09701010431821633, 0.1564810376524254, 0.19427956578693895, 0.14049491666991992, 0.10814785307127868, 0.2552493961047321, 0.7469288029259531, 0.18352486354745065, 0.161444394665074, 0.20444783573976164, 1.0407924487513511, 0.7955655383462953, 0.5945369080358932, 0.289675085094705, 0.23876925899161927, 0.23606756785932828, 