{"best_epoch": 60, "best_val_loss": 50.82784810518662, "train_loss_list": [380.3535963874493, 344.2838909637656, 270.2188602464042, 258.8381127467679, 98.15144815725391, 44.85995153936302, 26.77492726021909, 57.17773371287461, 75.80970481738281, 36.80445242948193, 7.564135779926962, 3.7502267935295315, 74.22136659106486, 35.82615322387132, 19.011986544338423, 5.62162670744447, 3.0587669499129, 2.404304213766976, 4.000113295255721, 1.4427803855203334, 1.2847970099118384, 5.328416919993384, 4.237275007266194, 6.110653654594439, 3.667534317686863, 1.9697811629936914, 4.3863373038408575, 3.4594865061272175, 2.2592560760066553, 3.220797320970932, 3.2663977741421832, 2.2586892887965986, 1.4866898644167557, 1.262320648828528, 2.6147796283791105, 112.47870939599261, 27.24345495751709, 23.12611964686956, 8.357767491816197, 5.676549913341771, 2.4646931141577895, 5.723549406392965, 2.2613286712596454, 2.289261020101574, 2.809410656041786, 1.4834972659267471, 1.7648014054405725, 1.6523207512515754, 1.3391305059511802, 1.133987580021728, 0.6638680601618853, 0.8542678951083381, 0.9015784890013256, 0.9197413828626531, 0.8701957313869714, 10.185470061752284, 5.565476126834974, 4.549780776223171, 13.826375819938677, 2.636697812390623, 1.4347968958510529, 1.8024977083469689, 1.6461107838073876, 1.16291336033153, 0.5407871438825996, 4.513098037189859, 2.5818730118253166, 2.5756848818829297, 2.817275907891505, 1.358389816629847, 1.995347469507896, 1.1421417087466597, 2.612383429055438, 40.8048340245153, 6.748021279768147, 1.9936922827153154, 0.6760383688301506, 1.12499947490045, 7.510344568483586, 4.512751132471126, 2.5437754683876674, 0.9741524057220385, 4.244655999056163, 0.9082087811281992, 0.5649464437942954, 0.5116827257141472, 0.4205186859772346, 0.7316644959048707, 0.7168099565569425, 0.620314565493196, 1.11663991624995, 0.852915248280644, 17.198481931277573, 3.7802534187370176, 1.947196860397353, 0.6691108885992603, 1.1626459472299915, 4.505658161749745, 0.43286480380943415, 2.9031456804303155, 1.08366318037545, 1.6793420889396877, 0.7746514760447887, 0.5079715638833703, 0.3066363435875232, 4.8069222403108345, 4.073795527307796, 1.205323716551481, 2.773932219033197, 2.3156069632537664, 1.1929424880938062, 0.8009777605594476, 0.524569695240768, 0.5023783254337787, 0.3243987357767464, 0.2692732009356474, 0.24903710426079742, 0.2702923750416262, 2.8309056247584086, 1.8710786883322361, 1.7520770152096166, 1.8050345508947043, 0.669880378228867, 0.9518661661640735, 0.4602964764371612, 0.6342889730977368, 1.6961367538118979, 1.2701202856634515, 1.218097807862393, 1.0767331286698425, 0.682919633488225, 0.6147633245154714, 0.33150125616684717, 0.31840025961051915, 0.49745761192560733, 3.0631640720917623, 1.2548964549365347, 1.2203043548784476, 0.6468467389812071, 0.383606032873459, 0.32087364423698495, 0.7839656428062449, 1.7739995241395607, 1.8162623735650514, 1.0314695829124596, 0.617014077062041, 0.3855837088468096, 0.5796846423782356, 0.7040978532341982, 0.9700531388940189, 0.7058718220622329, 0.3838779622575826, 0.3184416578473278, 0.2599351930161548, 0.5859289519170239, 0.22563359241631437, 0.3598019635742821, 0.6105415307804537, 0.47821831674886706, 1.1887849840434859, 0.8572866715862864, 0.6217145637004953, 0.3281409536890247, 0.368475375813988, 0.3515606486972065, 0.7213274663568784, 0.8447682200113371, 0.49022060854658006, 0.5111509622645509, 0.46660459025471424, 0.6285584624539474, 7.357653104838072, 7.679311627328427, 0.8029911023253493, 0.47926324606435367, 0.36400815982330537, 0.40988943210698364, 0.9648923676727419, 1.4852600395680502, 0.42399685722500813, 0.7201782814214576, 0.6278146880716855, 0.9453245655977713, 0.34864180492197155, 0.23774395693996095, 0.27506249115555065, 0.24649026788962214, 0.2542982625570378, 0.22466992467134253, 0.2283755285002076, 0.7283077198133548, 3.658133712241213, 0.3356730604354711, 0.9107209727467118, 1.956853936075042, 1.2231791714747697, 0.6480270666576858, 0.4228278051978605, 0.3955284076874633, 0.23095365324432898, 0.2611900794304358, 0.29323179435482527, 0.23729841377508282, 0.41258497062045196, 0.19386291409938483, 0.17700229288809285, 0.17931041306333426, 0.2160532174215844, 0.27649053267765017, 0.22014069159024927, 0.6864204438854732, 0.7426280780537095, 0.42474974920442515, 0.23235769285276314, 0.38014526409570687, 0.9984384287129896, 0.9961785600171377, 0.94999679624187, 0.8059137340780157, 0.6773506662829619, 0.3906686970112678, 0.7104228102874903, 0.5267003387501505, 1.139901541707978, 0.7797017287407729, 0.5297926928753731, 0.17786365515822986, 0.37107557411582404, 0.3776281707696912, 0.4892309966719009, 0.19446979727460614, 0.12151190708550115, 0.6392043953053512, 0.6269248316440482, 0.5351621754325374, 0.2688956735583426, 0.20648190851922585, 0.26235828220121976, 0.17040208259544823, 0.15435025258084936, 0.13377677514076786, 0.826823446710956, 0.9722842340929784, 0.4912522617373468, 0.38219482838757063, 0.6761820107360329, 0.569135857934136, 0.46320142689899513, 0.19453887385049473, 0.2500979152797063, 0.1878492494368792, 1.5305577242940736, 0.36617508474758487, 0.30751430520056544, 0.15431628707857725, 0.149647154039224, 0.2839354604369947, 0.5537464541353292, 0.3756275829597705, 0.24498705000888832, 0.36322311265583046, 0.266580050466839, 0.17681552244528573, 5.585436016374655, 0.4676087241223203, 1.4517879945981031, 0.2471867287376476, 0.2154643819462892, 0.5221720151569288, 0.5428618915654843, 0.5431215111483475, 0.20690077845831173, 0.16112614683591978, 0.16104791233303775, 0.15272303963818432, 0.235756747672016, 0.24244602111705219, 0.4265879078270976, 0.3249577658298899, 0.29131557715897677, 0.16562190596693466, 0.17020487812322438, 0.1928538342903224, 0.16694896378518337, 0.3175748067230301, 0.20897416029698535, 0.24978422228149547, 0.4900500929634995, 0.24017135961446615, 0.5748743769525412, 0.23020821574324818, 0.18575841518973563, 0.1468104858917611, 0.18753545999717833, 0.20018285699008753, 1.210344244814052, 0.7009987899692243, 0.3051022802067132, 0.48499067770732895, 1.0877224257172204, 0.39704130474255583, 0.22885179639431888, 0.12723800750158748, 0.3977585098299666, 0.12978733060743444, 0.10908914356045835, 0.13152711020332855, 1.978763271372538, 0.6302740306750527, 0.3609314972563209, 0.2833572401200017, 0.14317751111112106, 0.18700864750250357, 0.8617081127629541, 0.14551345358348478, 0.11696920832681541, 0.276037830729546, 0.2944233118525256, 0.1887848490227673, 0.14299174592638897, 0.48280181256125587, 0.3453541181871122, 0.25491986370936964, 0.4843660401156787, 0.21547753914800347, 0.12387232780851418, 0.12975466687380435, 0.10574909056414664, 0.10701908570863838, 10.821713645514754, 4.647736527843624, 1.6836939727019147, 1.0619883314978196, 0.672809799636174, 1.0574954963458951, 0.5389870778057292, 0.32649568880009416, 0.25687570544521454, 0.2240823754993925, 0.16914399677718556, 1.1094075593025148, 1.2831343604670216, 0.666860478382467, 0.7018768298200468, 0.3789401638533181, 0.20444471479979195, 0.2812166268613549, 0.21339474385911472, 0.16285558910713677, 0.2526460634499503, 0.17112766215272568, 0.19765497356324974, 0.21757404136299696, 0.20198683650914756, 0.5578018651743204, 0.33548287743548333, 17.045475488444183, 1.3536347862464992, 0.656310038072075, 0.3561504019525249, 0.2680715209001024],