{"best_epoch": 108, "best_val_loss": 94.31323908882852, "train_loss_list": [363.45847201537543, 320.28680288174354, 281.12690729353926, 139.8031741398191, 55.77393409381103, 98.36201901553719, 78.34673748987919, 21.89678395993533, 64.36418743834822, 34.83861002908065, 8.724818610534298, 3.157567215555483, 1.9740707192152898, 41.47512841188228, 15.97004532764524, 8.01080741692839, 3.8727085407935613, 2.280048661486369, 12.867386286628076, 2.846316408029097, 3.775550618798587, 19.569387033047022, 5.966884070090958, 1.828843201005512, 1.6573269542800653, 2.8824747276950107, 3.2979086390073835, 2.9275090023642845, 2.7013053850871227, 132.87274525523188, 72.44857683168074, 7.3822790799002105, 10.238333367980236, 6.213587366643398, 2.10378621516144, 1.273986428948912, 1.1908165372813924, 4.807863400631871, 8.663839615034954, 5.306299490242312, 3.7369913283570577, 3.7659445738731874, 1.210935473349943, 5.830397572306275, 6.012407335498494, 2.0833312438541185, 1.1945124232665032, 7.99895925233337, 1.793660503248117, 1.083552500579588, 0.6990747792417803, 1.2262258909258528, 0.8224347810599979, 1.2168322362896622, 4.966721272432494, 4.912279652775262, 3.7883239407880005, 2.1712960696738985, 1.1035574884649024, 443.6543465608646, 7.159557568707108, 1.7350642495009498, 0.8145318427753986, 0.8765892191176463, 0.7983519385241904, 0.6860778090889859, 1.0055164938087797, 1.072319887878748, 1.8738496679205157, 3.9219071606314575, 3.1490836936906037, 2.0705094455922426, 1.4560472859680305, 1.6591082381086002, 1.0219165374601704, 0.5231886024807836, 1.3068786095451463, 0.7230615647960291, 0.3988948732308498, 0.3588743567848437, 0.6034045236268896, 0.4612748178014748, 0.42866474402616184, 2.3347248208697855, 4.157083882418929, 1.377739615375611, 5.287039229763756, 2.04330703987643, 0.9179004396680992, 0.5933669566107833, 0.5815270674563315, 0.44049291283244313, 0.24863780071356115, 0.34909578944623565, 1.3001526079128367, 1.0877713138883156, 0.7455290350230098, 58.18288079134602, 1.153420145379167, 2.89090829443335, 0.7874312444158253, 0.5069324664927446, 0.5409580159426868, 3.380834745626333, 1.4606308231056822, 1.754300357043197, 1.694489194868521, 0.8515948233678665, 0.6047549368306687, 2.3960218449045363, 2.4760956251682202, 1.1533522544696266, 0.8890601852080957, 0.7239535659883964, 1.1332834095726927, 4.3144891436584105, 1.7714705051827724, 4.800728061131041, 2.669184077506009, 1.1801431939553726, 0.7168895152410925, 0.9188097517024711, 1.1776639306678196, 0.8255719255635027, 5.627473012361487, 1.500164069020618, 0.7699431169502938, 0.3917792018470457, 1.1677858222667135, 1.0913254076168082, 0.4484656887679907, 0.36081806787055126, 0.23977818360546638, 0.21594882543163083, 1.954153979969185, 2.3585619623723955, 23.09766715791982, 1.2054570417782726, 0.8445353997626341, 0.8672691790936758, 0.4208946567609951, 0.6804007830320793, 0.4505823304009014, 0.2987512576339181, 0.5056631310553056, 0.42552105635277077, 0.29600212681144755, 0.3401486738320151, 0.9576734528315703, 1.4597304238775017, 0.9714021074122988, 0.5396687716749102, 0.5402121811338485, 3.8154954568326533, 2.542186254168815, 1.1786528334944562, 0.8375989577118166, 0.7209617784905936, 0.43111988428584835, 0.657990154651379, 0.5129705915864867, 0.32870473171472947, 0.3729026557410199, 0.25868784764013875, 0.28219616601334724, 0.262612693762824, 1.5130777028148141, 1.0748314666280545, 1.0318910647823254, 0.6397273973530461, 5.176843967187137, 1.0360335837772012, 0.31705882114121636, 0.3553967788886245, 0.7564348310538181, 0.2980522165712279, 0.5457129972192317, 0.5271103164409188, 0.4550100551662927, 1.5887320755832939, 1.0538747253514842, 0.46423479183180594, 0.6192295943794364, 0.44819391235763484, 0.41857183528444, 1.60402385633329, 0.5249776528531042, 0.4986974291155456, 0.3846635847438102, 0.31438112356310793, 0.22541066293778556, 1.338048245873398, 0.5129290249906551, 0.37504976022397496, 0.2812868352394119, 0.21808941487748984, 0.37351241395530604, 3.819325566831456, 0.8084227341458907, 1.6034755926331212, 0.6588944447965854, 0.43883507752163176, 0.29564567416185733, 0.26826900794593733, 0.1966538523106145, 0.19626491385947742, 0.20210859191671723, 0.15292268316644508, 0.1758891104256671, 0.14655996082344236, 0.1568327335723257, 0.21182038034576184, 0.22004768850261885, 0.19977746973820076, 0.18847868511504892, 0.5968105257301124, 0.5218326368934619, 7.156936650509417, 0.7465386431029979, 0.2822033948439517, 1.0259220478773459, 0.38721200218655566, 0.3052989752049858, 0.17451773768323164, 0.14918308658448226, 0.13192731061097052, 0.3626090446634115, 0.2692025926079697, 0.21344062670501004, 0.27043403259792037, 0.6695931005434882, 0.5099107943793194, 129.83076968747474, 1.0189584630128234, 1.0486041552386047, 0.7039228531255277, 0.3867793174009522, 0.654556805610762, 0.2018597237829543, 0.14833167250271967, 0.22465321390363202, 0.18513404176608214, 0.8536643251172883, 0.3548493540101432, 0.2013422559662556, 0.21532590886660433, 1.307346932788262, 0.35905994916970435, 0.15406033152234572, 0.3765590300659503, 1.182485442215788, 0.6074119536597905, 0.37854087766932615, 0.32887596147955683, 0.7896367689867946, 0.13833594381434114, 0.13188664359315627, 0.18106978852003633, 0.1735789276609308, 0.1629472406570967, 0.26891975953271746, 0.1710168577996366, 0.25599583727089104, 0.19704195400795604, 0.15103809271767477, 0.16352640454495626, 0.16016806794855523, 0.9408181163271465, 0.9571391793556715, 0.44565531777614287, 0.29954218790733067, 0.1886589358523414, 0.1650600023218058, 0.17584588270491686, 0.16371272191235833, 0.16511981778420187, 0.25064316170492273, 0.4939331746567318, 1.5712323527574619, 0.23371561702603671, 0.1493450707916499, 0.10526243903535057, 0.09561871611625795, 0.10789968614824642, 0.15056419235672583, 0.13815063484933607, 1.7336785685375087, 0.7604972621720283, 0.5351045138264408, 0.39270350894115086, 0.3293645683076717, 0.2754805422624215, 0.19906026427024798, 0.16484231861719328, 0.15592874847027566, 0.16277684289598038, 0.11778610410571651, 0.12859079265773488, 0.24458560541369234, 0.32155533776425943, 0.1579483327610782, 0.14836604835787817, 0.12436168012443173, 0.6046975628092706, 0.29438132637974124, 0.19797760837188919, 0.14944560997425832, 0.17172851619886828, 0.17636330911914969, 0.1433154073287494, 8.60689782039046, 1.5233983249344203, 0.299525554782707, 0.42176227455970444, 0.7217128411605025, 0.14437692980373013, 0.5336700347765821, 0.12165412940212442, 0.2703430445578315, 0.29173812423174095, 0.15883146992605807, 0.10857416529969768, 0.2826136673761675, 11.468016321932597, 0.7143078996235663, 1.3563019590713705, 0.21777253564606755, 0.12513716260202215, 0.33878093450501406, 0.11968904074893903, 0.3294760930299779, 0.09636446801034296, 0.13730291857681218, 0.17633253836771293, 0.21468592653941723, 0.21878807246808424, 0.36001661905221516, 0.22410184518119758, 0.12283417865826461, 0.15343360943260922, 0.141762812438753, 0.14680997030458875, 0.1338730048064537, 0.17832480436315387, 0.27297013380070245, 0.8725495002674348, 0.13827603283446527, 0.20736953677163594, 0.6693695475950638, 0.12550534219605988, 0.10674465825334742, 0.10886745919083027, 0.17848669698173353, 0.13530149535652658, 0.13926570588183795, 0.10340979150737557, 0.13283996624413266, 0.10862873080182947, 0.15416680130458923, 0.11435386038674178, 0.10924479107700384, 0.12466739477589521, 0.10697533427003968, 0.12076731095314881, 0.3559181805925465, 0.2863959593660747, 1.2668490658351834, 0.4326325817798902, 0.22909404546519285, 0.1199581354109541, 0.2575415197150708, 0.16615424420615887, 0.08345531250475731, 0.06775624236484573, 0.09403184411988243, 0.11463489135764511, 0.09432476000469378, 0.28296520451487484, 0.16934803138443133, 10.670121020080634, 0.635103751218673, 0.5829295122795868, 0.3010589694854152, 0.10018565956298729, 0.21498905619314546, 0.3288150857099571, 0.1794938440287075, 0.09544883885104043, 0.08966573571690242, 0.6707952426958521, 0.2354890666840368, 0.18456760823785884, 0.0988456820288649, 