{"best_epoch": 50, "best_val_loss": 30.749924553817845, "train_loss_list": [377.88488573624335, 336.0014046107973, 155.72321642968018, 117.90649176449524, 31.93931767433936, 11.244116712199515, 11.897842873416185, 69.59256925032183, 11.78628278317388, 4.907140318809191, 7.345789653622663, 5.976077398981011, 9.161791375180217, 46.272030409511466, 28.266651544005477, 6.935909259446978, 3.471108366822787, 2.729849854855002, 5.770774579024629, 3.4851085061175127, 1.6866411893697741, 0.7517290288872216, 125.06354540184368, 19.548195264944155, 6.07413565513642, 7.746091498959095, 2.907511088710438, 2.297496129124715, 1.2376312244487306, 0.8198051701137479, 0.7697438196000134, 2.3859815785939595, 2.287523757601156, 3.6231506697663254, 3.0503861276837814, 4.162968896182974, 2.048080048314175, 1.5887212818579997, 3.080871471995956, 1.5041792881045237, 1.599630421119059, 1.399787440999686, 17.669418367602987, 1.9354597782212086, 1.112295974178847, 8.246687129065863, 1.9205975127665034, 1.5400356668845252, 3.864425510971376, 1.5162996194596137, 1.8219919074306188, 112.1667912131841, 31.743970119993957, 2.671728184487207, 7.751801225119531, 2.0845222336782947, 1.911569676249586, 1.2358995732242888, 0.6952618005273884, 0.6815121968908067, 4.1803510085602165, 1.0670962779611708, 0.9787992820895586, 1.204533930447134, 3.8564122719510254, 2.4947120811392485, 1.3153188802738702, 0.9847184435294877, 3.195494403030431, 4.0248199766328, 1.9390437173648585, 1.2483830857823308, 0.7666346471646875, 0.904653069672106, 0.6794930023508408, 1.6911470425685695, 2.759889875169594, 1.4215491289490696, 1.9619909498461747, 0.6172679242701329, 0.44346225351930996, 2.6058917077708825, 5.225839066902928, 1.4442337869452735, 1.3164924018967687, 0.6511071569887734, 1.746997747987762, 0.5687155323443435, 0.3781322389693006, 0.3657791054089548, 0.5069029061383886, 0.6702682980160103, 0.4453349911088618, 3.2071841906616725, 1.1637634286504583, 1.1771348824359924, 0.7103531285075672, 0.4605750149154789, 4.326603831709964, 0.925041663142589, 1.3158235306690844, 1.322729829053446, 0.4175901467191787, 0.4088117839805342, 0.4966975018280066, 1.5983395582813376, 0.8553808723918068, 40.533949740427644, 5.428636239013807, 1.4017934543682693, 1.1948963675236246, 0.9515825435132581, 1.3286219585859262, 0.5207390695978135, 0.8579566423372265, 0.6788446319883754, 2.5491646178649976, 1.273857692498835, 0.6353373034210728, 0.7239273193854692, 0.5357508844422152, 0.5577239370035444, 0.8347335119996098, 0.3422563780982249, 0.360492679759888, 0.6139486877547335, 0.2256182354277575, 0.34030975226180843, 0.9232505029882832, 1.0681427150254805, 1.0795256687445238, 0.9455319084288782, 4.538866039953918, 1.029879407902697, 0.5000015293063214, 0.3528849578159093, 0.8155766953902883, 1.0536936010708409, 0.6697164170457997, 0.3882304714696289, 0.8503197255060349, 0.693522777596333, 2.2718581394655915, 0.8269366202620956, 0.5370611520059406, 1.0211543565924703, 0.5651315228623429, 0.3062490206129542, 0.3141942064638655, 4.06716969052174, 0.928273126043678, 0.6905285084867525, 1.086927682895119, 0.6482139572003901, 0.34303548152549146, 0.274111958677779, 0.5072818589260526, 0.16913728691876903, 0.2975513825185438, 0.34082011704133536, 2.2236748578283345, 0.7626492602548497, 0.6787231786895749, 0.47068508400274217, 0.30550468378645096, 1.0316004433536603, 1.3794179156453874, 11.121670909442294, 1.8718613088295477, 0.9739772043336605, 1.1275281672895225, 0.22794102216722475, 0.27809007482127507, 1.0778125045288212, 2.955309694329542, 1.9819087344078323, 0.7611514087712938, 1.3099258069211814, 0.7813674899485907, 7.415647583427824, 3.0769935747744483, 0.6785745390127257, 2.588242142803558, 0.4163954001647264, 0.7869519754344295, 2.076801066263314, 0.30142857413214535, 0.20270499475510084, 0.17628516348779524, 0.17914928399635965, 0.14482043457305022, 1.2655952747023183, 0.6155198743646871, 2.5542055349864876, 101.77959332250794, 1.0447840044616112, 1.101988406795743, 0.895898160775055, 0.33782354416772997, 0.19519002320185472, 0.26480776676347717, 0.14040458564978373, 1.0488330996351105, 0.3114266164279611, 2.264592056394329, 0.6099849226880945, 0.46453677121937714, 0.2534732406377337, 0.42206605952004794, 0.9935228916750294, 0.372161436873292, 1.146708164847396, 0.6482429772901709, 0.5361935601429761, 0.321950287267235, 0.28274350652266145, 0.1747264225014106, 0.13464848934926246, 0.640698939624364, 0.43013609544391224, 0.4149207133810897, 0.9633783591008153, 1.077370649512351, 0.5006249406104242, 0.4166535062348723, 0.2477607626623832, 0.289178076966572, 0.22181270213873164, 0.21978204985045038, 0.20266310257477893, 0.26131855431963463, 12.758462661726528, 1.3350728923573956, 0.8362118703476361, 0.817100973234882, 1.1418393702384348, 0.525343919124142, 0.5613054373122952, 0.18677097571479231, 0.197179869927883, 0.3080497877058425, 0.16053905248299752, 0.18758061193559059, 0.1874159146476637, 0.21256990600951106, 0.17133634423688374, 0.14054665523055238, 1.1438634982520763, 0.7242877607355058, 0.6040549074906634, 0.4607841698844609, 0.2177254850664083, 0.16578299152649725, 0.2064067638774601, 0.26766611917930105, 0.18029312940310915, 0.25431934326469235, 0.2904968224601581, 0.1738981422214986, 0.19228059744432138, 1.2829363729380687, 0.46762000557548944, 0.40231127437276926, 0.3452413757865866, 0.23904746402977609, 0.11893844538681604, 0.2164688348914925, 0.19568968523387104, 0.11334952483367246, 0.11642851134700676, 0.8924462606249575, 0.37050630528332973, 0.2968145271293688, 0.22139111299105166, 0.32407975183018156, 0.35283313206674327, 0.3375715613430984, 0.24473505683775518, 0.30984000205677764, 0.2065051409060215, 4.815259179611455, 1.0700625419300809, 0.3630488548002931, 0.3269277877558179, 0.23566281891585159, 0.2532659760042178, 0.9298110482865669, 0.4493397104038602, 1.2719296470598707, 0.5821602884422961, 0.18406693127503573, 0.325851141768101, 0.2550264045709646, 0.20857764599377765, 0.2843344876396876, 0.1430657761926431, 13.74853476459148, 0.8611968998036611, 0.48500960971183227, 0.19206955904885345, 0.22285029173976634, 0.09068694724880781, 0.285359676651335, 0.3396046517555243, 0.1540296617638292, 0.13801306007028719, 0.24228508942066945, 0.39241519484467835, 0.21007168370511795, 0.21281799987621544, 0.6483210643237824, 0.2887041657713502, 0.2219104280637118, 0.10981863964152834, 0.11385310254271251, 0.3933418329562048, 0.8442235181511824, 0.4336432047575742, 0.4709160063616077, 0.24837587392263044, 0.16531055768857378, 0.10128308556076443, 0.09178369260721417, 1.800948675843222, 0.5991195404886265, 0.33805659317254255, 0.15528413249625794, 0.2324847656987921, 0.1133167784954323, 0.31359130952931324, 0.16039332067307038, 47.085553926361754, 0.660368675031027, 0.32878816139623007, 0.17423875773266126, 0.19240145261027308, 0.6619969573889108, 0.3088046180184503, 0.13412624252516891, 0.1736806673141219, 0.22830182912137265, 0.19296082270202014, 0.10698891254638591, 0.11084949757019073, 0.5855812657045761, 0.45162794320699434, 0.3123921048658316, 0.5066257465013384, 0.19851654426433188, 0.27018617532026085, 0.11570575952766825],