{"best_epoch": 21, "best_val_loss": 38.807169196976396, "train_loss_list": [360.96136158768655, 330.4887166706581, 149.44760866859528, 100.52235231187093, 91.53820633817826, 34.553445224825865, 11.237960415816799, 6.727230108981728, 5.020179935337071, 11.940772161533605, 8.851117827731938, 5.608518188267648, 3.155230287310796, 11.539223563429879, 4.451809037586294, 18.21202358507309, 59.23865425729853, 54.885956765218765, 8.24432821624189, 4.765855541575804, 7.179531973533197, 7.657942398104571, 1.738808867689637, 0.9973158526651594, 7.260110290958652, 4.9785494065874145, 4.3243130851773195, 1.4261313076125262, 1.5737165631691679, 5.121744707075796, 21.926782479474184, 6.585762642035836, 4.372091550003319, 2.429864147640227, 18.627553683572177, 8.05137997614438, 10.460086455539827, 3.1820802061274844, 1.074912837047431, 0.7933844458070656, 0.7020788885358714, 5.732676552137485, 2.6827195264127783, 1.765380805145583, 1.555569966353315, 2.360208273848752, 1.506323175511642, 1.3693769656447297, 1.0080990446595453, 0.6702395126353492, 1.2366227513695347, 0.6848637123896606, 1.1755377171130206, 1.5004543373911639, 1.4668286235558654, 1.8187172536665437, 19.917493184337353, 4.060739347310624, 2.520881216890698, 2.3465086142226474, 2.770367491514113, 2.288468041921342, 1.7958525961628118, 5.955001109540191, 2.2871349839208324, 4.53945496840004, 1.6753606852182823, 0.9307864207022597, 3.205093746668555, 0.7900285379390467, 0.40918364909054095, 0.7271692305642882, 3.8443774796869534, 2.101980631129091, 94.47886436686122, 5.001676108501682, 2.216482132096582, 1.1000173844979713, 1.552432331678359, 0.7287115074459083, 0.45880086038872575, 0.47879422368104824, 0.4885444353118222, 0.7965903749038689, 1.4246241844641196, 2.96614479553502, 1.3534599548705444, 0.8959682508404342, 0.6814750197853343, 0.4148702474829935, 0.5838306001432654, 6.790017030825296, 2.0047573616414702, 1.1096968752827605, 1.2193257201829169, 0.6603804637361271, 0.45940523481646744, 0.41125596089857613, 0.3764254706133691, 0.33437629676225167, 0.26029992385911854, 0.26062904371809736, 0.26892878947961085, 0.7907339360582532, 0.9435260204717747, 0.7465101371531582, 2.0396054013294616, 1.490089456582475, 0.7910045973164163, 0.5240174400213128, 0.4107280146471166, 4.61392738550147, 1.5394342120116864, 1.2426521985292864, 1.0696196429073377, 0.8413985601423012, 0.4456271132266659, 0.2746161032490395, 1.7828813108701724, 1.7855427762248288, 36.46295259969406, 0.6131914329228704, 0.40013255841864903, 0.45270298954586735, 0.4150701267159139, 0.2931275155689266, 0.24351172297547194, 0.31171908573274154, 0.568713598655147, 0.9411667316957054, 1.419169895680612, 0.5704225437019941, 0.4938501329127421, 0.4001797615196794, 0.349158252299393, 0.2293408435953474, 0.30700507904917457, 0.5803801259384558, 0.796529446205756, 0.5893102115490149, 2.699334883639205, 1.3866529895134772, 0.6631479240402949, 0.5248446696593094, 0.38755424712322695, 0.306573127382034, 1.522362664385116, 1.062132387942843, 0.8077303239635638, 0.84895005795939, 0.571926459115186, 0.7902503798427816, 0.3610049977811808, 0.5064202548290894, 5.153248808907611, 1.362707058612795, 0.5695064447907182, 1.1605750514152158, 0.5343273651801599, 0.2798160248188132, 0.1717719450614795, 0.25005825438494056, 0.36367758231181846, 0.2973671359612044, 1.1122123869150629, 24.20004948138414, 0.6565144571759269, 0.7325336910035835, 0.4577402777256801, 0.45319492577960224, 0.2780541668148306, 0.25269140496829035, 0.4545059746395733, 0.2718867060725312, 0.34764188926061396, 1.2866029878112422, 0.7172382638624694, 0.29000283872360233, 0.5278528437368434, 0.25927843031271314, 3.316782089686398, 1.6100552008417692, 0.592499055866902, 0.35678512626839803, 1.0836000578341676, 1.136972496602808, 1.1546068272086811, 4.4462346372778905, 0.7365735827153855, 0.4536046582725134, 0.4947620023592731, 1.7455460660045032, 0.9541625572211119, 0.6156753173385023, 0.7486494203695392, 0.637590659649586, 0.2856210604461507, 0.3266942936548762, 0.23041494586266553, 0.2327108371464104, 0.17244191578697018, 0.19375932591445902, 0.21261559122006266, 2.061752985130469, 0.5618872669500173, 0.32025004627064463, 0.7658578189442659, 0.8174701959399017, 0.7425222708801359, 0.5279996398204266, 0.36346451594570456, 0.34644665111156664, 0.23108140534075813, 0.17803286301736607, 0.19490643153344744, 0.22083448213991588, 0.18547603130853912, 0.29620610894008303, 0.5103764517280233, 1.5339950859048133, 0.5511342775029634, 0.7489274631464127, 0.3025443908455956, 0.25508959071511883, 0.18418130034341074, 0.2846518089672873, 0.2456237777331724, 0.2091894388810908, 0.23700884761563373, 0.14474785055777106, 0.12319569703932216, 0.1432525851570795, 0.2626185307136961, 0.3249562491173346, 0.33474281630725466, 1.2140693772595204, 1.413899635082018, 0.657309554835071, 0.30691199476812947, 0.5643695423314602, 0.15919424778258082, 0.16083533468980138, 2.2973666030782067, 0.6857161060566702, 0.5839971513980092, 0.33514721178312845, 0.5421236316041633, 1.1833058133818837, 0.40592788971437543, 0.17652437681457736, 0.19460614748254082, 0.13303797331963815, 0.14738847557377663, 0.17874154087116878, 0.12577404070180873, 0.11755349533607976, 0.22980819679193074, 0.9860663930760425, 0.6015258005315799, 0.4047949007768425, 0.27122205506857927, 0.3669706913697472, 0.26738104358380044, 4.235685089525789, 0.960415110973866, 0.7685999386052659, 13.65077742803178, 0.711013473702203, 0.6157120716714806, 0.33343981859399485, 0.4349756522521796, 0.35080715710101895, 0.24619824324218317, 0.731151350875186, 0.317117753825068, 0.17870914480972933, 0.1505605404003235, 0.16927836596608759, 0.5586735705422188, 0.17606738735976823, 0.1354287122355311, 0.2069665020504035, 0.1516181254796913, 0.17599382523450258, 0.24218993415056458, 1.1253935826039616, 0.5334539728035417, 0.4540067362093219, 0.3132992510232634, 0.26275014225776583, 0.5122628944861977, 0.28472452639673157, 0.5231504017265515, 0.34052774811191155, 0.3275512293909514, 0.277632377056255, 0.19804721430503855, 0.14044763762395374, 0.22683642475025928, 0.15621726896661037, 0.2083450555571048, 0.21921659886802455, 0.14165918436197045, 0.14934645289565526, 0.16740292486927422, 0.2615835806244593, 0.4567747306343259, 0.26445650906304424, 0.1762974349438978, 0.20725873735017028, 0.21851151289702825, 15.330358521412549, 0.6221209866522716, 0.684048060126732, 0.49180667715667314, 1.3907261920395821, 0.3253977507296066, 0.23821980330565443, 0.268417059623307, 0.20460599520528472, 0.31328284782238874, 0.15494271412191118],