{"MR_13894_0": 104.00498750000963, "MR_675680_2": 104.12735000002172, "MR_526810_1": 102.3772525000173, "MR_8441_1": 75.10610250001086, "MR_588742_1": 52.07622499999701, "MR_486880_1": 83.2962325000031, "MR_177625_1": 66.27090249997082, "MR_383423_2": 123.7517849999837, "MR_173483_1": 107.46565000001127, "MR_73239_1": 79.89267249999997, "MR_90867_0": 56.54841749997729, "MR_352953_0": 91.91933749999009, "MR_421_1": 109.01494749998761, "MR_522223_1": 41.31146249999546, "MR_546977_0": 41.27946000000492, "MR_610106_0": 61.140462500011665, "MR_501018_2": 123.05839749998654, "MR_3626_2": 51.30189000002588, "MR_669540_2": 79.94601000000799, "MR_304557_0": 107.10923000000157, "MR_115938_1": 72.08092499999765, "MR_58399_0": 97.75132249999714, "MR_607160_1": 110.82089250002937, "MR_432469_0": 80.14367250000831, "MR_253287_0": 61.67320999998637, "MR_435910_1": 77.36886750002284, "MR_123876_0": 48.723492499972565, "MR_332395_2": 52.726314999996475, "MR_485443_0": 88.33254750002155, "MR_491000_1": 80.6996375000314, "MR_15104_1": 120.83077250001068, "MR_473437_1": 124.1941725000082, "MR_87747_1": 125.6242450000002, "MR_605105_1": 77.27788000000288, "MR_9670_0": 78.94452000000399, "MR_195998_0": 77.436009999996, "MR_609099_1": 76.52613500001038, "MR_164152_2": 123.30124000001547, "MR_80091_0": 129.06796500000894, "MR_447118_1": 128.2402925000298, "MR_184794_1": 112.18068500002047, "MR_466290_0": 83.42549750003343, "MR_239192_0": 140.45959999999724, "MR_21120_2": 71.99181999997293, "MR_8459_0": 87.113942499995, "MR_128116_0": 75.2359949999861, "MR_238926_2": 42.19749250000561, "MR_33912_2": 142.828412500009, "MR_675374_2": 106.79924499998165, "MR_143857_2": 72.2967849999877, "MR_308053_1": 96.91988499999184, "MR_88074_2": 47.29530250001147, "MR_425930_2": 79.89831999998572, "MR_76447_0": 66.75784249998983, "MR_61346_2": 90.93980999996631, "MR_565276_1": 64.66136500000388, "MR_79131_0": 72.8834975000045, "MR_609119_2": 103.91211749999442, "MR_388469_0": 68.16658000000004, "MR_446382_0": 141.8175099999931, "MR_92817_0": 64.44550499997817, "MR_488779_0": 68.3353775000019, "MR_602445_1": 91.71540000000562, "MR_428409_0": 82.32047000000549, "MR_406636_1": 72.56472749998892, "MR_434207_0": 63.85691000000179, "MR_177435_0": 55.7929074999943, "MR_64959_0": 51.921232499995966, "MR_254564_1": 80.89855499999288, "MR_302190_1": 74.99252499999443, "MR_108464_1": 55.33545999997216, "MR_430536_0": 71.81047250000276, "MR_360471_1": 133.0538450000043, "MR_379483_1": 113.13573999999903, "MR_46975_1": 65.58253500003232, "MR_103052_0": 27.709144999988524, "MR_192989_1": 116.80975249999705, "MR_669153_1": 65.78584500001838, "MR_420138_2": 132.9722700000319, "MR_188533_2": 77.34564999997446, "MR_671174_2": 94.11244999998175, "MR_392644_1": 44.389350000000434, "MR_149359_1": 93.13104000003406, "MR_113767_1": 135.09008249999965, "MR_526534_0": 130.2784125000204, "MR_391279_0": 39.96422000000834, "MR_606920_1": 81.7965075000086, "MR_22311_1": 61.63242249998234, "MR_307233_0": 63.52119749999332, "MR_454518_2": 71.25262500002009, "MR_442182_0": 25.906965000008597, "MR_438654_1": 85.6361800000164, "MR_393496_1": 74.64802750000814, "MR_445561_0": 49.90130999999508, "MR_474666_0": 76.38369250001332, "MR_428485_0": 108.41756749996208, "MR_232719_2": 68.94028750000842, "MR_45025_1": 58.78169000001023, "MR_454026_0": 53.37828749999119, "MR_53633_2": 32.286757499988, "MR_503486_0": 68.94907249998624, "MR_186726_1": 51.29561500000605, "MR_433497_2": 124.09063499998425, "MR_220900_2": 22.303860000009905, "MR_287130_2": 79.46722750000404, "MR_466963_1": 93.06452500002365, "MR_196659_0": 91.4744400000076, "MR_291729_1": 35.46127999999868, "MR_478767_2": 5.736604999998178, "MR_559732_1": 69.37012499999327, "MR_267392_0": 48.50512249998886, "MR_427601_2": 80.0947274999892, "MR_615843_0": 76.04233250001911, "MR_520957_1": 80.82764749999356, "MR_16116_0": 131.0640424999987, "MR_3524_1": 65.38926499998524, "MR_626277_1": 39.675570000023725, "MR_196358_2": 44.598307499972236, "MR_506067_0": 77.99825000000325, "MR_41547_1": 97.60637000000642, "MR_421451_0": 122.8626175000528, "MR_177320_1": 75.62128000001209, "MR_395882_1": 97.58754500001828, "MR_110584_1": 27.711654999982187, "MR_576145_1": 90.04625000001084, "MR_66201_0": 95.31725000000748, "MR_375143_1": 99.62629250000731, "MR_284072_1": 67.1807774999921, "MR_104467_2": 53.998885000029446, "MR_128509_2": 99.46628000001894, "MR_416472_1": 132.2895500000078, "MR_32728_2": 101.5100474999953, "MR_367205_2": 133.24711499998003, "MR_97382_1": 47.08195250001509, "MR_20185_0": 116.69617499999845, "MR_536267_2": 84.78717250001978, "MR_73560_2": 82.7321100000006, "MR_331937_0": 55.508649999998596, "MR_82553_0": 78.95895249996755, "MR_549039_0": 71.84184749999488, "MR_27199_2": 56.29365250001413, "MR_401314_1": 81.17277249997827, "MR_49699_0": 131.77374499999033, "MR_155791_0": 31.884530000004787, "MR_508987_1": 63.174817499976115, "MR_68346_0": 92.87313750000749, "MR_215193_2": 104.17441250000991, "MR_164481_0": 39.7828725000025, "MR_34691_0": 61.867107499996195, "MR_532980_0": 127.70566250002418, "MR_374535_1": 72.86843750000685, "MR_211597_0": 77.0513525000041, "MR_548531_1": 52.20862749998375, "MR_169232_1": 133.51756750001059, "MR_93220_0": 77.32619750002357, "MR_560222_1": 56.49947249999386, "MR_142547_2": 65.83039749997724, "MR_557599_2": 86.79642750001193, "MR_656107_2": 99.43051250000224, "MR_401342_2": 34.44033749997246, "MR_654814_2": 82.43028250001359, "MR_84700_1": 25.372335000002977, "MR_100373_0": 59.89613000001441, "MR_118542_1": 52.767102500000505, "MR_3012_0": 84.14900499999021, "MR_256516_2": 70.02962750000464, "MR_236950_1": 54.126894999991606, "MR_264791_1": 49.76765250001151, "MR_188968_0": 33.35915499999132, "MR_167373_1": 41.37609500001062, "MR_290528_1": 21.3720225000084, "MR_453297_1": 107.76120250001412, "MR_624208_0": 91.51209000001955, "MR_334858_2": 39.457827500002765, "MR_666471_0": 54.16078000001306, "MR_317306_1": 51.19458750001144, "MR_326361_0": 89.39992500000187, "MR_24677_0": 67.98648749999103, "MR_73981_0": 104.91360750003409, "MR_223_1": 134.2962950000063, "MR_430547_0": 89.53860250000844, "MR_371387_2": 63.627872500009346, "MR_256801_1": 44.588894999996, "MR_206149_0": 87.76779749998497, "MR_667742_1": 74.95487500001815, "MR_361318_0": 92.42384750000042, "MR_558865_2": 20.696832500000966, "MR_220338_0": 89.13825750002047, "MR_630622_2": 68.29709999999153, "MR_183508_0": 75.7787825000068, "MR_406433_1": 103.20366999999962, "MR_624616_0": 109.68072499998314, "MR_553628_0": 52.178507499988456, "MR_541095_1": 53.11348250001771, "MR_629856_0": 99.1619425000026, "MR_185214_1": 57.46958749997006, "MR_257123_2": 94.06036749997057, "MR_421974_1": 57.681055000006864, "MR_240774_1": 90.51687499999971, "MR_214983_1": 33.015285000003445, "MR_614892_1": 87.57013499998465, "MR_9486_0": 113.37858250002796, "MR_34479_2": 143.4929350000077, "MR_289964_2": 71.56261000002218, "MR_409958_1": 112.58918749998784, "MR_191075_1": 81.81972499998565, "MR_404265_0": 66.70136750002541, "MR_33453_0": 81.72748250000453, "MR_487668_0": 80.95942249998188, "MR_369885_0": 139.3250800000081, "MR_198127_2": 62.282512499981806, "MR_209912_2": 135.33104249999766, "MR_275421_0": 76.42071499999119, "MR_685126_0": 83.26548500000939, "MR_578272_2": 47.38315250000369, "MR_381487_1": 56.89416999999608, "MR_561527_0": 85.53389749998928, "MR_684542_1": 132.86120250002696, "MR_142128_2": 62.840360000000146, "MR_576807_0": 76.56692250001441, "MR_672934_0": 90.17739750000075, "MR_205801_1": 55.9328399999977, "MR_554161_0": 22.65212249998669, "MR_26575_1": 60.7125074999864, "MR_209282_2": 60.87691249999935, "MR_94904_1": 64.1637575000118, "MR_11880_0": 91.93879000001232, "MR_605945_1": 83.69343999999899, "MR_588139_2": 112.28359499997467, "MR_37223_0": 108.5229874999991, "MR_144195_1": 137.97972000001621, "MR_509989_1": 82.06884249999874, "MR_60391_0": 39.16980500001657, "MR_552735_0": 73.18030500000418, "MR_707369_2": 67.40040250000831, "MR_248768_0": 110.36658249999931,