{"MR_13894_0": 130.97995750003264, "MR_675680_2": 99.19896500001613, "MR_526810_1": 98.72269250000585, "MR_8441_1": 86.49209000001342, "MR_588742_1": 72.9619349999848, "MR_486880_1": 85.3908274999938, "MR_177625_1": 81.2217174999617, "MR_383423_2": 120.45866499998709, "MR_173483_1": 75.8358850000053, "MR_73239_1": 85.49938500000508, "MR_90867_0": 103.93847249999922, "MR_352953_0": 116.36736500000822, "MR_421_1": 111.32853999999611, "MR_522223_1": 41.30707000000655, "MR_546977_0": 38.31075750000963, "MR_610106_0": 73.62394749998984, "MR_501018_2": 125.1153424999653, "MR_3626_2": 50.9975525000452, "MR_669540_2": 106.30101000002682, "MR_304557_0": 79.69751999999332, "MR_115938_1": 96.918629999995, "MR_58399_0": 107.95321749999303, "MR_607160_1": 93.19065250002623, "MR_432469_0": 82.27905500000304, "MR_253287_0": 61.67320999998637, "MR_435910_1": 87.4377324999979, "MR_123876_0": 69.38518499999091, "MR_332395_2": 60.394992500003326, "MR_485443_0": 85.26721000002055, "MR_491000_1": 97.99604750002132, "MR_15104_1": 124.02349249997542, "MR_473437_1": 45.42472499999022, "MR_87747_1": 123.0345524999754, "MR_605105_1": 79.58080500000264, "MR_9670_0": 71.41954000000887, "MR_195998_0": 48.9217824999713, "MR_609099_1": 78.40110499998488, "MR_164152_2": 167.80165749998517, "MR_80091_0": 128.20327000001626, "MR_447118_1": 114.13974000003236, "MR_184794_1": 112.18068500002047, "MR_466290_0": 85.95306750000105, "MR_239192_0": 140.45959999999724, "MR_21120_2": 50.809929999983865, "MR_8459_0": 95.30219000000983, "MR_128116_0": 59.53155250004315, "MR_238926_2": 39.80546249998113, "MR_33912_2": 149.0770574999985, "MR_675374_2": 112.23464999999123, "MR_143857_2": 71.9083625000053, "MR_308053_1": 88.6964974999944, "MR_88074_2": 66.44032750000676, "MR_425930_2": 110.48706249998048, "MR_76447_0": 57.847969999977806, "MR_61346_2": 66.4541324999719, "MR_565276_1": 104.78936249999109, "MR_79131_0": 100.98483000000158, "MR_609119_2": 114.61789499996655, "MR_388469_0": 78.68912750000675, "MR_446382_0": 141.8175099999931, "MR_92817_0": 75.92247999996502, "MR_488779_0": 79.52495750000097, "MR_602445_1": 130.65553999999565, "MR_428409_0": 77.64935999999238, "MR_406636_1": 75.13873250001765, "MR_434207_0": 93.12915750000315, "MR_177435_0": 60.97229249997255, "MR_64959_0": 35.16321750000216, "MR_254564_1": 73.90004750000614, "MR_302190_1": 67.08665250001573, "MR_108464_1": 71.24007499998044, "MR_430536_0": 102.23230000002658, "MR_360471_1": 133.0538450000043, "MR_379483_1": 112.7617499999802, "MR_46975_1": 59.11238250003137, "MR_103052_0": 41.461435000009175, "MR_192989_1": 128.93681750001903, "MR_669153_1": 47.57077499999369, "MR_420138_2": 130.3819500000087, "MR_188533_2": 61.14673749999582, "MR_671174_2": 94.11244999998175, "MR_392644_1": 47.102032500000064, "MR_149359_1": 96.15747250002627, "MR_113767_1": 135.59333749997748, "MR_526534_0": 130.2784125000204, "MR_391279_0": 43.414215000001235, "MR_606920_1": 93.29356249998042, "MR_22311_1": 68.21489749998506, "MR_307233_0": 99.51836249999445, "MR_454518_2": 71.25262500002009, "MR_442182_0": 63.386912499975665, "MR_438654_1": 80.36329750002452, "MR_393496_1": 71.92091250000928, "MR_445561_0": 106.72206249999817, "MR_474666_0": 97.0623274999889, "MR_428485_0": 72.80003999996552, "MR_232719_2": 47.93096000001171, "MR_45025_1": 46.53979250002848, "MR_454026_0": 56.92617249998662, "MR_53633_2": 40.9550425000036, "MR_503486_0": 68.94907249998624, "MR_186726_1": 28.573840000016872, "MR_433497_2": 122.11652000001038, "MR_220900_2": 54.13944499999559, "MR_287130_2": 91.10735250000701, "MR_466963_1": 88.92239749999476, "MR_196659_0": 84.42698750000176, "MR_291729_1": 83.3094100000055, "MR_478767_2": 5.736604999998178, "MR_559732_1": 71.93158000001802, "MR_267392_0": 73.67414750000577, "MR_427601_2": 96.19951499999146, "MR_615843_0": 77.97817000001828, "MR_520957_1": 81.04727250000977, "MR_16116_0": 125.47113500001224, "MR_3524_1": 70.83596500000198, "MR_626277_1": 49.04791000000955, "MR_196358_2": 69.89848000001473, "MR_506067_0": 73.55617750000043, "MR_41547_1": 71.59963250000004, "MR_421451_0": 122.8626175000528, "MR_177320_1": 51.41672250002131, "MR_395882_1": 80.09723750001854, "MR_110584_1": 40.171294999984895, "MR_576145_1": 91.31944750000656, "MR_66201_0": 100.99800750000398, "MR_375143_1": 99.62629250000731, "MR_284072_1": 59.717920000000646, "MR_104467_2": 69.85706500001228, "MR_128509_2": 93.82129000000347, "MR_416472_1": 128.0915750000129, "MR_32728_2": 126.07541750000252, "MR_367205_2": 134.42304999997162, "MR_97382_1": 45.19945250002394, "MR_20185_0": 116.29583000001048, "MR_536267_2": 84.19104750002674, "MR_73560_2": 84.54056500000036, "MR_331937_0": 66.33427999998915, "MR_82553_0": 88.00938500001706, "MR_549039_0": 55.00790500001443, "MR_27199_2": 57.50158999999627, "MR_401314_1": 81.05731249998442, "MR_49699_0": 133.71711250000615, "MR_155791_0": 111.67931250000223, "MR_508987_1": 96.76300999999555, "MR_68346_0": 94.26932500001371, "MR_215193_2": 136.53396000001032, "MR_164481_0": 53.8426374999959, "MR_34691_0": 55.66176000000439, "MR_532980_0": 131.28304000001648, "MR_374535_1": 90.84317499999628, "MR_211597_0": 77.98444500000244, "MR_548531_1": 44.82107000001619, "MR_169232_1": 138.2577024999921, "MR_93220_0": 63.401345000010565, "MR_560222_1": 30.967752500000927, "MR_142547_2": 77.55397999998351, "MR_557599_2": 124.84551750000449, "MR_656107_2": 87.52495500002738, "MR_401342_2": 34.995674999997135, "MR_654814_2": 82.05441000003518, "MR_84700_1": 58.114030000019454, "MR_100373_0": 60.54245499998771, "MR_118542_1": 89.7764249999787, "MR_3012_0": 76.82357000000849, "MR_256516_2": 41.84421000000583, "MR_236950_1": 63.40385499996856, "MR_264791_1": 71.50236999999592, "MR_188968_0": 19.335784999977363, "MR_167373_1": 42.67062750002381, "MR_290528_1": 37.11160500000531, "MR_453297_1": 119.79916250001139, "MR_624208_0": 65.45201500004083, "MR_334858_2": 39.457827500002765, "MR_666471_0": 66.59092750001889, "MR_317306_1": 41.474612500011574, "MR_326361_0": 89.39992500000187, "MR_24677_0": 65.93330750000277, "MR_73981_0": 108.61209250000599, "MR_223_1": 134.2962950000063, "MR_430547_0": 76.5173499999969, "MR_371387_2": 71.62473250000801, "MR_256801_1": 45.6393300000191, "MR_206149_0": 90.19622249998889, "MR_667742_1": 59.64575750000449, "MR_361318_0": 113.19472499999279, "MR_558865_2": 46.00265249999353, "MR_220338_0": 100.48847750000633, "MR_630622_2": 103.25135999998622, "MR_183508_0": 89.29889750000726, "MR_406433_1": 131.97956500000572, "MR_624616_0": 113.9207424999789, "MR_553628_0": 83.76622999999356, "MR_541095_1": 51.594305000000986, "MR_629856_0": 98.37945000001639, "MR_185214_1": 73.80278500000202, "MR_257123_2": 120.9889025000038, "MR_421974_1": 58.98813749998837, "MR_240774_1": 123.42109249999822, "MR_214983_1": 59.22721499999113, "MR_614892_1": 99.1713550000145, "MR_9486_0": 125.65122750000342, "MR_34479_2": 141.03250750001322, "MR_289964_2": 28.227459999999667, "MR_409958_1": 112.27230000000318, "MR_191075_1": 78.96962000001196, "MR_404265_0": 89.3572550000026, "MR_33453_0": 102.53538250001043, "MR_487668_0": 83.39537750000247, "MR_369885_0": 135.8882625000176, "MR_198127_2": 66.3587524999987, "MR_209912_2": 134.06662999997977, "MR_275421_0": 84.48283500000343, "MR_685126_0": 82.04248749999394, "MR_578272_2": 31.77973749998401, "MR_381487_1": 61.98068500003046, "MR_561527_0": 85.53389749998928, "MR_684542_1": 132.81727749999519, "MR_142128_2": 97.70865249999787, "MR_576807_0": 74.05817749999926, "MR_672934_0": 89.71116500000079, "MR_205801_1": 88.6626125000086, "MR_554161_0": 122.33614499999092, "MR_26575_1": 68.70183750000407, "MR_209282_2": 53.62301250001536, "MR_94904_1": 37.20949500000785, "MR_11880_0": 82.37506250001033, "MR_605945_1": 67.22595750002071, "MR_588139_2": 124.87124500001087, "MR_37223_0": 88.3331749999843, "MR_144195_1": 138.520625000006, "MR_509989_1": 63.36244000000178, "MR_60391_0": 60.699329999984, "MR_552735_0": 76.90891000000704, "MR_707369_2": 71.11896750000085,