{"best_epoch": 140, "best_val_loss": 42.58957058164381, "train_loss_list": [392.58312797081516, 313.5476842124146, 272.3337940426625, 94.80218056299353, 48.915120064246615, 27.800508450470517, 21.36430672279823, 17.10674394060634, 9.902753930177312, 9.704184050816362, 4.471704916663494, 2.078662709472, 2.0717416517196163, 10.02536048014104, 28.3378355184849, 6.380420903903182, 2.931394592374029, 8.264869732190204, 19.175430044905685, 24.011753085283395, 6.868360807835842, 4.092916346040678, 3.182986332814753, 2.296746798279465, 2.142815591801879, 1.3767088390336668, 1.135258803042887, 3.9519139952984337, 3.0063827712561495, 12.17630897445918, 1.4228497234809356, 1.024365183495279, 0.651339316368103, 0.5511076364508667, 0.5673039571358739, 0.4152858768740008, 0.5445379523820775, 0.616611667713384, 0.6087837286234756, 0.5358017143297367, 0.5476156643257346, 1.4147544235824256, 2.596472885241218, 105.88992749737154, 110.58607608261929, 44.53283860066458, 21.57136331530882, 11.011033342952796, 4.103610843706302, 2.5952124193834147, 2.484278101750172, 1.4698170328311169, 0.8713930386027128, 1.386135345616221, 7.039226955342037, 9.252492214240482, 3.682863817984058, 2.969707862587385, 1.9975447903397263, 1.0017787666987348, 0.8185780086483152, 9.117619763685383, 0.7606953237219096, 5.437087488422257, 1.3862844662170684, 1.4892192190265998, 3.897067483514013, 0.8200708954821351, 3.1719761777693227, 3.2437701101542373, 4.578578954170254, 2.0346559478048785, 1.5703836034275724, 3.287125459896621, 1.7943166823968237, 0.9193134038807244, 0.6021600227843049, 1.6132905313020112, 2.759002479122531, 2.607094971834545, 1.330059889302886, 1.1763188333280625, 0.663432978122465, 0.42245322797460794, 0.7017903356056486, 138.7462218120534, 1.3546237979225788, 1.2264752524727989, 1.1519113408023738, 0.9043277228775845, 0.9488338856372355, 1.1119588458751692, 1.4535932374769642, 0.8602597458730035, 1.9064236578719163, 2.2390797432520055, 0.7610860129838348, 1.073964924923408, 0.876887191974134, 0.3995459621995153, 0.6637360698967424, 2.166764481674386, 0.8616430094250641, 1.7151081883950046, 1.131737915956846, 0.8719644115475343, 1.4064417649169976, 1.9680050519034, 3.315898474536062, 1.7159926297587733, 3.0778305102932837, 2.2469109240398613, 1.3241191116114244, 0.9582392510718343, 2.5128969344998775, 0.9042003314896724, 1.5685338547836496, 0.6292895478629724, 0.5175301728368232, 0.29058508398712324, 0.2117052743533179, 19.195443834412483, 2.4720821697823037, 0.7774728140437902, 0.6164897232072755, 1.309829291562453, 1.2785071163194581, 0.9529612510093224, 2.1679359841090378, 2.2263814012807757, 0.6238420646421371, 4.3046761519592724, 1.7081093095964002, 2.1459191795403814, 1.4224304852690748, 0.580869858636651, 0.4971469612531765, 0.9283624536931301, 1.2134934733161789, 1.489994271912455, 0.8352160892563482, 0.31909815600696, 0.28962451752368695, 0.25328015476999316, 0.6403688122871529, 0.281855156041388, 0.37192808371290936, 0.34388155303121043, 0.4110196856657664, 0.33527051718004286, 5.790920094469542, 0.5502400423378073, 2.601100210476947, 1.6237600870713538, 1.5990954335872418, 1.7936501636300035, 1.633496561904962, 1.088657326988849, 0.5072608676777091, 1.8988552642124956, 0.33213614923338736, 0.3160697153990414, 0.20126102257373085, 0.21808253427773822, 0.2245100258648609, 0.22687318703179718, 0.7646909824323483, 0.5614764544442563, 0.4148583909516693, 0.7892201498887872, 8.314963545371983, 2.2983112656514706, 5.122141800191668, 1.2827459303196185, 0.7106988116319034, 0.8993261492124168, 1.0157744431752032, 1.1865985264188499, 0.5020338966855011, 0.2224029030680229, 0.30095261678046226, 0.37604462090358937, 0.24555032939893798, 0.18666123547648017, 0.16313579548537518, 0.30510748422274026, 0.39378647344514034, 0.868890522517611, 0.8929462613213447, 0.37388755766294335, 0.33528111006410316, 0.7829172385636196, 0.2558884481791954, 0.3145512006637443, 1.0751636868138468, 0.5522570722803848, 0.5855696787970895, 0.30212524325189627, 0.2278552888029365, 0.6968504209586797, 0.7368201843213864, 2.914374251630571, 0.7027582403835857, 3.3736048520337723, 2.205710104272357, 0.7263269079885175, 0.36018792819805895, 0.9107197098065448, 0.7308876546779414, 0.3632119841729441, 0.2798842385208308, 0.2896780819640792, 0.20458965011395006, 0.17748906183840982, 0.19555737296099304, 0.14775145092424954, 0.15589911123544084, 6.079745008347282, 2.645446565279397, 0.9655099452695539, 0.6427512600943179, 0.3980765641205627, 0.29582239392837745, 0.27198205791707536, 2.731029310386668, 2.947421357332592, 1.4153258936208637, 0.5188664997350357, 0.48055445182280726, 0.476139556123578, 0.3599305400284388, 2.1742231505446963, 1.2566719653871323, 0.6361410810913236, 0.3473634080220294, 0.39632563070157095, 0.47058424954773276, 0.24760963943269518, 0.26491147335284926, 0.5013140367585698, 20.334217492448815, 5.5786990768166, 1.4329357739674147, 0.8106682936350504, 1.5099067825976238, 1.4273095726667766, 0.49801158248737293, 0.3250537720076927, 0.7167236543214449, 0.2542281944926922, 0.2722248487831444, 0.47498921436648217, 0.5180483907386394, 3.0133698298982394, 0.9552956146322271, 0.9484530083680238, 0.408832227047199, 0.43685309882232365, 0.43826947010546174, 0.32756727424787363, 0.3503883978948798, 0.2968662778707388, 0.36917424689484324, 0.5239986861969835, 1.1135416265884182, 0.5208352100208241, 0.27323872417531986, 0.24898215918130773, 0.20606699133004766, 0.1853003028814938, 0.16810753645435456, 0.23323037055017273, 0.24394868822294324, 0.6780388332246452, 0.5389692491570681, 0.3079256981910343, 0.19160447770549405, 6.568840975607595, 1.8703427894995632, 0.9736238197442878, 0.5262698773585768, 0.24167079502536404, 0.22801327797460727, 0.21567606854609692, 0.40077362235728986, 4.28520119735417, 1.9953223491740484, 0.620904792320771, 0.4916825885841069, 0.5405734635852144, 0.3645599520996907, 0.5765594939668546, 0.25090389973801097, 0.2650052464093786, 0.2565788882436718, 0.24398792768891994, 0.2763544256499164, 0.20314873141039658, 0.2161315545642675, 1.1476735041773876, 8.727120074713103, 0.9110392366686175, 0.7723067002954449, 0.3589831313651095, 0.2896453049405074, 0.2553395447904064, 0.3330625041667706, 0.18212011274257442, 0.1866265576132523, 0.18128194901678296, 0.15794209491501573, 0.17951504357613116, 0.2999091496390681, 1.3091648135817606, 1.6029288687928176, 1.8485369766057607, 0.7098168694417536, 0.46169760464553766, 0.392243804829095, 0.3408603785862632, 0.33732951888474083, 0.3334179990821414, 0.21881426635181606, 0.19620939921734581, 0.17518235534643187, 0.18915019407708158, 0.44025599243820357, 0.5523311399729876, 0.3565812900673104, 0.5288052810990255, 0.3250604451813578, 0.6628676347450544, 0.39503005658426593, 0.337392487886986, 6.696792539029138, 0.634314067363739, 0.4289947287540709, 0.3528395923940084, 0.254511264575425, 0.27181547046989524, 0.22592138087877664, 2.025062855956375, 1.2129956180220436, 1.5147890446775703, 0.6994305780113385, 0.7429931292824421, 0.26082597385384276, 0.2336123101215636, 0.2522464282228528, 0.15835341303365633, 0.17181734590227032, 0.1744148226205166, 0.14539301827389706, 0.13813817299822326, 0.165285568541737, 0.16894206805148004, 0.20573925043092406, 0.17910700252620124, 0.1613407846035496, 0.7087708884242615, 0.5852989060562571, 0.40128269180174797, 0.31746939219454284, 0.18435836101625128, 1.0867252303964348, 0.5105745732228816, 0.34124208401394573, 0.30224767195601615, 55.56124162083886, 0.6235450362005541, 0.41437428118934766, 0.25404146026219093, 0.294553310706624, 0.15902707855227172, 0.14923978072661226, 0.17268719110223982, 0.18033724386204955, 0.14094811355768566, 0.16948983651335522, 0.14513798074055745, 0.17477310742101362, 0.1824365439914888, 0.16801418005992863, 0.16047963177004168, 0.13178682829957708, 0.1835389109687566, 0.19669166509395858, 0.38323176833463823, 0.19636964855014638, 0.3193304086521962, 0.19140668184740142, 0.23269817699240955, 0.12852769866852778, 0.1385695903574694, 0.33314255394068243, 