{"best_epoch": 125, "best_val_loss": 127.68578541909494, "train_loss_list": [397.1289455055592, 332.64390710755487, 268.3395133644022, 215.14110010071894, 140.06711295835433, 46.89166423674553, 16.98069130422394, 10.03023517581297, 16.367289910470287, 6.9256318465612265, 21.417162359094107, 5.2394530292907495, 3.353453791628602, 11.040713905946328, 7.0879437209372025, 3.117232035189119, 2.6726416260367225, 59.86649660582184, 23.35136940248551, 13.272426332043063, 3.8243207228055565, 2.5096755399669797, 8.182103560714312, 46.718087911024746, 7.847065354213919, 2.5659185639419007, 1.918746731238553, 1.0896404492043252, 0.8476095882538827, 2.278498304941321, 1.9841662576292578, 2.1220754617003985, 3.7786960058656645, 2.201861335829595, 1.639511031352491, 1.414341337689362, 1.3032001284800978, 0.7389977230564241, 2.756964367880189, 20.05328253604178, 3.2146008064242673, 2.433639384905497, 2.0836462107354166, 2.321274999324566, 1.928397961192661, 1.5014498370522666, 1.0194090459338225, 0.615075733059196, 0.7034501737078458, 0.6705499387898326, 0.6541735680556212, 0.5784045911006176, 0.4013826415231151, 0.5789848357033132, 0.7415836197458288, 0.7623457086898092, 9.431685890689973, 6.389110023129371, 5.531072939202777, 52.332695292178876, 10.422601278229854, 3.212999328148408, 1.8511783879803072, 2.0468874113875906, 2.0071119834530737, 1.5352822682678058, 1.1425825917378976, 0.7409778881927545, 0.7336016443596092, 1.0730997544975691, 1.5126596023190406, 1.1341860321772996, 1.5391161665437896, 3.5133038135583257, 3.5199405033015863, 1.520029415400652, 1.2682721263106151, 0.5662404628637444, 0.402020426210964, 42.23979067549483, 124.62150886704845, 2.218422369153696, 0.8130326546648498, 0.5161128629920303, 0.4089447865178508, 0.2888077351867512, 0.2900797375769598, 0.45778192591068995, 0.9544526133742384, 0.9511904483029492, 2.5480945905690553, 1.3077838457357072, 1.2861173943379447, 0.5341562164556168, 0.41919725661209406, 2.042008937661366, 2.1955725209089163, 2.328837064175623, 8.496402806483717, 1.6915952964837406, 1.0070493446370608, 1.0654488739745165, 0.46419060361855347, 0.8333238729182965, 0.3096576223065776, 0.27832330087607055, 0.45926684945501306, 0.31214725935330956, 0.2512578301980931, 0.5547663034760396, 1.6065843700593518, 0.9071034676712474, 1.0843744462878047, 1.2779527261265717, 0.8537885682984492, 0.9886731305942741, 9.60149083352858, 2.287792218133113, 0.8977368995707522, 1.337577322777027, 1.3524586092357567, 0.48019465382381155, 1.427518513736759, 2.4729208791384134, 1.8237990923936223, 21.299277374103504, 2.7939538496882257, 1.2561282272065413, 0.9931460526468079, 0.7530610817179457, 1.3162008246213304, 0.6994083134846021, 0.3769873600664105, 0.7371302699786361, 0.3835918696251394, 0.22838909100674387, 0.23420654945903355, 0.3783673817837965, 0.8569906479739801, 1.5902720674733535, 1.17091553500049, 0.7964298933979431, 1.0203614520428428, 2.1124610995819064, 1.1257452559385677, 0.7602593989184253, 1.885701386787558, 1.0638858081875737, 0.544179247963813, 0.5909276536032291, 0.3819311280788914, 0.2803972777403811, 0.19262791351178213, 0.19102876329934726, 0.20168556397961032, 1.4174439574740694, 1.7391265929984363, 1.5449029521275592, 0.6259150357314762, 0.2802879596910169, 3.2145278674983637, 2.8369992122897965, 1.5688244301358432, 0.29273353178868583, 0.21677819861946995, 0.1723022238990312, 0.1698395392843472, 1.6748802840837869, 0.4661301962235495, 0.4180786418252521, 0.6607599497866887, 0.8087825710286376, 0.36500949783991743, 0.4674320850363769, 1.0933501880057823, 1.0885451929543608, 0.5042267486292829, 0.3519669485754437, 2.2817690666431165, 1.5686448934684945, 1.1228467791695749, 0.5412571905248909, 0.5934481547895726, 1.423070161081984, 0.8852599998998812, 0.5844146302652188, 0.37579329397302375, 0.25674061072129073, 0.6839205960048143, 0.2740233505626733, 0.3587604621063424, 0.17073164310506594, 0.15339580494229513, 0.1956896533654155, 0.17190198565202375, 0.1813159438743386, 0.25848646721104995, 0.23338851843683522, 1.9386031978061977, 0.40970019184133055, 0.4292481996103, 0.6263863166173299, 0.7122923574225449, 1.3504795464392632, 0.8515898955808319, 4.8964894247225965, 2.1191408913708076, 34.64022189018974, 1.9238426273441656, 1.6128183332779928, 0.4058658839810279, 0.7552543088270345, 0.27615790120162415, 0.3470947245799512, 0.2285220117466424, 0.36784846901466345, 0.44776035894629773, 0.5346192275324175, 2.4692689596025748, 0.7251288738558369, 0.4879810636017912, 0.7312336989884736, 0.43499101621916647, 0.19995907870244808, 0.1468012935115445, 0.14665465667683591, 0.21706180181875023, 0.6576395373916968, 0.9773332231425043, 0.9749037277057606, 0.3966204031906675, 0.22863034445325106, 0.4643964502482431, 0.408733611638828, 0.31636093984581665, 0.2074187495588829, 0.25433054398892174, 0.17196497071707975, 0.16773662681647952, 0.15471558558470885, 0.14044804320006388, 0.14343838065755837, 0.18835971066601387, 0.2230792393992024, 0.23234941870935502, 1.3656756364487406, 0.6905944014791947, 0.4934829434399964, 0.267667741352512, 0.34923072420995294, 0.39319556769931613, 0.8294942385663269, 1.2699575053705536, 0.44374137488958226, 0.27276104195784495, 0.2688908167338286, 0.1443241826436853, 0.17228267114649537, 0.13246128598314888, 0.1136313158076083, 0.10187833732387926, 0.10928080847827337, 0.1254567898473432, 0.136961293051747, 0.44157670353475864, 0.6110393432092496, 0.2814298468390246, 0.3025912265004223, 0.3184772480217787, 0.1406668571161113, 0.9550357967999674, 0.2263802934814525, 0.2810090448010352, 0.7625176458333128, 0.31053478742585816, 0.2117804560353679, 0.2040689413030515, 2.3168809057734774, 0.5109565700638679, 0.4888564334975349, 0.1855515589658505, 0.17866431514689143, 2.17766539629215, 0.9323865493993178, 0.33926837875210686, 0.2644557234089434, 0.14599687324416252, 0.21655862808868448, 0.12071375223257208, 0.11153108102019116, 0.15534575745837237, 0.15862289842578672, 1.2987871725072142, 0.41521776808205474, 0.20123648961812365, 0.13398668566485034, 0.10835519368182801, 0.11890198109077296, 0.1107145792171092, 0.11195857884315608, 0.097628290637206, 0.10320644064188858, 0.899121047694196, 0.6098791549709963, 0.3647787983101329, 0.40733205461160255, 0.2086315836957706, 0.15019833967463517, 0.14049515156976639, 0.12577779777588383, 0.15733359743937797, 0.1999428261661615, 20.118175813203216, 0.6566079205723219, 0.3665264795266599, 1.0772579547901735, 0.29838052434092355, 0.2323290288159924, 0.24700054140501124, 0.23587605440488427, 0.39603339068778526, 0.43993205502896326, 0.26132062201858847, 0.1478042568891279, 0.290453329431327, 0.6682583171364227, 0.13337738677805897, 0.10820457952210553, 0.2548790434013558, 0.11781920707140345, 0.5726119230212277, 0.3259071079889933, 0.603523263411069, 0.159661288415232, 0.33221958967519916, 0.19403296459853436, 0.14703230539209955, 0.2267717400545715, 62.693729519861144, 0.5322742422806319, 0.29233520881249486, 0.21878848481028737, 0.16584018006974224, 0.13723694922783042, 0.1718709661071873, 0.3272098833792526, 0.10498386659075283, 0.127425171584425, 0.17122522926672384, 0.24476560062191394, 0.18411878942802387, 0.09834847700211309, 0.1019160859366899, 0.11406701598436601, 0.09640093857669489, 0.10055590366804472, 0.08806076906327706, 0.21738332898065607, 0.14701055777115635, 0.10073568261545619, 0.09486231815430426, 0.3180709773344806, 0.17633931041618403, 0.1327821643645191, 0.24959905617553274, 0.32404790397292826, 0.21299757448789466, 0.2356174662655827, 0.1508178188045606, 0.10916089210886254, 0.6496378117970668, 0.2846628732514638, 0.19123032849749358, 0.2134847243456003, 0.11087459499797514, 0.10616795104250686, 0.17438929034817605, 0.5216746539454307, 0.3049808766337706, 0.1888967204884389, 0.30665151581969313, 0.21973747218595183, 0.499639369215162, 0.3289589575338962, 0.13578624135811268, 0.09663580025823312, 0.15932004561988256, 0.0993075851108011, 0.14808395292703397, 0.24684203698643647, 0.1365584433527403, 0.12697663163626066, 0.1907318458847675, 