{"best_epoch": 53, "best_val_loss": 40.78695277260196, "train_loss_list": [388.35984439699456, 333.0773520455309, 163.6175168180295, 127.38396463264274, 119.09001514927033, 27.921008989887852, 7.234411681834942, 11.550794434154334, 7.16494263214877, 9.389477974266134, 3.2145668001072383, 2.8309187241523497, 56.83794549046451, 213.72874425525734, 215.9131324029738, 123.8856517428053, 19.84202286231475, 39.75435734123312, 19.808879782016987, 9.060956990847023, 2.844215826971129, 2.1314287399818395, 1.7584388466975167, 2.0588547714124017, 2.428176516768753, 3.740061130335681, 2.5704313415523927, 2.0173958943992534, 2.8741476389498692, 3.2544030959973624, 2.477769719503259, 1.5400704959472875, 1.8481612826590041, 13.266968348342457, 17.37183698565302, 4.331077910392515, 1.9270548492178694, 1.0706984083114133, 0.5261031721484276, 0.5483169608432332, 0.6197967383083904, 0.5380115043476064, 0.5106169172512588, 1.8338401473294876, 2.22624770697727, 1.6405349617961487, 1.518116962884062, 2.1626833179603766, 1.485804539282262, 1.1577007418721381, 1.1471371443724547, 3.4573240670337473, 88.52306475622252, 11.333150864467825, 5.857288674180226, 4.083450501537665, 1.3112665380201032, 0.6082221638942705, 1.4838195547835373, 1.4478295494920463, 0.6917478338172359, 0.9441532333264642, 2.2242608313064847, 1.505009042447613, 0.7433306367636582, 1.2083505595285833, 1.963342073536261, 1.300230846746848, 1.696369586631816, 1.2877087255703505, 1.1518917636119337, 0.6238215075064731, 0.5529852367344723, 0.5992149937879228, 1.1758138735234525, 1.0418742316939924, 1.477614251926381, 1.5695319387135112, 2.8676493594808816, 2.1300468416111444, 1.2530237960644521, 0.870285272205175, 0.5266764875637587, 5.654447655942705, 4.211839455464408, 60.933182335310086, 13.729802307262215, 1.9995761918167059, 2.362530032144225, 1.5579049006499697, 1.1854487750350788, 1.3896548427903097, 19.273136589364768, 4.006979489890478, 4.058512572695277, 1.2981049870590156, 0.7969369735512682, 0.40592471122741697, 0.6234108457642217, 1.4605676840710384, 0.8815916165656086, 0.3596491265425118, 0.42244524409694056, 0.7943478052141846, 1.2816838635851406, 0.7682700433867806, 0.8112253285137984, 0.44056184099566553, 0.34400721063750617, 0.3478660991414046, 0.29576325024327926, 0.7305312672652652, 1.1583904788998294, 0.8367821307336131, 5.912405481304319, 2.956305116462024, 2.7833080076402235, 1.4959426854588225, 1.1824926194922472, 7.412589438294852, 1.4350297726867018, 0.8970699511548524, 0.9968156516936517, 0.6160297257242237, 5.60121927507462, 3.350197392860194, 1.8293896310047437, 1.4268807802576318, 1.9416384997077314, 1.5486103639124116, 1.3469783982410226, 0.7229260707692006, 0.5254882982127556, 0.5335837684651856, 1.195757481701485, 0.4785709609801624, 16.08650116643598, 1.5162432208625218, 1.0307088145987535, 1.1256858705705213, 1.191875659680281, 0.5394677897700272, 0.5535090671217997, 0.5536714432615533, 2.9778123596492208, 2.0476566829818124, 2.432302338205358, 1.5323359207867722, 1.3723063633689743, 0.6733807529258045, 0.490527167794525, 0.31581423268202813, 0.8779344382166435, 0.9876148549544769, 0.8082968919678828, 0.4640060348792743, 0.46909854434297077, 0.21790989661088553, 0.16997219606112407, 0.316554095112722, 0.37355025879371123, 0.28806433233736234, 0.39114131682448916, 0.22538821708344217, 0.9613317213434472, 0.8335836988281605, 0.9493355060649175, 1.115596312664743, 1.1179559919825592, 0.5434859646349398, 0.4834433730315137, 0.5233468726544397, 0.6364091100573113, 0.5410762224487934, 0.292042345009397, 0.24635757974185396, 0.2682200026939419, 0.2214350090872857, 10.98011688901532, 0.8490193568549276, 2.0941172729341786, 0.9199414074826838, 0.706428684423474, 2.6045017457093818, 4.278588413252198, 1.4927507346419877, 2.8345423288029155, 0.5011838719323545, 1.0421939444798296, 1.0897120315285138, 1.2511305008588298, 1.1415838069599589, 0.27904518237464315, 0.33131189474709144, 0.2155591095006594, 0.15496290777319222, 0.11616699285404657, 0.22000685219909982, 0.7232061712374397, 0.739285635708908, 0.8398692044220517, 0.43975355742011873, 0.2517328670247054, 0.306147691105429, 0.1806928490161041, 0.18532920507760886, 0.14211034291961286, 0.1490096790388921, 0.14605545889092175, 0.5319851284898738, 9.241275149177907, 1.1488052129745483, 22.84792755268808, 1.4490645009898797, 0.4264264346749979, 0.41848174918937, 0.21047133539739904, 0.2703436093454293, 0.4185007342279598, 0.2303437852282678, 0.2685316380292284, 0.20125964980932973, 0.47804828595944204, 0.6983413178262745, 0.5829580280344974, 0.6147778588383855, 0.8021297740594461, 0.5026130992110057, 0.3053676502144892, 0.2532331851883174, 0.21819730010083926, 0.20160449717634468, 0.1479636313923798, 0.15938554968137467, 0.23038675675842923, 0.28253235513057334, 0.4026382813573311, 0.233413508147749, 0.35927517703357137, 0.2323712473274559, 0.34596762258946684, 0.18065982418889212, 0.21015685431205244, 0.8209790613830731, 1.2847804155059186, 1.1945044628010002, 0.9852515616040931, 1.0656942591103173, 0.4456067669348905, 0.3681714309073691, 0.25009180297133743, 0.3727964726880887, 0.627012489397466, 0.3810866912334196, 0.25472493287055725, 0.21527263821453177, 0.1978767785066772, 0.16848724919835298, 1.902101573922728, 1.0648889345422012, 0.749367881351047, 0.36466743317983485, 0.3215468040995273, 0.2918241988010304, 0.20704385813846382, 0.14380853122066853, 0.17096202304286343, 0.16660898297063767, 0.18099600262966634, 0.131772354234504, 0.1626737933645966, 1.7905697518501658, 0.703807547105256, 0.7400810347321213, 0.25055872283956054, 0.1941912124127043, 0.1462113326766585, 0.13049211255324783, 0.1588573079895375, 0.37170973579729755, 0.3023582027419921, 0.22003987208489448, 0.2954217443436277, 0.17240460627395193, 0.1334020822471188, 0.1414725468192904, 0.17421713268885047, 0.19171066145529456, 0.19243848122576232, 0.1882181920394248, 0.6249120801836786, 0.9103218393449715, 0.764426302106577, 0.31717282728482316, 0.26641995058798873, 0.1958473850663845, 0.11740456653965844, 0.13641274183881752, 0.5319357516069139, 0.4473791008183606, 0.2713274885933032, 0.1743279166439528, 0.29204568560191807, 0.2114172104604569, 0.17533420279034578, 0.3945307716417484, 0.18449158257801473, 0.10295940036414772, 0.22207055705743023, 0.13779031952435825, 24.215666831710433, 1.7724581589963702, 0.5710928279652818, 0.45897578205259043, 0.40786651428241455, 0.5404472591073709, 0.4046927077902688, 0.12872714538300764, 0.6002007736452591, 0.6345996401365512, 0.23865991263833952, 0.43467777432506655, 0.44114406096038, 0.49946834344590435, 0.32495316450954764, 0.22589183073958188, 0.3076262584104333, 0.12312524151631153, 0.18389185315391923, 0.21648406761735145, 0.6202018688485614, 0.2876656969046507, 0.33520568876176754, 0.18916139668461243, 0.14169053035397683, 0.09843597146558933, 0.10331792139344745, 0.13889067079431267, 0.13810318833824553, 0.22309406192712886, 0.19797817414059007, 0.11272093098864333, 0.3383919342091861, 0.34887788260923064, 0.5435390491831688, 0.31382829155118663, 0.42099642852728514, 0.21870742165486873, 0.4736467179047164, 0.42211345808266737, 0.21729686759278766, 0.11844663073298752, 0.14743372237596888, 0.2330127970388286],