{"best_epoch": 34, "best_val_loss": 274.56337484498175, "train_loss_list": [485.21912086076634, 436.2221353422869, 319.20089545629355, 195.2807695373754, 98.63222385693622, 102.20617992360104, 33.26985591218463, 46.733054330750605, 30.518473984502975, 16.777946229613384, 10.292695736491979, 20.224565488480327, 7.818793805200994, 5.338670759474505, 29.54511047558118, 18.60028550124083, 25.915869127840978, 13.004335363141951, 4.871864873824581, 3.053417127038416, 8.622663418657035, 3.945568367674359, 2.4316162081004045, 2.186616130815185, 3.7796886830005167, 1.6661458179514894, 2.0042413181386967, 1.6025579302798034, 1.1768699367670175, 2.1175900312820217, 1.6165777891425677, 1.4142143480923013, 1.0726006333375062, 3.8201941817122975, 6.731418940294601, 6.12018104942896, 34.01349395656244, 7.1861196337464035, 3.158669992433227, 1.668419799428687, 2.870416512232955, 2.434908343762907, 12.270829914086182, 13.587755972202533, 4.657812086877857, 2.793247471966624, 2.4331996785782573, 1.6786727596611104, 1.488625105948431, 0.9248900813099304, 0.9751951800794157, 9.494730484152353, 24.81288648625856, 7.24380153840588, 2.7308072852404743, 6.717449234207044, 3.145766787973356, 1.4830212869609982, 3.4451599807380346, 12.328115049211782, 12.88656725210101, 12.616125090404223, 3.5816414672414036, 3.4107404755007837, 1.4432564342321033, 0.8268859154007341, 0.7182417309326937, 3.154693015108826, 4.185807068390658, 3.962179333625301, 11.885476833603288, 16.28189733471067, 8.771659623833113, 1.6706678977063907, 0.9346182892057631, 1.1640793959128815, 0.9211786793124291, 0.7561808193114496, 1.9181695078607102, 1.554460395860843, 0.7998664588654768, 0.5752699917448036, 0.4464330162796923, 0.404455317690381, 0.36531399910167983, 0.5326851069884488, 1.2478247478102271, 2.620121246324218, 1.4296223123099214, 0.9950849680917665, 1.4245847328247563, 2.3529867726158495, 1.6031530642765826, 0.9999880598181038, 9.531660982084103, 14.859749126981237, 9.351996320259614, 2.260222020969596, 1.322928571906141, 2.2767987665566065, 4.527860647444229, 1.8343510066309283, 1.6838313172367738, 3.4130546742442687, 2.467111896050019, 0.9604201448091897, 0.858423429603645, 0.6744975303834484, 0.48375856923373367, 0.42204485138257347, 0.8292183224189239, 1.2952030928758738, 1.0043207914085799, 0.7119277129891098, 0.6807000031778889, 3.925876769797349, 1.7009391968651912, 1.2225959751682898, 0.688144114846397, 1.3758220081730983, 0.9397672829405809, 0.9993364369570141, 1.1781196476994449, 1.209996142951391, 0.6297325240625703, 0.7528232517293705, 1.4963435743786528, 2.7771041738858786, 1.660115552307457, 1.242439516214487, 0.7106565051309524, 0.5869521688389522, 0.8032268709692049, 3.613337962960684, 2.100367436417542, 1.1273981574444787, 0.9700640724038565, 0.7271672064172752, 0.8611284762727744, 0.6233499057190393, 0.46512618014462104, 0.41340134633057435, 0.3202091346953505, 0.32913433541106496, 1.9213620560143583, 1.2256707213429139, 0.8705524223893347, 1.2590333321444878, 2.8244458128987247, 2.4006267048552044, 1.0125748893864266, 1.6522782161714356, 1.4721721268383834, 3.13230618957123, 0.5268757305863083, 0.3899439573458873, 0.29049441280330807, 0.33609958733709056, 0.3081226466975332, 0.4373362715056293, 0.2627378832952096, 0.36018231453434113, 0.30390892112126916, 0.2699091268397574, 0.2939874068618248, 4.575875383636857, 1.738272428034027, 2.3411784999601304, 1.594330590924909, 0.5812629696203389, 0.3932004113692964, 18.309878849590124, 1.9706524825694314, 1.428578040710914, 0.8165142201950046, 0.47223539958718, 1.0646084994611775, 1.0826996900360217, 0.9048925482329502, 1.5917334331150124, 0.5588360676543259, 0.6361066215525392, 0.9118499021205424, 0.3726767609538143, 0.4959591408656062, 2.0049762208658306, 1.350559527421083, 0.7049247172827362, 0.4030114295234817, 0.32498501104265987, 0.22614832038947758, 0.20351434945205635, 0.16950113333040667, 0.18090027025309943, 1.4199432995242458, 1.2000200751861791, 0.6538934359371021, 0.8095834913903239, 0.4781559039187688, 0.38460237549624565, 0.8756532454383843, 0.2878618572668363, 0.5858561188196196, 10.427099230793642, 1.6833038732056977, 0.7702438103127223, 1.8161835382488893, 1.2322287261614235, 0.8682526773363886, 0.5504194456488428, 0.5334612216829826, 0.43798238253507993, 0.2905169952962561, 0.7128916900730475, 0.42616396365199893, 0.22135224374818974, 1.0057547522274823, 0.6425906677656277, 2.403028148737432, 0.6060232775142971, 0.28858316233508474, 0.40556049515269565, 0.23275978988430407, 0.27225563273207687, 0.27224258800561285, 0.35011351725533874, 0.3591618660273945, 0.8548160420609204, 0.7505962160112183, 0.6204864831466401, 0.7295603136178841, 3.1776476822916324, 0.7172321956302957, 0.46788986434218705, 0.4401707345247269, 0.25996514591371717, 1.1430543290970574, 0.29023089306328886, 0.23398735224559744, 0.3583876522595737, 1.0221354713427122, 0.4476253000382454, 0.2645069388035805, 0.43275367361670325, 0.29884765071680897, 0.34117535659916515, 0.39964420390812727, 0.3168337980542986, 0.19158201977236725, 0.1831297534917845, 0.2622810064977215, 0.18988283143675883, 0.235022314891593, 2.2095892454646395, 1.0308181666601517, 0.652666908579488, 0.4557814102019033, 0.4049591626744971, 0.25912733104921154, 1.5214382536736013, 0.7184249271415041, 1.4720374659526305, 0.7143794521913733, 0.3148531260007599, 0.8414485917894644, 0.8268052264140071, 0.444286135875196, 0.31373885596738493, 0.42879142770630485, 0.38986353244832767, 0.1838761558092623, 0.15344892877724864, 2.5440411505391523, 0.8225263253634121, 0.6378699211749552, 0.7506496232555758, 0.6449528693511922, 0.2694620773676903, 0.2201873305236994, 0.3631189321873436, 1.1274208490951088, 2.2091599651604996, 0.7792661049972726, 0.3721056761280183, 0.31196554779151864, 0.19761266054645663, 0.1906480436363528, 3.075695079680412, 2.4594589396104163, 2.274660680567492, 1.5028617877430386, 0.3175004416640087, 0.37978502671992054, 0.27810909550677065, 0.52090706016855, 0.19164447132618195, 0.20307822465469333, 0.5264746209434283, 0.28314786359828004, 0.22617875740305923, 0.22978396470828724, 0.36052858372742985, 0.18821994435402656, 0.1703216338745155, 0.1647325952121434, 0.8779497237701143, 0.9757595309048998, 0.5226754783708135, 0.5187509050890536, 0.7169524689109522, 49.293322453439025, 0.5358273067162456, 0.41298035025810254, 0.26035380830474225, 0.37760176812662444, 2.59659381272545, 1.69590507594488, 0.8321423953408409, 0.6949500028206883, 0.3369683706974043, 0.2537181150101419, 0.9562724649265248, 0.4924040092105934, 0.33958894988969235, 0.5802486959153179, 0.41129255083940364, 0.3516927242919963, 1.0703449847279485, 0.5733174393168488, 0.3342840210297629, 3.9483551297157895, 0.21377179660677484, 0.5859083061833535, 5.213861901982283, 1.0469239561788497],