{"best_epoch": 45, "best_val_loss": 99.74314991489534, "train_loss_list": [394.676499749734, 315.11349640220726, 253.81434714313903, 149.87725973806073, 48.72497189279098, 33.65854281189621, 19.372749381253367, 7.497586959989268, 4.963527677392447, 4.908057610296434, 31.12086350000033, 14.907145560497025, 10.054310023195, 9.262273797202708, 12.811164564180546, 8.483208906761634, 2.6842907128111864, 13.348584626857525, 5.154009034796, 2.3425680006362204, 2.4108633035912734, 2.014558194991081, 3.6493350793982064, 2.007921246046661, 1.1063440064888275, 1.2666844473432042, 1.4729935612217073, 1.0630677237989228, 1.0932481592103145, 1.1199703610840663, 1.0981051379378124, 78.14222164988091, 11.495467477477153, 28.436172062316675, 13.94203691537235, 4.4580164947646495, 25.593964336456793, 2.674029982030178, 3.363124850941388, 2.0419329513016566, 0.9516981368295608, 0.9532487391998263, 0.8375514823433319, 0.801555608207607, 0.7374985484410358, 0.644182131448527, 0.6179645755299531, 51.72869552482413, 16.43298168578883, 5.600053668244338, 4.846332910120701, 3.165121562728745, 2.16762655627343, 1.7616311124405126, 1.3859604547784319, 0.7257316567479069, 1.3895554218839146, 1.3982947826898227, 1.3318074132721056, 0.7397593729384911, 1.9898008960464095, 0.49954844567083545, 1.140588763136163, 1.183478239129521, 0.9241665007136629, 1.6680885941153358, 1.246528300589558, 0.90540416429547, 0.7493770046815222, 0.605679162377525, 0.46449434123158884, 0.6359436914741352, 0.551251338408412, 2.031055102775601, 4.126410176830907, 2.0463319632314865, 24.277493547248156, 14.978340262683062, 4.476316832795366, 2.253921340092963, 5.359834560066141, 5.119173928400949, 1.3858053168601032, 1.002343282118493, 8.914771663775154, 1.025525443643652, 1.8211752448116152, 0.9818569596266661, 0.8976900428597645, 0.5715392291075867, 0.3217767595240719, 0.4298045037339665, 0.47455309189989575, 0.34724768748420115, 2.3923141254019993, 4.242044287924271, 1.9772315075576947, 2.6075251476568133, 0.6758041120771866, 0.7060713219471729, 1.1948345612881432, 7.775674859580174, 1.8307977957024797, 1.4315529673501155, 2.277447450874527, 0.6061227922200302, 0.2695629437935395, 37.36901676991507, 2.720095456398516, 1.2868867331850058, 1.9886569091837893, 1.784272720719751, 0.7400504518495239, 0.6279507369038024, 0.37864570420702726, 0.4907045295332495, 0.33300361690555424, 0.2567798830873223, 0.2788887760053826, 0.8831002820948118, 0.6628690595353376, 0.5463278145815736, 0.3619205859442338, 0.3032679515585677, 0.2562927623290742, 0.23558871113698543, 0.24905816047422347, 0.267268518963595, 0.2421231561835094, 2.3186767033949547, 2.17151305919907, 0.903462075042041, 0.4896224898121263, 3.9631533333904856, 2.315804091012606, 1.2481765060100076, 1.3403265628549788, 1.1446463299139427, 1.7430636691192571, 0.6661282240190813, 0.3933395817031997, 0.24197023381041796, 0.22475547306640173, 3.4394090108632187, 1.6953841760594357, 0.8687663359539484, 0.35789621169849106, 0.2468119734418862, 0.20443404799293874, 0.21319248677154595, 0.1538931749275081, 0.40804617098155416, 1.9351436978856296, 1.971893618764843, 1.4536576530583016, 1.2561705377794081, 0.6819739673385483, 0.5192163608322007, 0.9875854593494032, 0.64339414061184, 0.30372999788185173, 0.2523108152548472, 0.44801148274038854, 0.21034103157592932, 0.23073294256109492, 1.5524117265401347, 1.0275059686595822, 0.4462905723860614, 0.5338942000045571, 1.4812462132891446, 1.2070023496411608, 0.5651946091053733, 0.7710570495615723, 0.6135741915583183, 1.6910084458405825, 1.2113483513726129, 0.5910516474922071, 0.30565893220858764, 0.7433482592892049, 0.20259336031679612, 0.7175378770554792, 0.9753724872382311, 1.3330077624320984, 0.694888388871292, 0.33920053437085135, 0.2881751319028998, 0.19057446381097198, 0.4513298617853486, 0.2633308399193603, 0.1525199638600845, 0.18606017599182745, 0.14002218611351477, 0.15056214175130303, 2.1187077537659675, 15.968453076680502, 1.932620143950199, 1.0441753232778186, 0.664730372317803, 0.6977135420956492, 0.5792333915413067, 0.7004476132123701, 0.6123846858034852, 0.22216119393652914, 0.18657664648307268, 0.9673420904357801, 0.5985032507787896, 0.23835820849223804, 0.3707113811245529, 0.23884707895231075, 0.18651459224121544, 0.1843729793512693, 0.9131106827464155, 0.5368432315019723, 0.3452598554024132, 0.2652365800727653, 0.20048590179412595, 0.24683886345783015, 0.2932292645859889, 0.2007509619702575, 0.42327846956723053, 0.21249171569142292, 0.15302729103941218, 0.8623031648854629, 0.8168217604476491, 0.44767174296908907, 0.3926444913537699, 0.2640814076657791, 0.18389256884120272, 0.16268537256345955, 0.1496058938152901, 0.19150075048421875, 6.042950983303849, 0.7938649584315584, 0.561817671827518, 0.3808606536072215, 0.3594483854779206, 1.2072221550954285, 0.38362806972209695, 0.7371039842127899, 0.2086670305267457, 2.070132919520033, 4.8998108903310635, 0.8357351116809366, 0.3940673948231564, 0.3491981604065092, 0.26024005551492013, 0.6550411359041822, 0.20660566263087762, 0.14406223630178785, 0.21331097547725963, 0.2331661732318581, 0.13935651981168323, 0.24230989749286336, 0.3296453084484223, 0.1407827734135385, 0.14597206513514227, 0.18921092713819182, 0.17208292413569692, 0.17082957344456812, 0.16157832326427582, 0.15236163488105206, 0.17960759237675683, 0.19730539520367926, 0.26642379063218297, 0.18655757383206412, 0.16165539411233745, 0.16881539649647195, 0.1694057182684594, 0.6289573905843988, 0.34889100727428246, 0.16946039706789037, 0.17012825192356196, 0.2105317737231545, 0.4361632405429758, 0.4379210741631019, 0.45077097479160544, 0.9087842031619028, 0.3528006945288737, 0.18712447277747601, 0.12021366922658831, 0.21020345285801906, 0.11833455335388901, 0.14498986756288876, 0.1582619488581107, 0.14761825890096714, 0.32641400981547586, 0.676897635989719, 0.3218332773553855, 0.41964309548925754, 0.16377446020803144, 0.18156748429314637, 0.11440679487788977, 3.6945767188542207, 0.5248666303559444, 0.21946728724518985, 0.13868527379514495, 0.12663774972961794, 0.07644933406864443, 0.09001638695757876, 0.10849588571803971, 0.27218815505718247, 0.2087038320837055, 0.4866427785222248, 0.6721237557763268, 0.564953229260701, 0.4682459072378801, 0.21037264769222574, 0.13455261244355138, 0.13627934108711912, 0.11994226414563408, 0.1762572820639525, 5.492160678644761, 0.8602554239893472, 0.4359094778269422, 0.2838924107649848, 0.24670677372631633, 0.13590723512206881, 0.2288631447498089, 0.13223314831947983, 0.09945987993991504, 0.11150610150615801, 0.4597383902192543, 0.3248183022946867, 0.19832866864392407, 0.19277776114081824, 0.12230155458159772, 0.09651631292155993, 0.10825461501823104, 0.10031579777224517, 4.679184296729317, 0.9107951129615093, 0.3564852517148927, 0.24693233116553248, 0.21004226696533967, 0.1805791218541429, 0.17393123134276345, 0.23163617700979275, 0.34040261054979004, 0.20164211758575987, 0.31635784848990406, 0.2965296139939284, 0.22198698353169213, 0.10917575252312486, 0.08648658422159038, 0.1409379640910574, 28.005155772645843],