{"best_epoch": 42, "best_val_loss": 223.08188131132434, "train_loss_list": [395.7572036010305, 335.0206275043009, 170.6461803110868, 80.64626914185008, 52.82468484092357, 23.442354136402034, 9.618070509100473, 6.654489267786771, 3.895348397736908, 4.0243888154593845, 31.667628398744863, 72.60604545060025, 10.176980600869785, 30.358604140640587, 7.259906385175643, 3.816227300431993, 9.00382215465696, 10.170522545571822, 4.040946547839804, 1.9078209519471747, 1.581770319161022, 1.0518257152051482, 1.6039544645090684, 2.2827332942374716, 3.748545712963227, 13.088365670412673, 61.18658260454841, 57.19946047936716, 3.619417832419009, 3.5334404558776527, 1.5460674553190936, 1.0642405761356422, 0.7516594398662608, 1.5394321507450501, 1.5596341286252478, 1.3734499058202176, 0.8890319085932974, 0.6745654560075438, 0.7086160482898836, 2.150995857416515, 6.0116042775663425, 5.623522498496545, 40.04204524241895, 7.990689574757784, 6.98602106634434, 4.46712480254498, 2.757010971944392, 3.8722071917509946, 5.9311644013380915, 1.6550819957726317, 1.3930562489178018, 0.9693221943010993, 0.9673743522124478, 0.7312257118079825, 1.0875400235789652, 0.6854813266185023, 13.457412948488761, 3.8707802360972194, 1.0804737444505041, 0.7461088707370143, 0.7281314856903527, 0.8970410501294666, 1.4221275369582638, 1.9112782176506562, 2.896675321261088, 1.7381336856315641, 0.9284032943171839, 2.551044731823774, 2.2571990082169946, 1.1143483192049046, 0.6836874113800705, 0.44362921969437685, 0.33440006039903153, 0.3541816259797756, 0.30820070171441655, 1.3728714743224524, 18.840464525530415, 5.054251775365577, 1.6779235676796205, 1.081439860012369, 3.060996443652765, 1.7505487031748646, 1.289087767105376, 1.1090163654836702, 0.8835538095684462, 2.0570130676864298, 1.5530703789017106, 1.1065257132352466, 0.8471641516557303, 1.8401783122298538, 1.3330594109463436, 1.4267560641996322, 0.8046997841797422, 0.540261081217865, 0.4033698813590525, 0.5346369481855823, 0.5422599531395034, 1.5171233909360824, 1.4271885626589527, 1.4672871586157001, 1.0205287692367389, 2.088429114724573, 0.695126399293168, 0.5378366791603812, 1.3217297298421142, 0.8787847765115854, 0.5198873013492981, 0.48821065559182114, 2.7079412877175115, 1.5824218963807628, 1.1619100238259976, 0.5018562366970978, 0.2968393130669884, 0.26254864207518996, 13.522572734313199, 9.54404676840724, 3.709213639416575, 1.6198160503585706, 0.8856554342768953, 0.6437810280758848, 0.8933532083675425, 3.4170245251262488, 2.1610881038592282, 0.6871717679457853, 0.5116670212950758, 0.5246032479886086, 0.5277940247434869, 1.170487813227493, 0.8985460440659608, 0.48211969954565864, 0.2866703127810605, 0.3346927738958789, 0.5124397692116358, 0.24736373693071387, 0.2426979460083883, 0.26220580401813687, 0.7544010466828568, 1.3729483522821926, 0.7070965088524699, 0.5699288785842157, 0.3342384358289848, 0.3065153817869856, 0.2795294943847109, 0.2099537043075835, 0.21513190484388756, 0.34203816853864216, 0.25085460592555314, 1.1261710061480068, 1.0937990180394983, 0.6360194690424055, 0.37357782510019116, 0.5275915124125805, 1.5728795196505858, 6.8538033020197275, 1.0948040178813387, 0.5255439661395165, 0.4138205387237679, 0.26215824314343034, 0.7832511832765353, 0.651316483576238, 0.5765328885000667, 0.3709921549554367, 0.6089575394507377, 0.27807789174672953, 0.28147181051606346, 0.20810694088004397, 0.2516038130474774, 0.22936345902395078, 0.3603438809952001, 0.24453937717663343, 1.488927749515007, 0.6864279992392414, 0.661360327881297, 0.5177884824173424, 2.3147339699174343, 1.4800857163714678, 1.0658007049646, 0.43478075315448117, 0.4606011825607669, 0.34482474027995996, 0.2995269716255981, 0.43108105967549015, 0.6893070777257283, 0.7257254645324522, 0.5158289881718201, 0.6927469291289647, 3.5071236591270747, 1.5873567170054255, 0.8201656955117393, 0.6517749118292203, 0.31099943954030246, 0.20959306863687371, 0.3062268786426086, 0.2912043770282499, 0.2890865324453641, 0.48509293949304944, 0.8332391918389174, 0.374681104761298, 0.24680890005549222, 0.2262947726036058, 0.45123230131723546, 0.24037953733970616, 0.22554226965459873, 0.26466311416104704, 0.31023123164330757, 0.22358512869445227, 3.514891337023841, 1.193300121407355, 1.393019681113595, 0.5148647055745552, 0.4507715447572824, 0.32412366809383514, 0.20063978837809682, 0.349617190489205, 1.7966542266432102, 0.4594038236183932, 0.2930365237711151, 0.1877990769869965, 0.12995440316029347, 0.1224611618644875, 0.17481499535635808, 0.4042318574993414, 0.21208466819537583, 0.14973097845217662, 0.2601288272659411, 0.2586174630734228, 0.2858153424136955, 0.32348861058339423, 0.20276311797053156, 0.4505675508856346, 0.40330552987941276, 0.38246740298031906, 0.19935840214025163, 28.129125861967765, 35.80522158610778, 2.050565463830066, 0.8131873993719778, 0.3539340611555243, 0.3999403871302109, 0.49376689947206914, 0.28300417698626024, 0.35400485128698383, 0.19765462254537905, 0.21766165300936682, 0.16529740551893857, 0.1937573487976546, 0.42483409800409844, 0.25570676891607197, 0.4905327900827572, 0.27164767041428545, 0.2476444105307261, 0.46962241799814297, 0.18106960641867798, 0.15942455455180138, 0.2672570632820061, 0.41439788595749916, 0.3273898436390798, 0.2696825136303047, 0.21615470504888923, 0.3490914931284484, 0.19845341952043621, 0.1802529549000511, 0.1758205878905498, 1.849993812046598, 1.0344570383119753, 0.5092609806727337, 0.25090421324348794, 0.17169754796557957, 4.728700165201686, 3.1494073604768325, 0.6518574754097983, 0.38417206442911567, 1.014998527620001, 0.1544853858708481, 0.5956896951442123, 0.2056445086258714, 0.20890983816329722, 0.14418963442566574, 0.2049729399377727, 0.6408427909070018, 0.35645244215978944, 0.36681662625309386, 0.21341061445333626, 0.18698582948749637, 0.16152871248969894, 0.1680438275277401, 0.465606079499995, 0.16143571886324112, 0.38041725734228726, 0.5999793445252176, 0.8784790365072134, 0.4795355236402122, 0.516697262412331, 0.38240658790407217, 0.2274011096048526, 0.27369694849496246, 0.2870587251893508, 0.24024036565989149, 0.22865176537771806, 0.16693900492883498, 0.17563183553329934, 0.2523236589491581, 0.1394729960968845, 0.24694802009931174, 0.26681126747720985, 0.5929734350874433, 1.1399724118683927, 0.6129663305342411, 0.6552298266785119, 0.5219030291226603, 0.6229496855996416, 0.20970797241054556, 0.2289945466453243, 0.20664334270689222, 0.4613304515765132, 0.33700225755091634, 0.3041231875009434, 0.4522387165771163, 1.1774849091336719, 0.29053733875033677, 0.2556969173151105, 0.17663268925895828, 0.12297389549807408, 0.10733899402789318, 0.09164897236078444, 0.9535385638154963, 0.560878710909129, 0.42767337042371006, 0.3580433895254648, 0.42698916477114496, 0.34110712732465465, 0.35161139849052636, 0.15747898868121554, 0.355680532657331, 0.15572741225201597, 0.11473111546915492, 0.13723033959293024, 0.1084438961252944, 0.6048855830114802, 0.28251223758771, 0.20439632949008738, 0.3093012057794892, 0.1395915483702041],