{"best_epoch": 69, "best_val_loss": 77.03620752134631, "train_loss_list": [406.6044889869827, 376.8605831903711, 264.332578343764, 277.39543033504145, 61.09201281639837, 77.2778573829897, 23.195642615834444, 15.109153480461421, 8.627212370937443, 6.219847434908686, 245.44506262803162, 74.8903366570148, 16.484754823903458, 8.771194004687784, 8.171818006021574, 8.854922265493741, 1.8902539187947482, 1.2849701102232847, 1.5694268251918122, 1.3283752410471652, 1.154899640869496, 1.2358336444994882, 18.912660672228824, 3.6085511703730484, 3.4209965175710697, 4.612062252413842, 4.521890616775841, 7.255301888783773, 5.113135590228556, 8.650060229643271, 1.9147395315990654, 1.5093103444020808, 0.9821201507335923, 0.922559919852937, 1.7115291354134945, 4.823944753164886, 3.0716149478317587, 2.644841601874239, 2.0043381810615566, 1.8612424257066515, 1.123282081952659, 1.165681884109333, 23.12042174308531, 7.375701200167338, 9.379617535170688, 13.692210466596816, 3.5617876211973076, 6.3383384133752525, 4.047526178753077, 1.513098954573327, 1.0018494089529932, 0.6179397200768993, 6.811305560382037, 2.2385260252798758, 5.622105853651587, 5.896791960586357, 1.2171714045369069, 0.887373876302473, 0.47410125014175225, 0.4702046474632824, 1.7405962755004991, 0.8941710095337215, 136.81267189299334, 5.630864555434087, 7.603546999175916, 3.0937224174827658, 1.9973311521502806, 3.7964756158090407, 2.0569600967523445, 1.2687665671601518, 0.7882624537628611, 1.4118930789988529, 8.225634608704556, 0.7059896263854051, 0.4316285168227329, 0.4375196063198069, 0.3537957350797551, 0.47484575786898214, 0.7362276067699582, 4.807893994649251, 3.191643833430437, 1.8779699730274926, 2.1808961966388116, 0.8837023252398309, 5.867066706277991, 2.3840728494001544, 1.0001630894428513, 0.9535104458819154, 0.6573766045160191, 0.34896747537838513, 0.4839769476203508, 0.5124351174002479, 2.21715672038362, 1.4358077229735673, 0.9473833964631548, 2.6618643956201478, 2.9330942104196036, 1.0631112529641837, 0.8571536971334915, 0.913897037369376, 0.5619685542882557, 0.496237571085653, 0.3121462574825492, 0.40123063485682225, 1.9961946893550162, 1.356004598952536, 1.1065022825083852, 0.7275050974789486, 0.7181746090099376, 24.250636154161132, 3.0779176571890443, 2.1950218724136286, 1.231971472805119, 0.8628865025120397, 0.8150159923449212, 0.38733378390684775, 1.346295864851244, 0.48302786905705714, 1.094620393373633, 0.5479222935758611, 0.40934265770792533, 0.4059882815892551, 0.4178163286947435, 0.32156961812340656, 0.2613946190647327, 0.3711057978964621, 0.4941823030970857, 0.38663926831283024, 0.3124160636154982, 7.023891461006629, 128.27402606929928, 2.0706375331776115, 1.2258748588254376, 0.5633788250509556, 0.5830667347292746, 0.8283111331710679, 0.4279726152308953, 0.3849506755434911, 0.3224477446698801, 1.1910143866504819, 0.8663560843489077, 0.6593716427074966, 1.2208967539401037, 4.069410439699781, 1.6389850721735253, 1.335421770456444, 0.9397882023678031, 2.4302991124207827, 0.7655346602607371, 0.8480527109270882, 0.9750462341735867, 0.7060147267772305, 1.313513073963931, 0.9111420327788186, 0.4075313743980982, 0.2822315656198823, 0.3861168278930008, 0.4998893475575259, 0.5077174904611376, 0.295694308985946, 0.38763928647109686, 0.2662801882870308, 0.3383695438173082, 1.401930277227928, 3.850706039209947, 1.9833547741965154, 0.9164418254530985, 0.8852158144810721, 0.5497610163090477, 0.2722036092779115, 0.28693518615324437, 0.6293408590832918, 0.5678650320601719, 0.4583365304752063, 0.6139056117645728, 0.4487515228858558, 0.5595672172542968, 0.37411417877375014, 1.2162822434551828, 0.8879823396710085, 0.6215891491640426, 0.5206933810292179, 0.7669420086012946, 0.4624290131668036, 0.2930568686608345, 0.5383145742711201, 0.5195661128507293, 0.809932487506593, 6.617762154028834, 1.8593187665768423, 1.7859541917103594, 0.9858744385678281, 0.9833803447899425, 0.5737118193859695, 0.3197178510141202, 0.3648789970122785, 0.4248392758659992, 1.9683801356823214, 0.3361744413110945, 0.6198429936661942, 0.6386317200729069, 0.5542452048229914, 0.26889887872989887, 0.5496428908925757, 0.4678175542004219, 2.1314639638059885, 0.28822550469401914, 0.4362393631730028, 0.6844746397131233, 0.4258495379113809, 0.2462249745177539, 0.20559294506213144, 0.20258501939662468, 0.20952684327265694, 0.2412653744263461, 0.40367248579592685, 0.3432084367693966, 0.4653456441305017, 0.22040262591240653, 0.1594986886597876, 2.0426300966056017, 0.5698685073788448, 0.4777201128497346, 0.460058095369715, 0.4758297695780313, 0.2406035809768998, 0.16696056105329998, 0.16536304590949877, 0.1598553544560641, 0.20216631509283536, 0.2010795891509261, 0.6214333561735769, 1.8115719903412686, 0.5680143925536918, 0.4153981206921266, 0.4967624784455932, 0.3344282019351973, 0.21219329530620232, 0.20513786335786183, 0.17253093509050252, 0.12333722530086408, 0.6178271926859373, 2.9081138710992738, 0.7700389027680975, 2.5126477734418753, 1.7472174951722546, 0.620399951973269, 0.24585780910373162, 0.25467161233279867, 0.18279779455460954, 0.214788150964672, 0.5240570914018966, 0.30181670710818315, 0.3210379422608242, 0.15324042947916147, 0.1418408740549532, 0.1584033511616423, 0.13458579995512535, 0.22531487035067704, 1.0526678441801378, 1.4112657115173168, 0.4354418160838466, 0.35922804967904176, 0.44177219937779144, 8.518499845407343, 1.8364202146248152, 0.6876813266418313, 0.37991421696105737, 0.4368792685556583, 0.4367106239129138, 0.2450592637168891, 0.17604391465904892, 0.27337379851435245, 0.1319292178034355, 0.10605464132028669, 0.10952002913187055, 0.1834374879060253, 0.12079546173840867, 0.15219791088480247, 2.491111385471932, 0.42353841826907196, 0.38239098328416066, 1.0228599869863106, 0.7101092959262137, 0.15960350081271168, 0.26953382757402233, 0.24808185387469534, 0.6002038827463717, 0.8414516059621688, 0.8492471622993442, 0.7271957827511654, 0.22932674138349443, 0.19024412371565363, 0.47155598702717, 0.1389248279132296, 0.21367518651229078, 0.3465070184050495, 1.2690797300364383, 0.562716564392958, 1.2668418106212411, 0.3301548826203124, 0.11967904334854482, 0.3077052682210895, 0.13767479902527238, 0.4091552411826281, 0.5983751608094862, 0.46397662033530546, 0.21928255695595963, 0.14583677331606548, 0.1525217707909136, 0.1613132083693713, 0.11640748344068032, 0.10603772142454715, 0.1164392404466547, 0.21852970960746956, 57.932939215458426, 1.2250344790395442, 0.6206088482393586, 0.6559276125678879, 0.454747588826764, 0.28041186773648824, 1.2367214236400461, 0.27396812453598957, 0.8328044700665286, 0.2244681124747013, 0.3662821050559748, 0.40652155776818594, 0.1293350690432347, 0.1928909529152737, 0.728439185559536, 0.1181329394615252, 0.1275130665409095, 0.13450884921149114, 0.14042069315910338, 0.12296363666279769, 0.11459702968597413, 0.38207905017346894, 0.1707582795214055, 0.3404557960926418, 0.13754712137911054, 0.1074978622356196, 0.12743048212113772, 0.26574478649537625, 0.1786153996076208, 0.21304842121925832, 1.4730931680048667, 0.7282338543775688, 0.39649113107966694, 0.3310947264821726, 0.19869365404797285, 0.23217876183303027, 0.11469832950168186, 3.3917160500548644, 0.2665661958383403, 0.1820981486328614, 0.21729768889138348, 0.1120472223784334, 0.13343066782186536, 0.10180143310498166, 0.13677447254138608, 0.171335405792814, 2.9360095686489536, 0.6187659724553426, 0.39996709533596553, 0.3816571279003629, 0.20447151359691415, 0.20958122047472172, 0.3003328930904361, 0.11763277528961072, 0.14704326189974304],