{"best_epoch": 142, "best_val_loss": 84.31499080377635, "train_loss_list": [336.24521392344235, 269.58430954830294, 124.61086152387715, 213.1578700755235, 80.73552786332738, 42.257279798597494, 14.876984655459063, 41.61273980897528, 77.08938137384321, 60.71430251087317, 14.71675631006901, 23.93162088702342, 7.30347577045971, 5.708442987903694, 15.133470309033084, 8.004311148933548, 5.765416243035802, 2.358677464226076, 3.196658132437337, 3.4924779345267734, 6.122805469071097, 5.3199807103014995, 3.0288184705463896, 2.570230063214411, 2.2677192831504587, 3.7552269711243444, 3.2313694394268198, 2.5759438561533408, 1.466615665841603, 1.392536151130067, 33.102478124727824, 13.412645797669915, 17.51519144620548, 5.059878204756169, 7.8807631026418345, 2.392964957193817, 1.5940282084474902, 3.2614824335964387, 1.896463450013767, 2.9740035295645124, 1.3509217858695701, 2.6316530261998707, 2.3205253711071414, 1.763482053126525, 1.5342499023152005, 1.2569582753027775, 2.9661592269464947, 1.6232434048146052, 1.5599517785371908, 1.1897367014837625, 1.0000898135987542, 1.4793364037739913, 20.15762846412036, 17.347129569402988, 2.7924501983331065, 4.661841121512034, 38.773758792156876, 2.781657547663702, 2.0415660414023207, 1.4117766379866201, 2.56551924974904, 0.8233860164020038, 1.4176476475299145, 3.397693943799246, 1.6263446960136454, 1.254006423140797, 2.111523096478654, 2.1891116050395847, 1.3308085986882234, 0.8301762833328608, 0.45209708213244454, 0.415699989177603, 0.7694637501910531, 0.41770012011608065, 0.6622318531144895, 2.480361255481284, 1.8192588346839158, 1.1641875145052365, 1.3327491615621871, 1.272992730714218, 0.8931532787665863, 0.7909876725153834, 1.1341419945003066, 29.61518241548738, 1.905690466102099, 1.3645621254069364, 0.8612240890382638, 0.6926925096004399, 0.5728763094776623, 0.6152288414905969, 1.8090265361467042, 1.024633000158721, 0.4320597931794671, 0.47220316627866965, 0.36639120132962766, 3.284990072470566, 2.4020504732684063, 25.39549234546037, 3.219222056513606, 1.5292427479063104, 1.7548027937000799, 1.1516163447739798, 0.43466637820505943, 0.42907569568633147, 2.1998806928762473, 1.067250684422848, 0.6955043399121326, 0.7774718715719385, 0.5117393170468889, 0.6866830553834179, 1.7241773698661238, 0.8739202730178887, 0.8622832578705638, 1.0163428373443972, 0.606307930136145, 0.7516841392858535, 20.137249850597573, 1.0273163992690648, 0.543608921708753, 0.5499001861352633, 0.6052248252803283, 1.1029156525112112, 0.9700975993952813, 1.3464848758667682, 0.7445667932942043, 0.6224200397987222, 0.4967615187309546, 0.8158965273797032, 0.7713982911185402, 0.6531017534916489, 0.46277362189476773, 0.5466716583965372, 0.4937737475167605, 1.5623816831734691, 5.370625673077862, 1.3090617484989058, 0.5549358711457841, 1.5551493700070513, 1.3413750994952616, 0.8789416787330147, 0.8569345611495789, 0.6719676601816721, 0.7737078255998466, 0.4729022803185686, 0.3808169268778441, 3.6182638223770875, 1.7593577092424313, 1.8180965528453643, 0.9325840208904533, 0.743740533037971, 0.6189025236914416, 0.5357123410924423, 0.3406589707221414, 0.2903290678094066, 0.3161489709602595, 0.5289396049777284, 1.060056701934001, 1.0272477637948156, 0.528409676387353, 38.034563008519584, 0.849018748014584, 0.37652793635538856, 1.0739074518937801, 0.35616896537704407, 0.25310610370794956, 0.21451989931602422, 0.9844179340959467, 0.7619760425911809, 0.408047003157665, 0.6569444272952477, 0.5150819457172368, 0.32083913744857184, 0.22367527769406273, 0.2854977981804, 1.7072862201829886, 0.800934871731416, 0.9700715385020053, 0.37207027031927115, 0.292240752708899, 0.275229919461593, 0.3111480799316135, 0.21814307815250225, 1.0214360797804565, 0.6027276294421718, 0.4458440362915691, 0.6837025834786041, 0.6453247381686466, 0.39199176312258127, 0.24888392467536688, 0.20063732562705464, 0.2208335359758387, 0.5300570370191947, 0.3735921488072812, 0.23742994310373536, 0.8862171336028505, 1.535951999482757, 0.6335502594433298, 0.3932938777492504, 0.4477011804044302, 0.2827358320448962, 0.2328352092695622, 1.015538169620109, 0.22077504122122527, 0.38536789566859325, 0.20889244701879833, 0.5570079824738229, 0.27182661909022915, 0.4673690101975302, 0.6160694519267673, 0.8955187078952297, 0.5867937985661066, 0.39216859572301843, 0.3451147993952746, 0.36370383779036636, 1.0165603688937492, 2.158085117272204, 1.5940014900309343, 0.48038788466704924, 1.0486088405897644, 1.0712071430025667, 0.2695509570714031, 6.669312620098968, 1.5810567492726704, 0.4107707565174609, 0.31820611610697125, 0.2962748484940573, 0.32290937368035294, 0.4782664688640835, 0.20407510202152437, 0.594989878774254, 0.15043969156810547, 0.3939539909339708, 0.22727739880914158, 0.7879096288496094, 0.31317581059481797, 0.21341076985648932, 0.36302314450130246, 0.9033668594818128, 0.4109558807200944, 0.2936065477270705, 0.3365799414659783, 0.20288460481354284, 0.16991984991545117, 0.1342737631633033, 0.5971722847116142, 0.2469683977155262, 0.17255802061675857, 0.6361621997130256, 0.5062074828354582, 0.41269559050074484, 0.3578294530353894, 0.4347940373783502, 0.3298809667191877, 0.5025898788407839, 10.084762823163613, 0.5177214620572826, 0.33953339806480454, 0.3666137580614961, 0.22728331182673311, 0.23216125367988566, 0.2673841663434485, 0.6839455313013983, 0.2740643792798517, 0.1964407821751189, 0.23333465857821106, 0.16947754057366896, 0.19558046397154838, 0.17362925623549208, 0.29952795841415675, 0.20123362407124615, 0.20853360095265436, 1.6439545222085283, 0.8483696013561284, 0.38192205417196906, 0.5618464138469212, 0.2665190821384901, 0.31875158457998415, 0.306791441195612, 0.5889242818455196, 0.2806249784351486, 0.5794905255559303, 0.30218060576718303, 0.3018089765462179, 0.1214568978184688, 0.12935533458665133, 0.9517396768766598, 0.5887645838777774, 0.2830502295552466, 0.53183872656871, 0.24720519969343963, 0.9557878466270974, 0.5750511166442345, 0.32296831095694734, 0.19646257368226402, 0.21354397198631225, 0.16544738292659256, 0.1500791971149345, 0.17143926667978954, 0.18461453453366708, 0.18067075423110435, 0.15747454616325682, 0.19141203353546044, 0.6757691347758547, 0.4896792678023656, 0.2573398382459772, 13.737912761777773, 0.5182484205242934, 0.3494932268750072, 0.26138845905622415, 0.2449176830593426, 0.23693242404190812, 0.2756168287761948, 0.24472003576690407, 0.1855208322829422, 0.17017112559216416, 0.23634955228609766, 0.3408165531357252, 0.2770338645519294, 0.5097867894021176, 0.6095262485013795, 3.9236296489586437, 0.45015887517590963, 0.30615898273200715, 0.25955602972431163, 0.25682596455647705, 0.22774423573388894, 0.28935419069964563, 0.29311069759440106, 0.20009034263896266, 0.21810464394301304, 0.19648485851933778, 0.4912063242394521, 0.20274635376355152, 0.2228285675005719, 0.15739563703977846, 0.3131399017686726, 0.25906182918437165, 0.15620764599853146, 0.1638745646842526, 0.16413063238521586, 0.1710993532538779, 0.16213209536518697, 0.20746857118736475, 0.4618736963952226, 0.3413732307184801, 0.287213767328264, 0.2998834530209586, 0.7831489148069647, 0.2956088636483763, 0.16596858492160477, 0.26654888605717486, 2.074549445788726, 0.40414417217453125, 0.20430074120401884, 0.28786837453777764, 0.1874525529189097, 0.21374140838495087, 0.26572227972704826, 0.1779378688076896, 0.24975251958809802, 0.13673071176586968, 0.1354452236220394, 0.17230636005597516, 0.14417948396451222, 0.1737692412801102, 0.20884964218282454, 0.42214488914285886, 0.21554906356359538, 0.1941644335572934, 0.15557821856073728, 0.16418433245678551, 0.1452898032294822, 0.3073909171842335, 0.44573625058305066, 0.7013211275082802, 0.23543646683929284, 0.357188182241929, 21.43401776525607, 0.4482856684489948, 0.25459188657700954, 0.21181444215173728, 0.15388405757408946, 0.1279982721841358, 0.2792278610703084, 0.1600728238497785, 0.11790986174025798, 0.10853999811615182, 0.12270252401859374, 0.15233596426090776, 0.13670658364111796, 0.11941804359794198, 0.11240673844976787, 0.1298292486179966, 0.4622093737948776,