{"best_epoch": 192, "best_val_loss": 92.57960270366512, "train_loss_list": [331.41033648947484, 260.96186201716586, 159.51398103659335, 184.0305059701601, 68.80890917423862, 13.49986380797761, 12.51716257871092, 39.249727316061225, 28.55994587077014, 9.128265460779815, 3.828341361738028, 11.677697348226245, 3.4873372554327027, 5.417087836394611, 2.5519107842537427, 1.9436481803677625, 2.013370270425988, 1.6554687639003722, 2.0132253987368838, 3.620757120855136, 2.3514385659522903, 26.663734873202777, 6.27294995421086, 19.09674840893594, 18.786500274844357, 6.205335056743634, 4.978755523521489, 2.109363743656967, 6.057182943423632, 72.42041693413539, 7.308932551142034, 2.6802091929204113, 1.410253316844721, 1.4538688549013488, 0.9232518696576928, 23.585271786644945, 9.504184311466865, 4.465534919470316, 2.648692296627805, 0.9540119161727055, 1.1723265818214312, 0.9961377900019707, 1.4115983435762403, 0.7761411195916452, 2.193108957072253, 14.085695620519289, 3.082504755929464, 1.8413078439903459, 1.9995245074388317, 0.9711593274716398, 0.7714277453397551, 0.47713928296624525, 0.7084717427258022, 3.191214859628801, 1.809366143183844, 1.1242007621349606, 0.7055893840162374, 1.1510834441665094, 0.7075373048361099, 2.183415514151457, 0.9538858882443331, 1.0813143002920838, 27.28986331799687, 3.9010831417575003, 2.362538903674046, 31.62613673353492, 4.435101268024178, 2.405195577675942, 1.47795497253508, 0.8091270356427991, 1.4544298697103577, 0.8888608973876833, 0.8929160536980215, 0.9519350615062672, 2.132817674429058, 1.0044229025556974, 0.7916062724461778, 2.023164397135951, 3.88530904827168, 2.8252498336882717, 1.5167303341498046, 0.9594266291676753, 0.857406529720799, 2.9662805647647166, 1.773561595594018, 1.1367877848433534, 0.8543895826301873, 0.7253765747588972, 0.44642814834607825, 18.48872552544718, 17.472290730035763, 2.4801532089766405, 1.3488770720587742, 0.590365181288876, 1.9302226871737753, 0.9100898166754702, 0.9422852260424108, 0.5994179857106943, 0.4922929959378895, 0.7855897832828377, 0.3308547845483901, 0.28046710681547665, 0.2904522356429855, 4.645407412872453, 1.6037953527777327, 1.1522204436290786, 0.814674639835484, 0.6836066472517798, 0.7206071377982602, 0.5218306089808946, 0.4374439041818304, 2.301726327190111, 0.5662478535268355, 0.32459337751970235, 4.0175922373117015, 1.1971828738949901, 0.6066194515042271, 0.7156317694600727, 0.60510370579607, 0.7781247600216509, 5.163530274253668, 0.7132647511502854, 0.4307988672513177, 0.2943153451394881, 0.33217706322653817, 0.34793432091637017, 0.29415840364599094, 0.37420958338420734, 1.6691995944564197, 1.3606442296020997, 0.4395989911801051, 0.45508802807402665, 0.35207675864713717, 0.31726175275897744, 0.31584958954853015, 1.303197435778415, 0.5181274879586905, 0.6873097219087622, 1.7444231586370753, 0.790091821666546, 0.38122006421827276, 0.971152586982514, 0.3015968497791797, 0.28724008911934706, 0.25713248172470854, 0.47736287461402693, 0.8208736885018254, 0.9356850263064083, 9.111261829744182, 0.936942731877395, 0.8978019263774103, 18.827337110667575, 1.3902598299317024, 1.4784724674283043, 1.847786524434857, 0.7206339485435705, 0.34633945897716595, 0.29903342390620424, 0.21490968581889003, 0.580430447191386, 0.6106271094762523, 0.4242215346987839, 11.56521744391943, 1.3122654436648056, 0.9339269129258756, 0.31318350633309755, 0.5140342933240237, 0.3072304848392334, 0.1754840104103259, 0.17313573980745495, 0.4421205868588798, 0.3669883893720132, 0.3454874253157537, 0.22251227108828714, 0.17596710446866307, 0.46248585312722035, 0.32429071798672615, 0.8459909876351374, 0.4905794835879964, 0.29076676011932723, 0.2690968531455601, 0.5496007216187293, 0.5339500223869628, 0.36735748331872564, 0.5615563824200844, 0.2522430224814369, 0.20015437393756452, 0.23527480138394133, 0.203043576470871, 1.9428223521212804, 0.739041162645257, 0.9835183248098444, 0.43674597768278234, 0.23938893411334028, 0.28686650604977515, 0.8758308507413283, 0.2893870429104753, 0.29235624255089254, 0.5693900333438908, 1.5088153399628703, 0.6817319146317579, 0.4863250906470878, 0.21983428249703438, 0.1795240907155899, 0.18665774821057876, 0.4672590709703067, 0.4834652530471399, 0.5729326217897347, 0.47118921582976564, 0.23120940037748242, 0.19930617031881215, 0.31422154272916003, 0.20895949317343754, 0.39214970420352896, 0.26318339940830715, 3.8987765650545287, 0.8975868611015555, 0.6428410753676754, 0.16933655870186823, 1.4163778610982125, 0.26782747827238956, 0.7170901849836495, 0.2548796588510018, 1.1065058298616914, 0.7448468982673926, 0.2767887941027714, 0.16814254892233327, 0.46904172242782505, 1.6693926887381576, 0.5746933278193482, 0.3597227183462779, 0.21520112498824895, 0.2077466905874077, 0.8051261822534812, 0.4602506422183526, 0.2591575908568317, 0.2139813007189295, 0.15224028070615225, 0.46518447989918893, 0.14312449370481853, 0.1529057900272584, 0.17045268081956977, 2.477991380373199, 0.9233029820694171, 0.30959961932310937, 0.6836202251866678, 0.2839661568184649, 0.2737378634892279, 0.14559658881291762, 0.23981075819775674, 0.193084556930535, 0.13648117730464301, 0.1124298465972696, 0.12968536929940014, 0.17710992929866254, 0.18158557875209946, 0.14155331735480098, 0.37065958319896614, 0.20101991255493523, 0.15636794672151075, 0.29530860566009304, 0.5516785393238793, 1.1880489714014577, 0.37746959951603537, 0.2077331400334784, 0.15556008973218294, 0.17208468063583693, 0.9024729766134977, 0.4065208040355415, 0.40489913277737705, 0.3340270599011856, 0.18553693618916503, 0.17577058835258988, 0.42629212115493903, 5.231110174009535, 0.4330907267645661, 0.18846664582668657, 0.15086475140039382, 0.6078312570584901, 1.1801681375139637, 0.44232735283079777, 0.3392990523925222, 0.1442475717657303, 3.9578015058154943, 0.6418295664899589, 0.8877596251142517, 0.6332086028876588, 0.1393982675442798, 0.15836708305589808, 0.10771639104182089, 0.6673236565906465, 0.16408477624359633, 0.10569086994781045, 0.615684937643184, 0.4075476182077584, 0.6337376795442452, 1.2483961051335595, 0.238933528273438, 0.1727258309610107, 0.5644751253544563, 0.3595516770535663, 0.14865312017509985, 1.7253232157253577, 0.5718353622340284, 0.36461763711457146, 0.41310410033444356, 0.14042024333300418, 0.17540051423292224, 0.3041306597250814, 0.38207552141584394, 0.34907877431028494, 0.15002662857798968, 0.4096319849506477, 0.16484321496692528, 0.15499577662422284, 0.14921754010788021, 0.13735543674018097, 1.5289726827754244, 0.7545755680444878, 0.43017021585280446, 0.35594609079487105, 0.26956067050996707, 0.2833464645673596, 20.22362857374209, 0.7860125528639703, 0.5373482444706517, 0.3859363644493458, 0.34151318300965355, 0.30859529540894126, 0.16912038457745107, 0.5495019992381985, 0.4291981960112216, 0.12539800747189844, 0.2891264974301577, 0.5787232557336093, 0.16012071320929455, 0.09791875237290082, 0.10518670716631705, 0.07603083678766293, 0.24620063563955516, 0.20657388991354692, 0.1894565155712442, 0.12515532378993524, 0.10942419965020742, 0.11034761044960348, 0.23513029775559774, 2.177778809126471, 24.62707289092237, 0.3814722917553888, 0.20230556521371795, 0.19129497439355242, 0.16622969230899426, 0.2473929397907163, 0.13235483476861487, 0.15738984664304098, 0.12091354255444234, 0.14816395293300197, 0.2965267291725697, 1.1911976936639486, 0.46047816235784694, 0.2668233753627081, 0.20179206276342598, 0.1730973945208435, 0.3478213477976768, 0.14304499998387224, 0.15136995862241298, 0.186259111270407, 0.132097486460026, 0.11085224781106717, 1.3454793629601685, 0.2057455995900714, 0.1360949402735161, 0.15533939878280473, 0.12001346382205075, 0.11593474927337183, 0.09834250869153056, 0.12464853100509818, 0.14968667928454368, 0.3172397177147814, 0.3888220055803131, 0.29155443061430425, 0.3560659562620228, 0.2458708237348515, 0.11444018893999751, 0.09518536777153459, 0.09414545003309663, 0.08717969698781727, 0.08264179624544617, 0.11988464929492641, 0.21508326411715362, 0.23786348310680053, 0.15880947328796596, 