{"best_epoch": 57, "best_val_loss": 45.126277028854304, "train_loss_list": [376.3981100849832, 315.4707932385771, 265.99810202422924, 130.24852617466834, 81.49663790398411, 28.941655647031695, 13.634109731999365, 8.376937496087708, 5.03417968169001, 15.357267527859637, 41.638494608756325, 18.347945706521273, 11.460066535262005, 36.213928996117886, 31.628887199621623, 6.187473063531496, 4.2515772465094015, 2.270578111074979, 2.232952627479565, 1.544907842886171, 1.2861304801419633, 53.054868210891215, 6.802204941765728, 6.5640144905368825, 2.591460457512061, 8.134737457240757, 3.9797144477170616, 1.880150148759508, 3.6124560297177526, 1.6204495505155185, 1.4353248655994562, 1.0081306879551644, 1.9466327888093264, 1.645049239870057, 9.541673932909466, 3.4435877240918398, 20.108130783958032, 6.752361265378465, 1.8346363234828242, 1.6064483933376614, 1.5221710437332694, 1.9550819840142277, 1.4141290483223772, 3.404462621866362, 2.8025896701588318, 1.3060307207482678, 1.1412110319814657, 1.513012246545543, 0.7435675865447461, 1.5822681037034954, 4.231713925475272, 4.315337951143257, 5.188105959329482, 21.383748371343163, 3.356730973746419, 2.501426674402434, 1.203729314243086, 0.9903146347894545, 1.8236062247194436, 3.1292565893603927, 4.481577993311985, 4.220298315183904, 1.8936777406311023, 1.480489899298362, 1.1072825655120804, 6.510545983119683, 9.1706259969975, 2.4992667344709627, 3.400290653810256, 11.59738574577999, 4.080523969368677, 2.123802073497229, 5.65439579404579, 3.034662376237381, 1.4985662756179752, 1.1587293661917237, 0.8902519290806941, 51.7510819639231, 1.2448352634360405, 0.5705751355344343, 1.528996241453352, 1.7299712966826377, 2.609507752468466, 3.0789975434710377, 1.9208199031230497, 2.329842132512184, 2.058154430282499, 0.913944385772579, 0.8537731644143935, 2.7643053330868073, 1.5636754867250058, 1.8430280654124733, 3.3063234222636546, 1.9688436033228824, 1.336418864634735, 2.04390136430238, 2.918862772261497, 3.7093046709940305, 2.672420780934122, 1.2514950201820054, 1.3408296606319146, 0.6206363262024657, 3.370274782209246, 32.17452299925297, 1.0493947415980596, 0.6446484117567964, 0.5127691723439567, 0.3527603072465204, 1.8487142200213647, 0.8003661123507895, 3.9685749321525026, 1.980682854849559, 0.5265872863599003, 2.6838471208781365, 1.1735445692763073, 1.7479660767681104, 1.6317437351546598, 1.0664101051514299, 0.9267941178665509, 1.5586766495529654, 0.9787470267390602, 0.7477821542749068, 0.5282444627112801, 0.43938284435080854, 0.4686217331973263, 1.2234179164707355, 2.0738769510554182, 1.1524562217267127, 0.7976067748052592, 0.8960751211145475, 1.0159999421159094, 0.7760608133905498, 1.654854255038406, 1.6063369236822247, 0.9722847682358782, 0.7042643910366456, 0.5356299269245891, 1.497194798146355, 1.4171959661590359, 0.6108517377037064, 0.48179285120865195, 2.492717917369822, 1.3283819144388387, 1.1862524998657444, 0.9220344871119235, 0.5855348396569051, 0.3848218515190976, 0.4271946877225884, 38.594310844405626, 2.172578870927093, 2.4283184245104095, 0.9528928358107055, 0.6596609975174924, 1.0173233863018718, 0.6754784474507658, 0.4151671213404533, 0.4784021887797657, 6.667852298802597, 1.226002076558554, 0.6008526838138992, 0.42826434847311895, 0.41190848021568294, 2.1984185575070496, 0.887226253284331, 1.6898420187147654, 0.8557256276029588, 0.5497795935070252, 0.3801005064228731, 0.5771862161928208, 4.7327938601047945, 1.4045932503549934, 0.7230466872032666, 0.8625521550460831, 0.7296266394034646, 0.6248122322560623, 0.5617904434935762, 0.40463933318254014, 0.5441024392736658, 0.9509859962098398, 0.435086786151404, 0.41564938528781803, 0.47677856310322836, 0.5147572493427355, 0.2917245490210766, 0.3516622258065071, 0.4184697965358648, 0.26184767829767425, 1.5398586397209582, 1.0723817148439112, 0.5886679728494008, 0.9891292747846919, 0.495998230971958, 0.4923506899342237, 12.66322137959181, 1.6643989966646082, 0.7681871563434028, 0.7390303195797262, 0.2940053659545223, 0.42972928577589975, 0.9432362071332734, 0.6324651390242432, 0.49459711211443275, 0.43175609922070907, 0.22790456317916533, 0.275772248086666, 0.24487560873116182, 0.2746937007297576, 0.3103011384566276, 0.7707713293774822, 2.097428458845991, 0.9558718145014986, 0.5510922705659674, 0.35764260726992386, 0.5612861148979957, 10.107082142846451, 0.6979675525387079, 0.41311867570812105, 0.5373281507635809, 0.7708990458454769, 0.47912100824664305, 0.3040269582031756, 0.19667356280401496, 0.26420002103728, 0.2290787833591393, 0.23258344853042154, 0.3337937378539809, 0.28348166810454095, 1.5549665822794125, 0.7410984108916758, 1.4726218626671757, 0.30222531093995736, 0.46148842278041163, 0.25211959787578003, 0.16765015059214322, 0.32259440273633194, 0.2769692244605675, 2.9314452915550695, 0.9414199718062144, 0.8402375988258679, 0.3964884856512912, 0.3340440890383946, 0.28376097672019457, 0.43233244324927667, 0.8813892463822804, 0.5356116407757945, 0.5418649304102143, 0.3958709269085085, 0.554672706267462, 0.20642435869740755, 0.1705574551120753, 3.6840229743878243, 0.5643705692848245, 0.7215900967115827, 0.5628130727209368, 0.6442572968212522, 0.49302608415578436, 0.43690162603693683, 0.2601689244424762, 0.187625484285086, 0.26222247333795434, 0.2081063412177715, 0.8354593091444648, 0.5233920735631702, 0.34116487919811994, 0.6542965116858988, 0.6552949215227498, 0.4123348030719325, 0.2568550839023166, 0.18809199307279062, 0.261553156856793, 0.16064542162309126, 0.5630952020320908, 0.7568615977194325, 0.42776275783340045, 0.3618625799326152, 4.233410992803637, 0.661930313615843, 0.6402333954282948, 0.38712428829598466, 0.6457886551167111, 0.3679132075553074, 0.17234557404995335, 0.1685792126152114, 0.16618748817145584, 0.7697988782023941, 0.3818871701985737, 0.38064886279324495, 0.30341969154622966, 0.28597959887042346, 0.19507896846217754, 0.19525931326524135, 0.21987029510119532, 0.12596463871786556, 0.1834419805703877, 1.079708222428488, 1.3189152884985966, 0.49047891389462656, 8.249493329512436, 1.0517554312328712, 0.49450525791345507, 0.3072391576275447, 0.41023625697913835, 0.23597696423951436, 0.470164780029621, 0.9642195233392692, 0.4889181467135131, 0.3779121238602624, 0.2590346196828244, 0.25960432033651587, 0.18203750070630245, 0.17638839853046653, 0.293335445030853, 0.18852423499357185, 0.6034097656265025, 0.46799547188147333, 0.6137110040195406, 0.23510177382492087, 0.21258794826996424, 0.22321506254686665, 0.3906166534566263, 1.0801075525192314, 0.5095309171988073, 0.3405187181525146, 0.24043033573965578, 0.21305010023822218, 0.139412943638928, 0.17364103069335135, 0.20427407601404513, 0.1475700950900899, 0.313435728035702, 1.0054253548171117, 0.8071101717799232, 0.3937480840840329, 0.3209163847255567, 0.9066197280473576, 0.4776768421692821, 0.42674191280189316, 0.21760425507610284, 0.20845038759335902, 0.20005549282990287, 0.27131872890486153, 0.20035328606577327, 0.1908857776097931, 0.2374693249071823, 0.1897199640128514, 0.15287578507809257, 0.23745695798015737, 0.16524432653705867, 1.3757875046626806, 0.5918095951640246, 0.3197594673306197, 0.318127401434671, 0.23951520612541902, 0.17974788733319655, 0.18537227528655237, 0.17514336103173545, 0.20621783263838084, 0.19587292717336177],