{"best_epoch": 57, "best_val_loss": 36.89946240453148, "train_loss_list": [354.12452082243345, 271.63164871392127, 157.92234224930402, 166.70061746966752, 50.34018892513538, 52.898691961884865, 10.782619114155674, 24.709676664802465, 130.79853997851856, 43.469513923637784, 7.560140480812932, 2.8929891107687826, 2.5145087703095097, 1.4548798836676005, 7.026509013086121, 4.59803187651731, 10.059273741257643, 6.404660002495169, 3.4235216873008705, 1.8813949337615061, 1.6697397733392303, 1.611106548935187, 7.467596741717303, 2.811693548044652, 1.7113927916001672, 2.721124806074396, 23.574511574426342, 3.528552744032825, 2.4893914718191064, 2.03628932505479, 1.1141040290133633, 0.9891212901431278, 1.4201827301010392, 41.1250838608951, 30.88694688482048, 5.608947644712626, 2.7660171388873085, 1.9268894073930938, 1.0574566631874878, 0.6023326247300422, 0.7514367326745733, 1.0238704690371783, 3.5253459446948545, 3.728262353495972, 7.805420390013203, 4.691263845175572, 4.427814350390323, 1.9277472690332496, 1.897367980388351, 1.313455225493052, 0.731282697570606, 0.6791788622956771, 1.089931586333038, 0.8928130038194604, 0.5005184731756509, 4.392704007804692, 2.6138994060291747, 2.651667592881184, 2.2736587748784842, 3.8308764161303466, 3.911772451285126, 1.427104846756747, 3.3183142470386646, 1.5619804900216072, 1.0275391947276715, 8.440849167712022, 2.7465653927134808, 1.4545641527708895, 1.3930563321929206, 1.57752790627949, 0.964407069684155, 1.2668888273415035, 4.849470045521384, 1.6548021738380987, 1.113236404472621, 0.6508393265571292, 0.5813656898871185, 2.695829791446099, 1.30791600369511, 1.2214376129977353, 1.060925828243881, 11.795295051518334, 6.765796268415579, 1.4772992186993494, 3.822006954701468, 1.5608883546910737, 1.4691229003755035, 1.0214011797209852, 1.1563416285763086, 1.039152847491293, 0.6870240839918672, 0.5302976463077549, 3.3912212034462144, 2.137832948687587, 1.0603051572328244, 0.826062163191352, 2.4007896312472163, 1.7418404859878414, 1.2597143591333817, 1.0135071087402094, 0.8530282809666035, 0.8660716014845837, 5.307645000736709, 2.2534918091201352, 1.2898891387339564, 0.9726556868352269, 1.0596070338183428, 0.8538567086924315, 0.5960219548564316, 0.3282447055260195, 3.726026284729206, 1.7053316257843036, 2.775354856964044, 1.7837009703916566, 0.6112826692327856, 0.4412064367892675, 6.4285723621784125, 1.1944900531933285, 6.009012228379241, 2.5215544923337867, 0.9531591014927316, 1.0469690066226458, 1.4614864931798563, 1.093286667604815, 0.988741567039364, 0.5753740678677992, 0.417144673403407, 0.34748648060016957, 0.5061293725777855, 0.3307784473622917, 0.27020476257500947, 5.973513141660131, 0.8588046139296744, 0.5955094334594284, 0.6922006588880895, 0.6643293210996172, 0.7944767319816353, 1.4955843490247631, 1.0214838756354274, 0.5866419464397415, 0.7724429428041405, 1.2180924990230366, 0.7833543743822037, 0.5649254045239482, 30.642258479810135, 0.7375378097508315, 0.5072342134716473, 1.128164284852536, 1.539929126917717, 4.621562379415145, 1.709460820334533, 1.443675254833487, 0.5245885746518956, 0.34360085660014617, 0.24835036122967857, 0.2587426585405678, 0.197003440205957, 0.2504055861499597, 0.39273812417875126, 0.3048783897440046, 0.9591488676455433, 0.6303060160557563, 0.4504819730380317, 0.2633492746488114, 0.21057178228703538, 0.4212005239973921, 0.2217613418259583, 0.20529513313654985, 0.506111253790516, 0.5527804295650868, 1.2071054985984333, 0.6251260162247869, 0.38626415660225405, 3.4172973164855303, 0.36538135096071434, 0.2903380162595921, 5.730369796995197, 0.8074089580543733, 12.289804289103206, 2.5358838716331937, 0.6428880743267954, 0.7596054581303086, 0.3981414413861562, 0.4228843372697014, 5.953489374032788, 1.2934770266413402, 0.5836030955780865, 0.2919790090796457, 0.31574831060069497, 0.2544184828873868, 0.1581092629468186, 0.20948758028661968, 0.4655544917738324, 0.6257622307906898, 0.5164911183064211, 0.4724520561803042, 0.45991435046257534, 0.48406169608066685, 0.18658172060591727, 0.15343799302948224, 0.20221365808181904, 0.1585077792179408, 0.2786418841378819, 1.6775547744233175, 0.7568694200614411, 0.5784557706180032, 0.2557252605892906, 0.23723424696586223, 0.5982843064450747, 0.30394945453703576, 0.7446858809918298, 0.3069698089729303, 0.37645858458960957, 0.37326265224194993, 0.2138760282760669, 0.17325853698932642, 4.374207302143945, 0.6956969919413613, 1.1043043011132516, 0.31143284546950806, 0.19905653921085167, 0.6387815824174606, 0.23117341385391518, 0.32617354092320394, 0.37988075315298947, 0.23801213487947998, 0.20201342873677627, 1.1647881312403048, 0.35366046231257203, 0.2620651984800569, 0.17357339112139836, 0.3603103632686313, 0.20775968974067763, 0.8442215735261015, 0.350648841332016, 0.25061056511892066, 0.8998690673603179, 0.60395173290764, 0.3301778426913467, 0.3798026523490458, 0.15366518347241223, 0.40949787392920306, 0.21768900506763592, 0.2059261216411813, 0.14805795665936877, 0.2867925954412369, 1.4966775106026884, 0.7998837435696462, 0.5544824440651097, 0.25738279137127545, 0.5427056221819524, 0.5562519709794279, 0.2456621835220354, 0.22194936895187745, 0.15873673897496426, 0.766507487536086, 0.69942252922977, 0.38982368743804724, 0.3709220967493166, 0.2791806667625456, 0.14220199381352513, 0.24121026922715524, 0.30310461953603035, 0.21283606923544926, 0.24339456670402929, 0.19461798786378312, 1.1860265552612244, 0.4853047895288214, 0.3337644221875581, 0.6086621356568089, 0.17241253477433446, 0.37050591402889516, 0.1708943517841567, 0.20027544960027255, 0.23535138524349236, 0.23246665220827825, 0.17268265787936912, 0.16893105583427845, 0.15312283711535335, 0.1861777167570113, 0.16093261541736126, 0.20438385308117193, 0.21288317751783925, 0.14538458365605164, 0.15297618442420075, 0.20586963040810619, 0.2896485976007466, 0.19710217147285874, 0.4158431820940268, 0.2806678194990841, 0.14235679750726968, 0.19226652868566244, 0.4223573264043756, 0.9678668400300978, 0.29541939850930765, 0.35564483085803983, 0.6347634559231603, 1.587126666974113, 0.6954844841370813, 0.5902512137507303, 0.45312947408264875, 0.1763514502400751, 0.3288806804687616, 0.335166919136695, 0.37472299571368184, 0.21996280366725612, 0.16282723759181877, 0.11609117259884338, 0.11825759450660309, 0.11882566680464116, 0.15172246143453197, 0.25813281153156253, 0.30057641595122353, 0.756684699025575, 0.24860502007924856, 0.3054188648819214, 0.14324689388145476, 0.22726254777630403, 0.9971923754830901, 0.4209951995431738, 0.3553090353522957, 0.523374341059351, 0.5582314598457655, 0.1519722621406448, 3.303769487480899, 0.6298121787718673, 0.4484670369919488, 0.27297129466530357, 0.3508361114562916, 0.1980235169004444, 0.15819233716748252, 0.12569766265160684, 1.511576497634715, 0.7739284512371927, 0.2651680568231882, 0.20869431767448857, 0.23659578443689752, 0.2312038946333606, 0.5344052768085845, 0.3116874268545905, 0.35702042152165026, 0.2337573795285989, 1.174679089532552, 0.19601685082531833, 0.4909380962288405, 0.23900367441479606, 0.198169962462598, 0.17962222001937633, 0.40375142536299374, 0.4008690491682048, 0.26366746707054667, 0.1424364925814143, 0.11475269244386689, 0.9398221668547001, 0.2092240541136851, 0.15553918722181118, 0.11129319659820064, 0.14651759679828705],