{"best_epoch": 48, "best_val_loss": 48.146719719241844, "train_loss_list": [339.2479114746389, 300.32987322865927, 203.53207117390446, 133.04241560169552, 55.37204357266776, 30.09348266169688, 16.909933473604596, 33.451886016171386, 22.90223280673235, 12.633874002702004, 6.6383298985742245, 3.3063739509114467, 39.85546195236901, 17.14020726653074, 6.174294712369091, 6.971716316525657, 3.907365111666012, 15.888410025272806, 6.650647314427505, 6.0920236812341235, 320.6893129839689, 30.706258123882435, 4.0278644847256775, 3.1218990149114245, 1.9688353120134106, 1.8665282270350845, 1.283834284064206, 2.0479640554187024, 1.7485917389805543, 2.0283401523022353, 9.875943891240224, 4.32414133903763, 2.899044770526494, 41.48968733921512, 11.673535525011879, 4.3455223538530205, 3.3772149727403336, 1.9914342597867336, 1.2868033735515452, 1.1142653719211437, 3.558639545437414, 1.4986139137517631, 1.6324375018694786, 0.9739208253501078, 1.4850301842815115, 9.480674796157928, 101.66659265271939, 4.9803010415043225, 1.7342302526702214, 1.7753262597789923, 0.995156677184878, 0.8506257086815171, 5.6046230282199225, 2.319840317001367, 1.6108627369112036, 2.2917922309445578, 1.5661822636953757, 1.2553990391114709, 0.7465376500178217, 4.873022568839711, 1.4201490364533587, 1.6819434169316443, 0.5216007711574497, 4.549161895344705, 1.83174068177034, 2.1500464280863616, 0.9226649948954049, 1.461452821233046, 0.8377973649817738, 2.192617946750135, 2.029471673572162, 1.666316246275883, 1.4754002161466282, 1.2958376244996757, 0.7841367122430998, 1.9878669293270115, 1.1318186030047845, 0.9109361387897339, 0.7916726337397266, 25.72350179218977, 4.484856595105206, 1.6285029892261722, 0.8674086694760678, 0.4388547027287947, 0.31004481802320666, 1.0512802210598915, 1.3183851689856558, 0.8542277091654357, 1.5282692477460902, 0.5847216659624275, 0.7932159301154684, 0.6489071412906322, 1.3049272402165275, 0.7272266123358379, 0.5768470291242737, 2.1686404783260618, 0.9938439013845335, 1.3637006268871872, 3.640234306770176, 3.3331378499804636, 1.6891255025470602, 1.3438770591809988, 1.3923592361359274, 0.5079823772241647, 0.7112074512537054, 0.5161081241617388, 0.8208551885661952, 0.9436493959179196, 0.5467524286226207, 0.6249311749967212, 0.689703646497084, 1.0088962905752465, 21.988247749889176, 1.1317094185166796, 1.2588604568376687, 0.5158983303750219, 0.3229953338984424, 0.8440979746352456, 0.3618982992193762, 0.6088501142429965, 1.420568411162633, 0.9986737052159176, 0.7273509635973309, 0.513369434901569, 0.9234473766557652, 0.5940711803715385, 0.9622425283430667, 0.41604633455749906, 0.29547750550720775, 0.3193674813922062, 13.10589540666092, 1.1523095028753818, 3.373412675820465, 1.71797264361125, 0.37338988477393475, 0.6307062728435541, 0.3652420637332029, 0.8937645391831002, 0.2330380969464313, 0.2727070258931284, 0.8782004664281883, 0.6036097169455912, 0.3264018480679378, 0.26901341842861265, 1.4606602038657368, 0.4482865897733889, 0.2501791810123865, 0.3608432244132979, 0.5492437867138883, 1.3337649364754107, 0.9457003438401878, 0.6135840262805248, 2.399817649327984, 1.061406280692687, 0.4756662907446466, 0.31257694603058195, 0.22780854795424374, 0.24912965133550272, 0.7322890744067352, 0.5697844347692719, 0.459542463236793, 0.41165238133252896, 0.21462710163811075, 0.5461231953147369, 0.4846183294534339, 3.498434386510558, 0.732521087778109, 0.5244699698368233, 0.9469322830548453, 1.1195168037559466, 0.6840750680809404, 0.5780729043805686, 24.638034050474733, 1.729814471446162, 0.31403931491012776, 0.23691604906135444, 0.34136299968545186, 0.8938086957985495, 0.3416974426142736, 0.2553219364280609, 0.5964197227328616, 0.3562694403510683, 0.2701917460835764, 0.21965367277848188, 0.1878051839601627, 0.3595731763911044, 31.899681277972757, 0.5558000225147505, 0.4736281411875186, 0.23233570872465015, 0.25493154700663634, 0.28930212276529393, 1.797499146932593, 0.9067766420863712, 1.5049489328335994, 0.40787258650888786, 0.24678189078630203, 0.19858442655353267, 0.3082077470070005, 0.22150425245235222, 0.45450912860689335, 0.37590005555464556, 1.2995414470658762, 0.3721805029764946, 0.2611432387318229, 0.23586018132124412, 0.163351637735345, 0.1571246134431638, 0.1556802819050479, 0.35967315951703227, 0.27674355873255657, 0.1943303923137815, 0.5726591897301886, 13.46861693449106, 0.5333901874848808, 0.2836551924127009, 0.4549067816252974, 0.23633966892150976, 0.1821851178561441, 0.15768597084436228, 0.37789166057088797, 0.3585522580404821, 0.4831115902643166, 0.2047684733810452, 8.563658969246942, 0.8018629058203963, 0.3683162395055684, 0.25990190707622646, 0.17977573308202915, 0.4561668639758928, 0.19065470950537275, 0.6991987464103316, 0.26321170761491575, 0.2506074827827032, 0.1321089563339636, 0.3178480028383933, 1.0613963210937802, 0.28864435591588666, 0.14189659001375746, 0.4801122457451991, 1.5381765402530345, 0.35027422715112716, 0.223876131533105, 0.41400195378862253, 0.19417698445783102, 0.22920521238477454, 0.6077847169080359, 2.4286154307539527, 2.465604810367375, 1.2140999717377423, 0.6054781470840718, 0.6261277285928845, 0.22388978384904204, 0.1388666459089276, 0.4315512760652277, 0.5113067796935902, 0.5335663920983664, 0.24665053908603302, 0.13648636482080304, 0.3654651173452181, 0.2105728582205107, 0.14658935697571038, 0.13362729264712975, 1.6519806794593037, 0.5844655953455522, 0.43808060999607107, 0.6067880966057307, 0.4029356325680055, 0.24765933974820645, 0.5533000956294283, 0.628198457109057, 0.5094600528391451, 0.38164927947238125, 0.3361799217188364, 0.48356973710293744, 0.21709828645919974, 0.13943583221412686, 0.3896152478956758, 0.6935377152874702, 0.443670058881929, 0.4613611433636356, 0.23376192326759834, 0.21436997394415352, 0.3331230269817788, 0.18502670980042213, 0.1676789360369948, 0.15438145007288528, 0.6731798327844729, 5.855736449309865, 0.32493542548676474, 0.2001376370542172, 0.17355031798458295, 0.2193861694481919, 0.22782788700965936, 0.14720294031610132, 13.385933579721593, 0.7520342687597943, 0.45666341494306084, 0.16467230895985474, 0.495800874536366, 0.19007518999730239, 0.5785391448835556, 0.37923676177837806, 0.3827202234920811, 0.25522968949695185, 0.11725633015156484, 0.1028412681929498, 0.13929659053966215, 0.9687768299628572, 0.7752906073042973, 0.33913436217682275, 0.21825761415106587, 0.17437354054257226, 0.1863172885715921, 0.21393935229178504, 0.23316564328378658, 0.15759490277788263, 0.15359242076154178, 0.7076187454454378, 0.325724914440457, 0.19221897198063187, 0.20930895593625456, 43.83784939117118, 11.142487672267071, 2.879886078363024, 0.6831418143800795, 0.6125203745221262, 0.4506286495265593, 0.3271726153200126, 0.2704305663282849, 0.31370711815452323, 0.4038609850212736, 0.26577494536919, 0.2868289515469096, 0.20291190876583748, 0.16482469049022336, 0.3288862328203516, 0.1876718357014922, 0.1976539812127264, 0.2851886375179295, 0.6470647883903566, 0.4712942300232659, 0.8627298675982199, 0.1947445399205509, 0.18808568947285376, 0.20376445573916346, 0.1816570993695129, 0.4274784284150989, 0.3359369363878542],