{"best_epoch": 50, "best_val_loss": 54.12857335171086, "train_loss_list": [340.02733670132574, 260.66252489380224, 149.0793570208111, 110.66997239944831, 43.172992149893915, 19.580542007537154, 23.13329371726755, 7.4739891720681895, 57.098822132027315, 44.526038817792504, 18.473104447167724, 4.7188453070709535, 11.075745938312913, 3.7600200743198013, 3.803833684682605, 154.09684948447688, 9.204132426458536, 7.950359222864165, 2.9671413024731144, 1.6076192543315515, 3.472148131296645, 1.1655717232435816, 0.8164108401386383, 1.062854676198167, 22.353277808828366, 3.083319901052051, 4.024038673952622, 3.2025151748067433, 2.1409356856581945, 1.7684411905273072, 9.40493291554453, 13.619646845148628, 2.481061624806798, 2.78460277616611, 2.43788527425768, 7.174892998007247, 10.56405643318808, 4.898391566958108, 2.4657684683017034, 1.2625781161362393, 2.1588933971341295, 1.8377520206442552, 2.6135365029692412, 1.263411031312115, 1.3785696720969827, 79.41627878171614, 5.776247509068718, 2.0935681188021, 1.3323978520883977, 1.1471193984723584, 6.837516605045989, 1.6860200686811166, 1.7159042360216872, 0.7752384554952858, 3.2021546129375458, 1.4378591051325993, 1.4889848091987534, 1.6501541382586418, 1.3230012480914326, 1.9084725873451265, 0.9519598948489694, 2.486198554963506, 5.324757432660223, 2.2862822044359845, 3.1353791247877387, 2.24588141383787, 1.045043841225259, 0.5350262363831123, 0.44993737870690437, 0.6699283439243926, 1.9665122407053022, 0.9522102772404502, 0.657861134707746, 49.69392615054556, 4.441412127931059, 1.8476234808297838, 1.0003873835839507, 0.9228076404594996, 0.813512410261857, 0.4628220966038664, 0.573878473493125, 0.7400293567524716, 0.6187784121394952, 0.7710234421138453, 0.42762856256748544, 0.5979716667140366, 0.31349720747817683, 2.8379640700804556, 2.0849165223229775, 1.8939297610568786, 2.112756874833905, 2.112006767876712, 1.2391186394306593, 0.9695535046397857, 0.7299940495210039, 0.501551429380502, 0.4438018940426825, 1.1354788596561032, 41.02219493927533, 1.5593374547100047, 0.9837465123627515, 0.9131949262024363, 0.4762537676506169, 0.38757937165245, 0.3214417233033841, 1.1253872434959595, 1.055664507853805, 5.977849422979879, 1.4914297723879282, 0.6486668394263181, 0.8623003730038422, 0.5783461652494372, 0.5750712303185603, 0.3596317883615425, 0.6609374033494887, 0.3982113465880616, 0.34859253718020383, 0.5422658387777043, 0.2959112466638442, 0.6221984734901285, 0.4268453976368335, 0.6712549091449163, 0.5828062664638557, 0.6010289377596674, 0.992155782532213, 0.7270316767521573, 0.535519532810906, 0.7716500408908632, 0.7846626883006769, 0.8061424133303395, 0.7598943772283924, 0.6770003436582499, 0.335464485335454, 1.4171498876538542, 0.7059871607461186, 10.91085832860806, 2.8302530248289126, 0.7226125602019856, 0.37061530975606793, 0.63725959819245, 0.7370621539236991, 0.6596901802304358, 1.8454052844943158, 0.8005172004077552, 1.0081354771379027, 0.6348416481689357, 0.2941837552294016, 0.23566354752629973, 0.21386724621284522, 0.1933944270869227, 0.30290952407203076, 3.8043306386796845, 1.0234335316737826, 0.580886093203819, 0.8441911685632375, 0.9578265570240296, 0.4762404424823551, 0.27355878995814603, 0.35121133445295677, 1.4838954257176686, 0.3064796564530852, 0.7672052486926727, 0.6071093040554402, 1.407491097645679, 0.6634881748915137, 0.3771836933284461, 0.8000979358943529, 0.32996397355323837, 0.1840406198423156, 0.4489907230019712, 3.82177546230714, 0.467965301881742, 0.4508707181956564, 0.22805223323177942, 0.15840764987753503, 0.4062929599313821, 0.2682265127017904, 0.27070137396585986, 2.952470074407402, 0.41470191228085324, 0.2756762430584776, 0.26935890404309715, 1.0929712485314937, 0.5769250063870122, 0.33384701099520675, 0.3426055984042338, 0.15237152983642072, 0.12554203916799175, 0.14828517599182714, 0.2836254318968858, 0.2602742813451413, 0.18879461317678772, 0.15808274548593532, 0.1872888339785461, 0.2026887231803757, 0.2859365448501683, 0.20038479356595765, 3.8496634550137614, 0.46447369711147024, 0.3570079129998964, 0.3312367311648429, 0.24138749960805528, 0.22210839532035465, 0.33007043044268186, 0.1980250816913423, 0.18653169138228828, 0.22126405574863045, 0.7057983584372247, 0.5694748336895832, 1.1035509055853674, 0.2885500793931659, 0.32450231295142745, 2.419946739373051, 0.3236499274839492, 0.21312795040120144, 0.18533168919972012, 0.2146090582501574, 0.3949229914622687, 0.14362921248728489, 16.220052713753248, 0.9332721601721717, 0.44253226522511196, 0.31849317981355607, 0.2288669180201669, 0.42157303985869227, 0.22122799920159067, 1.1094156926481273, 0.5057607625268462, 0.24666865048278555, 0.22336454903277092, 0.29354559265360297, 0.405755199485644, 0.20202469344661653, 0.18153682336184454, 0.15826200740398336, 0.13511662660130994, 0.6054932614386516, 0.44165951325132374, 0.3606661194138105, 0.16274432092525856, 0.20674242869610207, 1.6307907602223173, 0.4186653064267854, 0.28716314904430434, 0.5413754711409757, 0.22993845550512945, 0.3034133514157008, 0.18818266628398964, 0.13362360320196856, 0.11294933298250973, 0.10364738877897527, 0.1029240123024043, 0.14163460007441955, 6.394321063062607, 0.7938257265422728, 0.6005767365261568, 0.24771016590804834, 0.28070239506829237, 0.23348974128766933, 0.16471632461243094, 0.2319651788616004, 0.1828630732804552, 0.1426181521174027, 0.35231863373393785, 0.25353140600441676, 0.2035911272386945, 0.14880680317871162, 0.11871339467070915, 0.5275664104409115, 0.2721276982084234, 0.1663459010095295, 0.25272611471151624, 0.8871135181918824, 0.752632036740941, 0.37869409669429993, 0.26850976057519227, 0.19567887436228767, 0.18895965590202987, 0.13891815983302114, 0.12916598562647055, 0.23550088346464595, 0.6825122732748036, 0.16052167001118367, 0.13126060119921015, 0.1455803325190203, 5.764928771049304, 0.35298494519399365, 0.2493233971331243, 0.22564515226434406, 0.25646850909119456, 0.4573689238603636, 0.14511334406662538, 0.1722889750059511, 0.12019965726581702, 0.12458873923409332, 0.22235486828453607, 0.33937436096234047, 0.5037119929898729, 0.35457437754529747, 0.30045523769826504, 0.30290188801906703, 0.20118925505228805, 0.32499682550832715, 0.23954394355397796, 2.028812854244366, 0.7546468387866023, 0.25305777874946217, 0.6817440224138439, 0.14916458990981485, 0.21935252974394495, 0.21604532871907212, 0.22635033968330626, 0.4023025416075945, 0.1564323555788177, 0.8688477230558115, 0.4727145545319828, 0.216285201492339, 0.12291262524628697, 0.12261612575402198, 0.10546120806074415, 0.1779903435193697, 0.1310487885221218, 0.1302030969943081, 0.20584435747844987, 8.449908569133921, 0.41198915839911127, 0.23287545295912196, 0.30043203437026705, 2.0807916923211685, 0.27305538140238833, 0.18633520519504448, 0.15248327967959036, 0.25531371095107985, 0.2289926358905218, 0.1759641015941872, 0.13992437773939248, 0.4807676073763031, 0.24706368674951965, 0.1362918699513363, 0.11936138187310324, 0.10201794847458343, 0.9514975862217371, 0.5414244087152481, 0.16228370494766864, 0.3351897849179837, 0.16728024431163352, 0.25253808684655416, 0.12208828863552952, 0.16265400954701598, 0.1303916624421886, 0.23456829327975195],