{"best_epoch": 13, "best_val_loss": 65.39781871004222, "train_loss_list": [342.045890710308, 280.2410511454758, 92.1071287298498, 98.81728523657367, 34.35669236854164, 10.669664679880734, 7.023662352321404, 10.924408205403399, 27.00320564574852, 24.55744034578091, 22.041506530254782, 11.151791273196835, 23.854277301714806, 11.901035422192855, 4.828497802664798, 2.0395549762296428, 2.6490798350550664, 2.722972398353434, 3.0650354578849557, 3.3903165281919665, 1.5766827751523, 2.6676420568296466, 1.802827572291908, 1.4150537201333309, 4.618672271094183, 20.906629297619222, 18.83947431515839, 8.469291599742204, 2.8788739116454267, 2.27399183202236, 145.71314942999837, 12.731306828809625, 5.158933424515088, 2.3690776487514924, 1.7326765027978002, 1.3646050252511885, 1.1220247314690814, 5.125773607412386, 1.7868885710584277, 2.379019988523821, 1.229841259242885, 1.2271057226408666, 1.1674220003480174, 2.6418829269674533, 1.8256853772985049, 1.5920869979801315, 1.080252288841232, 1.3574160086072489, 1.2697056473284538, 1.1970318433978473, 3.668763335154925, 1.5256403941630994, 0.8335183948732078, 1.618955770694757, 0.5902051039804964, 0.9375726280215623, 0.5483188323384028, 0.5152912866581284, 0.9221238974057714, 6.529416676614583, 2.1285074732123297, 6.6465060890218615, 0.815406912955053, 0.506179348074965, 0.6622452146395003, 0.3256159471105623, 1.3898291012324284, 0.8762515710692153, 6.164774812200105, 1.6204295839486154, 1.1553656936070356, 4.0466335200636525, 1.9848789555674813, 1.7354214449641947, 0.6020376662314135, 0.4746274054772569, 0.685326031104562, 2.519195940907307, 1.9842097685922753, 0.6249131383807482, 90.1645912344117, 2.0812555433695716, 1.7828545172646855, 1.686207045092757, 1.3833102080574313, 2.9522449769227945, 1.2127816672381369, 0.9738087797853838, 0.6154058856143064, 0.4558828066702715, 0.6677500802825399, 0.6681524742652325, 0.7978122422406597, 0.40067207518534065, 0.36167209791931904, 0.5205182665312507, 0.3938205378799574, 0.38459589530507327, 0.40354685811008184, 0.4398091408910961, 1.7562993580522077, 1.1022903185970483, 0.5317427387816461, 1.3968702636426467, 0.8207415473768235, 0.6407832744798453, 0.7918454309248858, 0.7833491250916906, 0.8074790411603469, 2.484749592842755, 0.9680927339354147, 0.8212904102197083, 0.34737603121107175, 6.140975685079684, 0.8010294322195379, 0.5184560833938319, 0.6600863593244742, 0.32075544747106793, 8.06186357147954, 3.0030789159463183, 0.8392357876945311, 0.4621998543310902, 1.0240962718789102, 0.5685167231994674, 0.5893813684681758, 0.6078468553730405, 0.43746317852015054, 0.2706942260722459, 0.23163384584176347, 0.44789233014309393, 0.4222149346664667, 0.2988079932844634, 0.26732198729139733, 0.6427372474981251, 0.5091882166408016, 0.34599020169955663, 0.4999758200494211, 0.33841126516367365, 0.34129676924944385, 3.249671265531697, 0.745469369192997, 0.5327959801238422, 0.37149052104077923, 19.4212354332644, 1.3587822719559393, 0.580349993091157, 0.30812019376578276, 0.19903366301149647, 0.1917869690964849, 0.34472612820612203, 0.21531903040609, 2.260274596202134, 0.8204615951274117, 0.6247132997280648, 0.38182454756262846, 0.23948164818736056, 0.5370290542044687, 0.34371566968923933, 0.24058588323524857, 0.27536085923210146, 0.20103880280152064, 0.16728145103013325, 0.1482327188561443, 0.25333573907054224, 0.20920670032976246, 0.45357419775310515, 0.4263960170653528, 0.3684067768699285, 0.20372025674433886, 0.16836584304427288, 0.6857993851285243, 6.982904579804691, 0.8119052381682819, 0.5256914277066294, 0.19675328979966084, 0.25778165123680874, 0.17241249630748007, 0.5542937923352037, 0.5909732129036539, 0.2526929237518355, 0.21157296433818493, 0.19862864308931097, 2.3052139887496854, 0.7924907576094492, 0.6830559705810203, 0.4607208882168721, 0.30002518893672453, 0.18841493945000518, 0.16595082662130248, 0.1298483227204996, 0.10882013626914185, 0.16041776826519571, 0.6226895823024479, 0.45049475671144745, 0.522614336326803, 0.2636130980746996, 0.1825928352513592, 1.2314191091722275, 1.5132807075698205, 1.333267725894326, 0.43946731325579547, 0.26121495051181504, 5.440908534328271, 0.8474591524488116, 0.3097255844141574, 0.2734781914938758, 0.34993472721608354, 0.29042217120859826, 0.25266791363735414, 0.253224403849366, 0.635713448636528, 0.3380224505608035, 0.23582758733144787, 0.2344184869934556, 0.3366158923222504, 0.2023925613226915, 0.150287123858685, 11.481398479054272, 5.86412835022216, 2.815313769307292, 0.8998887979720652, 0.29311206868065753, 0.49742606546782225, 0.42193003933885004, 1.0658048032438474, 0.32139411526276807, 0.14703271190504041, 0.1334930924887971, 0.1557491430012069, 0.13788800056441983, 0.272379736436418, 0.24554364694096278, 0.21579232091754452, 0.18678187042949274, 0.18163007120420677, 0.1958420206744629, 0.16491451687235448, 0.22635669339550635, 0.12476678968012754, 0.6873606040709029, 0.3375057405518099, 0.22227903584703013, 0.2595872600946413, 0.2238187482354905, 0.1794756745124916, 0.11330513448423667, 0.15862388914417544, 1.6842951009316318, 0.7176302736463608, 0.3087904001117884, 0.16750349831707356, 31.11714560907726, 0.32316673575239396, 0.7759484019221848, 0.23589401535157883, 0.21302388545702172, 0.18815800308957367, 0.28531772402889355, 0.12477809347708842, 0.10795036356203874, 0.11232215757447689, 0.14102009883946043, 0.1514753801998379, 0.3125874460260529, 0.13800682724242228, 0.25881152134528274, 0.617225528687668, 0.31531702391673255, 0.1325358658428578, 0.16716144370401698, 0.09546598640971883, 0.10799078059664564, 0.1177426450896562, 0.32973442621724447, 0.16897164060720482, 0.16956548450636305, 0.17212550758293602, 0.10825509372644837, 9.019791124599628, 13.168242216361097, 0.416628315878069, 0.17621155400901292, 0.21125961647244107, 0.26034398073537324, 0.2607165512994436, 0.3233729821100689, 0.12187270053785762, 0.18565424007783704, 0.08939031924897313, 0.0871854987295392, 0.08324518284728184, 0.09414164213625048, 0.660993468465411, 0.13103080104387876, 0.11320852907119279, 0.1277365316119019, 0.1152734044208489, 0.12465715306825806, 0.22837392494791406, 0.33907826879249664, 0.1526078223837193, 2.377491737842261, 0.39768980735064663, 0.24642689562099754, 0.1228763047661256, 0.12165148063696755, 0.11748566844256983, 0.09310049870272727, 0.08238314739391063, 0.07883604680622525, 0.08689854306591524, 0.10607873051330237, 0.20574928713410615, 0.14782362533947635],