{"[H]": 52.10325045, "[CH3]": 34.8207457, "[H][H]": 0.0, "[CH2]CCC(C)CCC(C)C": -14.891537950472653, "C[CH]CCCCC(C)CC": -16.237746505277347, "CC[C](C)C(C)(C)C": -11.31273772841406, "C=C(C(C)C)C(C)C": -25.109014335999998, "C[CH]C(C)CC": 3.429977189765625, "C[CH]C(C)C": 8.348942300882813, "CC=CCC": -7.145323376, "C[CH]CC(C)C(C)C": -8.118665390874991, "[CH2]CCC(C)C": 5.981060632480473, "[CH2]C(C)(CC)CC": -0.5831333686484371, "C[CH]C(C)(C)C(C)C": -9.149140582578116, "[CH2]C(C)CC(C)(C)C": -7.365357358117187, "[CH2]C(C)C(C)CC": 0.5954000543828153, "[CH2]CCCCC(C)CC": -8.075133027925775, "[CH2]C(C)CCC": 6.359585412753911, "CCC=C(CC)CC": -23.451507726, "[CH2]CCC(CC)CCC": -7.366993856140623, "C[CH]CC(C)(C)C": -5.782286235425782, "CCC(C)CCC[C](C)C": -19.285589217429692, "CC(C)=C(C)C": -15.084624684, "C[CH]C(C)CCCCC": -11.673414888277337, "CC=CC(C)(C)CC": -26.465373386, "C=C(C)C(C)(C)CC": -26.289942982, "C[CH]CC(C)CCCCC": -17.126242235390627, "C=C(CC)CC": -12.615214691999999, "[CH2]CCC(C)CC": 1.5817412122812555, "CC[CH]C(C)CCCC": -11.965408901734369, "CC=CC": -2.5038268560000003, "[CH2]C(C)CCCCCC": -8.541811484492182, "[CH2]CCCC(CC)CCC": -12.056592501949217, "CC=CC(C)(C)C": -21.961305315999997, "[CH2]CC(C)C(C)CC": -4.19469016651953, "[CH2]C(C)CC(C)CC": -5.069548817351563, "[CH2]CCCCC(C)C(C)C": -13.943447345925774, "CC=C(C)C(C)C": -20.440032126, "C[CH]C(C)(C)CCC": -8.87013770465624, "[CH2]C(C)CC(C)CCC": -10.054625615148442, "C[CH]C(C)(C)CCCC": -13.85554074046094, "C[CH]CCCCCC": -5.320452890203114, "CCC(C)(C)C": -44.172610908, "[CH2]C(C)C(C)C(C)C": -5.325308334359365, "[CH2]CCC(C)(C)CC": -5.786321176335935, "CCCC[C](C)CC": -8.090088573664056, "C[CH]CCCC(C)C": -6.922044686828117, "C=CC(C)C(C)C": -17.706998516, "C=CCC(C)C(C)C": -22.183580896, "CC(C)=CC(C)C": -21.621199777999998, "C=C(C)CCC": -13.412060696, "CC[CH]C(C)(C)CC": -9.16425086383593, "[CH2]CC(C)CCCCCC": -13.74851158096093, "[CH2]C(C)(C)CC(C)C": -6.980027157921868, "[CH2]C(CCC)CCC": -4.108436598699208, "CCCC(C)C": -41.225427922, "C=C(C)CC(C)C": -20.776313568, "CCCC(C)(C)C": -49.266545786, "CC=C(CC)CC": -18.622630502, "CCC[CH]CCCCC": -10.822192954468749, "C[C](C)C": 11.304192203738292, "C[C](C(C)C)C(C)C": -10.952398788460933, "[CH2]CCCC": 12.752719824914065, "CCCCC(C)CC": -50.550964029999996, "[CH2]C(C)(CC)C(C)C": -5.933976398007811, "[CH2]CCC(CC)CC": -2.380314885492185, "[CH2]CCCC(C)(C)CC": -10.767360198468749, "C=CCC(CC)CC": -20.314075964, "C=C(C)C(C)C": -14.56024552, "CC[CH]CCCCC": -5.561816415593751, "C=CCC(C)CC": -16.315505584, "CCCC[CH]C(C)C": -7.124940804992192, "[CH2]C(C)C(C)C": 5.095179049351573, "[CH2]CCCC(C)C": 1.2977791253437576, "C[CH]CCCC": 4.5878175292031225, "[CH2]CCC(C)CC(C)CC": -14.864261502632809, "[CH2]CC(C)C(C)C": 0.16171475164844254, "[CH2]CC(C)(CC)CC": -5.989975527570307, "C[CH]C(C)CC(C)CC": -13.335506421144528, "CCCCC[C](C)C": -8.32388489678906, "CCC[C](C)CCC": -8.369186415593742, "C=CC(C)CC": -11.621427744, "C[CH]CCCCC": -0.3805515633828076, "CCC[CH]CCCC": -5.841746530339832, "CC(C)CCC(C)C": -52.713012305999996, "CCC(C)=CC(C)C": -26.00026771, "[CH2]CC(C)CCCCC": -8.799414338960933, "[CH2]CC": 22.816607588460936, "[CH2]C(C)C(C)CCCC": -9.341121344160147, "CC(C)[CH]C(C)C": -3.567881069515625, "C=C(CCC)CCC": -22.643428439999997, "C=CC(C)CC(C)C": -23.691708756, "CCC=CCCCC": -21.756477174, "CC=CCC(C)C": -19.317420944, "[CH2]C(CC)CCCCC": -8.780996980562499, "CCCCC(C)[C](C)C": -14.731158880781244, "[CH2]C(C)CCCCC": -3.592714242492184, "CCC(CC)[C](C)C": -10.621226818589832, "CCC[C](C)C(C)C": -9.362180405523432, "[CH2]CCCCCC": 2.8469798697226536, "[CH2]C(C)(C)C(C)C": -1.6337660683281203, "[CH2]CCC(C)(C)C": -1.8028321948984385, "CCCC(C)(C)CC": -53.268223244, "C=C(C)C": -3.9947462839999996, "[CH2]CC(C)(C)CCCCC": -16.561084820839838, "[CH2]CC(C)CC(C)CC": -10.396152478273438, "C[CH]C(C)(CC)CC": -8.483673647687505, "[CH2]CCCC(C)C(C)C": -8.94510999162109, "C=C(CC)CCC": -17.629321565999998, "CCCCC=C(C)C": -24.486403705999997, "CCC=CC(C)CC": -23.766278628, "[CH2]CC(C)(C)CC": -1.629840521968753, "CCC(C)CC": -40.624327832, "CC[C](C)C(C)C": -4.097547333312493, "[CH2]CCCCC(C)C": -3.6986941619257734, "CC=CC(CC)CC": -23.481622482, "CCCCCC(C)C": -51.1233834, "CCC[C](C)CC": -3.0340272203359335, "C[CH]CCCC(C)CCC": -16.279226854531245, "CCC(C)CC(C)C": -52.694608843999994, "C=CCC(C)(C)CC": -24.077942452000002, "CCCCCC(C)[C](C)C": -19.692859882546866, "C[CH]CC(C)CCC": -7.220405592839834, "[CH2]C(C(C)C)C(C)C": -6.606695663460927, "C[CH]C(C)C(C)(C)C": -10.21392943983984, "C=CC(CC)CC": -15.978268117999999, "CC=CCCC(C)C": -23.653467795999997, "C=C(CCC)C(C)C": -23.75839143, "C=C(C)C(C)CC": -19.840366072, "CCC=C(C)C": -14.516746428, "[CH2]CCCC(C)CCC": -8.050530056519525, "[CH2]C(C)CCC(C)CCC": -14.497182176546874, "C[C](C)C(C)(C)C": -6.545509232390613, "[CH2]C(CC)CCC": 1.2542875989999978, "C=CC(C)C(C)CC": -22.066945968, "[CH2]CC(C)CCC": 1.1133421644296884, "[CH2]CCCCCCC(C)C": -13.589701756277343, "[CH2]CCC(C)(C)CCC": -10.882649189449218, "[CH2]C(C)CCCCC(C)C": -15.080537632492176, "CCC[CH]C(C)(C)C": -9.828785462636706, "C=C(CC)CCCC": -22.578418808000002, "CC(C)C(C)C": -42.132694697999995, "C[CH]CCCCC(C)C": -11.861307639277344, "CCC[CH]C(C)C": -2.014255481589844, "CCCCC[C](C)CC": -13.072607698335936, "[CH2]CC(CC)CCCC": -8.163564349171871, "CCCC=C(C)CC": -23.916374396000002, "[CH2]CC(CC)CCCCC": -13.11266159117187, "CC[C](C)C(C)CC": -8.98509543995703, "CC[CH]C(C)C": 3.28207839371094, "CC[C](C)CC": 2.2740552537304652, "[CH2]CC(C)(C)C": 2.57854775146094, "CCC(C)C": -36.247888966, "C[CH]CCC(C)CCC": -11.663399319214838, "CCC=C(C)CC": -18.89581436, "[CH2]CCC(C)(C)CCCC": -15.83174643144921, "C=CC(C)(C)CCC": -24.055714894, "[CH2]CC(C)(C)C(C)C": -6.699464068906238, "CCC=CCC": -11.786819896, "CCC(C)C(C)(C)C": -53.426445216, "CC[CH]CCC(C)C": -7.474061898742185, "[CH2]CC(C)CCC(C)CC": -14.769632501585935, "[CH2]C(C)CC(C)CCCC": -15.003722857148441, "[CH2]CCC(C)C(C)C": -4.242261582281241, "CCC[CH]C(C)CC": -7.051033703058588, "CCCC=C(C)C": -19.537306464, "[CH2]C(CC)(CC)CC": -5.285767153546874, "[CH2]CCCCCC(C)(C)C": -16.68172237827734, "CCC(C)[C](C)C": -4.7031305242304695, "[CH2]C(CC)CCCC": -3.780777660578118, "[CH2]C(C)CC": 11.452518961039065, "[CH2]C(C)CCC(C)C": -5.128845834039055, "CC[CH]CCCCCC": -10.507129477906242, "CC=CC(C)C(C)C": -25.210352880000002, "[CH2]CCC(C)CCC": -3.403953566472655, "[CH2]CC(CC)CCC": -3.204663335199208, "C=CCCC(C)C": -16.27511357, "C=CCCCCCC": -19.634581905999998, "CC(C)[CH]CC(C)C": -9.240265511773437, "CCC(CC)CC": -44.622898211999996, "C[CH]CC(C)CCCC": -12.177383999390624, "CC[CH]CC(C)CC": -7.489502636164052, "CCCC": -29.737843538, "C=C(C)CC": -8.397953822, "C=CCCCCC": -14.685484664, "CCCCCCCC": -49.533754494, "[CH2]CC(C)C(C)CCCC": -14.131862558367187, "CC(C)CC(C)C": -48.318169978, "C[CH]C(C)CC(C)C": -8.935179920867181, "C[CH]C(CC)C(C)C": -8.651393444566395, "C[C](C)CCC(C)C": -9.973312997124998, "CC=CCCCCC": -22.06383889, "CCC=CC(C)C": -18.771053228, "CC[CH]C(C)CC": -1.7782899156484335, "C=CC": 4.800674516, "CCCCC(C)C": -46.174525163999995, "CCC(C)[CH]C(C)C": -8.8325721938164, "C[CH]CC(C)(C)CC": -9.953588022039057, "[CH2]C(C)(C)C(C)(C)C": -7.7597165397382755, "C[C](C)CC(C)(C)C": -13.463044125695307, "CCC(C)C(C)CC": -50.852350595999994, "[CH2]C(CCC)C(C)C": -4.978582077886713, "CC[CH]CC(C)CCC": -12.518807034058582, "[CH2]CCCC(CC)CC": -7.079053545949218, "C=C(C)CCCCC": -23.310016173999998, "C[CH]CCCCCCC": -10.269550132203113, "[CH2]CC(C)C(C)CCC": -9.182765316367188, "C=C(C)C(C)CCC": -24.817905028, "C=CCCC(C)(C)C": -24.316231434000002, "C[CH]C(C)C(C)C": -2.7279565740351557, "[CH2]C(C)(C)CCC": -1.3914705005624963, "C[CH]C(CC)CCC": -6.6002398122499955, "CC[C](C)CC(C)C": -10.405806751921869, "CCCCC(C)(C)C": -54.215404021999994, "[CH2]C(C)CCCC(C)C": -10.158707846546868, "C[C](C)CC(C)C": -5.827204189632809, "C[C](C)C(C)C(C)C": -11.27788401795312, "CCCCC(C)C[C](C)C": -20.32931489816406, "CCC(C)(C)[C](C)C": -11.163911090390625, "CC[C](CC)CC": -2.2246982317382717, "[CH2]C(C)C(C)CCC": -4.387387925054681,