{"best_epoch": 161, "best_val_loss": 105.57925554278711, "train_loss_list": [364.341214147863, 326.51894512976054, 209.11097676159153, 98.737783634261, 46.87066622183127, 344.53893959536686, 162.88020672418375, 88.10328328331478, 45.626238259253455, 13.744942168555744, 7.277344989169553, 3.3867157450606595, 5.992263024354125, 2.49445029211755, 14.287541163754266, 2.9579272128968963, 2.45910391788493, 12.487717491690924, 61.8482549729767, 12.395802180734856, 4.791034876546991, 4.385338461271374, 3.0403362832460283, 6.375244507319882, 2.9166790920502463, 54.11490566443627, 85.09490237407776, 15.152889062088295, 4.557937734516821, 4.5935406685393705, 1.578684579121217, 2.5787549793202023, 1.4841272189720431, 1.3132989335376604, 1.514796443944058, 1.1853873547255076, 6.475957398299123, 6.752736116388425, 3.341172038807371, 1.730563658142734, 1.0474944677185964, 1.169792338230839, 1.9244300346829066, 1.6875242864959747, 0.7578301306541543, 19.462712619273564, 11.757027683974682, 4.338015976978966, 2.3504967439787263, 1.4451481170978926, 1.4233624946837875, 1.167312412176549, 0.9457342797460865, 0.5211674447397678, 0.3986399927430874, 0.36478133862885864, 142.4950727126147, 3.2389567463863638, 1.3548382679621378, 1.2203119235080586, 5.8585449964247625, 5.24814016931158, 5.4190241284241605, 1.4577373759769872, 5.86750514930569, 0.6832412845668095, 0.5616942110310207, 0.576382037245363, 0.9635519565160444, 0.5353495927825698, 0.4983943244841709, 2.767344590766129, 2.5618902150601115, 1.2033354494516533, 3.1898052312261367, 1.6116934465160837, 0.8457849100791988, 0.6254666317658587, 0.6369530837911753, 0.7305502999751506, 1.4398196216353976, 1.03184487212613, 3.0442373552634803, 2.9911414518218993, 3.1220135759852017, 2.3050201171396902, 1.9136836444132264, 1.9789535028263383, 1.7446565337607514, 0.9915321228815484, 8.586706787165491, 25.20052800162426, 2.278446492791972, 1.887459789635028, 1.024607932717279, 0.6155940599275698, 2.0398877732554053, 3.033903115397376, 1.0471949210042557, 2.1893500088794022, 1.4937685360765627, 0.7931285515374379, 0.9108015128543077, 4.329590358891077, 2.5678291935567956, 2.374933710842376, 8.052086839935384, 1.8219422810058419, 1.3480601535610042, 2.2910715951402816, 0.6738261025462012, 0.421586733507714, 1.087097741471668, 0.6625184198308484, 0.7015468683825427, 1.2953640203051382, 0.6831349754903538, 0.3990219048074158, 0.2673609789338861, 0.218695303794483, 0.2546747272076804, 0.32423143671769716, 8.694500518239371, 3.039254939592212, 2.125734952837576, 1.0001458059578203, 2.6398998908255527, 0.4313262572219664, 0.5060381950539584, 0.4483525392112849, 1.6310935297620868, 1.117251145147959, 0.7168459767344723, 0.8174717467276507, 0.4185700744348845, 0.9652224541746891, 0.28216450958449246, 0.7224754293620855, 0.5484371907586841, 0.3096761594671786, 0.2847529271081671, 0.24319231059194593, 0.40485890781059525, 0.3583134896408936, 0.3264124543377006, 0.2837247850306007, 0.45087307735530324, 13.07909277360866, 0.7058885915108005, 0.7572176494337057, 1.164695225299293, 1.6449776804756255, 0.6819939182444011, 0.2829493810070346, 1.1070156945994025, 2.0512636018287984, 1.478026123832581, 0.7403299017734287, 0.6381075339012127, 0.35803290576186914, 0.34412953899830623, 0.32067263753559255, 0.33483491501019175, 0.538668300142719, 3.0531215680578336, 1.7491677505012033, 0.6563163204630179, 0.5977442253352674, 0.4520361983318948, 0.34431438697058114, 0.9512529023391312, 0.2440357412824237, 0.17251407431993512, 0.3564945177564782, 0.2843265280992769, 0.35362289758609367, 2.8212710872317968, 1.7765848657670662, 0.8173110955204954, 0.7099591810183946, 0.8556038080293733, 1.098528625720213, 0.8398282426731721, 0.5202598819375834, 0.7078424856892618, 0.4217005503747223, 0.3301474294127968, 0.3317673876527636, 0.22255729735198368, 0.43994774004281667, 0.21164635392367154, 0.1654710223064569, 0.17872125098903696, 0.21324639029869139, 0.23797319146499854, 0.8052625313033378, 1.2852489946560726, 0.5833295640414629, 0.38710377676352603, 27.958944863374327, 1.2453167141603583, 0.5631547356744746, 0.8231545055063869, 0.24587626228711376, 0.5091926072851839, 0.3018640732479714, 0.23679055952309563, 0.30336764934057037, 1.0059068905198598, 0.5830019812076067, 0.38475888947502385, 0.21188406993020045, 0.19245603252557972, 0.24625534004728591, 0.265830783131857, 0.185465490579966, 0.24209612736458494, 0.2533939154172902, 0.4213948487765836, 0.8067449578875119, 0.7006688971772843, 0.3045704230122491, 0.3211551119511384, 0.24050421606372777, 0.2253637216213678, 0.22896119871738813, 0.16804777183040034, 0.13065549094652726, 1.0646598443048856, 0.9633734706932113, 0.5211214784842214, 0.48639451915887255, 0.2984037622136186, 0.20930431602724292, 0.7101662801305361, 9.57537158679988, 0.6334236113648666, 0.38623177916797086, 0.4523560907026012, 0.2547602915084616, 0.22726116450866396, 0.3534441147325221, 0.48563324964922366, 0.19823452353372215, 0.14495733710775982, 0.1669172276816065, 0.15741588708809715, 0.431809427435447, 0.44902843154192973, 0.559587594010763, 0.28711834182880935, 0.2520391087361956, 2.099088343173298, 0.8244870129731515, 0.5097441332003814, 0.29879101970943117, 0.7942762187691491, 0.27964519854473635, 0.679346746133293, 0.26325702886577906, 0.22786404816579825, 0.15560683381888757, 0.1376422237236434, 0.21960579314377715, 0.1632107835422066, 0.21311059627445417, 0.7229541972730679, 0.3446406600638551, 0.2538079635819521, 0.161772389740314, 0.14424652571378843, 0.12624542331497984, 0.1113118254557481, 0.12328316465047942, 0.14288157574893748, 0.1721501721100738, 0.15099961259150022, 0.1905322889674341, 0.16078686507456635, 0.246011628434837, 0.1927999549146127, 0.15752639637835192, 0.13341906081652016, 0.13143046027943875, 0.1775797860118251, 0.17191468687498723, 0.1563984158745724, 0.5576423314855051, 0.3847393344382732, 0.276765650465675, 2.9649256467523086, 3.683779351456975, 0.29888416434138054, 0.2339340448188654, 0.1290497444186026, 0.1490819928307301, 0.14507536011635377, 0.11214648024800068, 0.5039459316236061, 0.5642486170306744, 0.14243350685235043, 0.11324597758696031, 0.29656362147541115, 0.17426055334178747, 0.14786338082910455, 0.21623292170445327, 1.999238158256033, 0.5011693441160827, 0.34398583101894964, 0.2919614622430427, 4.0302468969629075, 0.6532066630060454, 0.5660837752356179, 0.3927466489463707, 0.6612473956688815, 0.5778310356528941, 0.1370415841143227, 0.13059515070908745, 0.09754099390754195, 0.10558765935029807, 0.09641054329089155, 0.5312828551226568, 0.28927222142987064, 2.244534263594553, 0.9464247161484046, 0.6947810508057468, 1.4609597793990938, 0.42682383371133314, 0.24940736607779, 0.3216298243929984, 0.48876094376933515, 0.2163560165566903, 0.20584351758356514, 0.18244239338583282, 0.4916783615085575, 0.39005397365360117, 0.21217732283858903, 0.2091009155498808, 0.16512696494300197, 0.29810000252330865, 0.12802765963472132, 0.3191727916868119, 0.1315284897565629, 0.13346433158275078, 0.11928170800875329, 0.18631191396311636, 0.11669738684025976, 0.10796840144999463, 0.47671320656153415, 0.7702640676032014, 0.5181533351568327, 0.29092790027700066, 2.4501850384452517, 0.6111306906167514, 0.22188699044410976, 0.2293315976965716, 0.31384204024201157, 2.42878010737759, 0.6748001105156842, 0.9291123225375781, 0.25582897455041553, 0.2923433538526875, 0.6475529029360424, 0.14007263788709062, 0.20279164115599438, 0.1492246960363085, 0.17630052045317351, 0.27624304908781927, 0.3195686577128857, 0.13026977924751793, 0.1873416234656273, 0.15832777465954642, 0.2824123671501898, 0.9684483704822735, 0.6674460995185266, 0.2546929518881467, 0.2729649203767726, 0.16759747656672716, 0.17759690756309923, 0.1650582699139846, 1.5732697581795132, 0.47903296900214737, 0.4038438098095363, 0.22222746812770722, 0.2158212066543452, 0.2875381523463051, 0.17039497497433267, 0.25234673146243475, 0.15860278144550516, 0.11847971935965151, 0.12650203115103353, 0.10916074964512378, 1.114681545355697, 0.8365203203283802, 