{"best_epoch": 139, "best_val_loss": 143.58043948309685, "train_loss_list": [367.21583471652394, 314.55827087562966, 205.90819513574178, 104.99583670640196, 73.45583909337616, 30.005253537014216, 19.990038462032253, 10.110771718202592, 4.79954467504132, 7.0250537805772835, 4.34503525033558, 4.336073066592735, 7.355113294846878, 6.469619183166621, 177.02391178790657, 21.39689638827576, 3.921125744621349, 29.63983592064895, 6.706948391251972, 2.5305462790607534, 2.0119758992739425, 0.9686999821674748, 1.1818445404669229, 7.340875067032431, 2.95363591573443, 3.2368002558121725, 3.5073129896524753, 2.922451076996488, 6.393176853397651, 2.739903945702083, 17.00049000958481, 13.9599797508018, 5.332657523369022, 1.8488038633679946, 111.54570544247241, 66.33850425534361, 26.6560402551122, 3.7487630161376138, 4.3454574841162446, 2.6134992261626473, 3.1391925587445044, 3.1231829867150056, 1.5518432658787116, 4.1260426801349075, 1.6115375077716314, 1.4126316836299755, 0.9223115335177774, 0.9818918061225315, 0.9826984245863601, 0.7218433287762334, 6.313389460167416, 1.3485227791885606, 1.6233119628560009, 1.193404199068975, 0.8650089551918759, 1.5755991987701736, 0.9400430895992428, 0.8559897961845725, 9.118020975816295, 11.536770599200969, 2.1543976657065733, 2.3124167680473833, 4.670908536630126, 1.0541068783325818, 0.7242241087163136, 0.6214563457688372, 1.4292679812919722, 0.929119121271725, 2.8770589598986307, 2.5407485495926565, 5.259802036619441, 1.9452888814355553, 1.2209943656617255, 0.8133390775831156, 16.966046120436083, 6.541603404973519, 2.6827794145892208, 0.9491113871206424, 0.9495012613223689, 4.8077198662175675, 2.670004567297745, 1.0963892322743907, 1.7256314726279192, 0.8026678301713257, 3.617055147849259, 15.591455127923123, 3.941232754567916, 1.9376730470979544, 5.212627050462324, 2.179547470391959, 1.5940176067500658, 0.3992073625722238, 0.3044746589799828, 2.5148895030572627, 1.527386917455376, 1.0097428307653495, 0.4164825710298526, 3.2549728328171703, 1.267890118117096, 1.3539763315799531, 0.6389698849394297, 0.7128632796812377, 0.3744956145962785, 0.29841959428857934, 0.324406361413504, 0.46942288373389784, 9.502151152366823, 2.138702388572894, 4.011296170135194, 1.285759817338289, 0.8294308342010897, 1.1058789492597374, 1.1530424728147466, 1.154780685923852, 3.9303553917329217, 3.1223675972585307, 1.2679135374934936, 0.5216681753633304, 0.37860614206091747, 0.2385088498159871, 0.20316879745929556, 0.17244421061784965, 0.227571041269223, 0.24639762494744996, 0.8304468508596495, 0.6280981436151553, 0.435052523534056, 5.156270225401059, 1.9698615111655855, 2.3229705785582664, 0.614297590007835, 0.3265408213953545, 0.2516759776449799, 0.2558201630524028, 0.278097298595494, 0.2645008463128881, 0.25324946026793327, 0.39309510697290595, 1.8536758301417555, 2.9198562083977553, 7.778221175287425, 4.8860445995979935, 1.3849137618576957, 0.9623204069675947, 0.8107554185378997, 0.7986336278239476, 1.0678693005226811, 0.4686065786324396, 0.7341579960886107, 0.6069359246813989, 1.0149859658547358, 0.39584899959416436, 0.5986112703561945, 0.4250693483954408, 0.3719047030156154, 0.2940947539450115, 0.3236420264789413, 0.3570501296942374, 0.9269885602561587, 0.613576060451346, 0.4281282249799709, 0.4018295422092741, 0.35996018529471335, 0.3333135442735393, 1.571265598214675, 0.5321398092980504, 0.25954992252578646, 0.20523416926410387, 0.4927767198817387, 0.3531194902413262, 0.27226861243054906, 0.28447594005652, 1.313123816024841, 1.2919886609739049, 0.7164462582433673, 0.48761096546559907, 0.40051084355217614, 0.4368470709170781, 1.38713608812085, 21.680871234326876, 1.6304949328308889, 0.4568193524820496, 0.29908951684793705, 0.21858260774233743, 0.19975623704234852, 0.20350327765019158, 0.1646278486402601, 0.18833228784245803, 0.37092650339235034, 0.4584723273427527, 0.5572011812197105, 0.3356692789596973, 0.510293307126405, 4.07153924454178, 0.7985255887814966, 0.4242408910453682, 0.3513801039124021, 1.249800131444886, 0.7004106823309151, 0.4560264534827212, 0.22348244248369645, 0.1723518323475073, 0.16017014186779818, 0.9575070382148275, 13.917944633358088, 1.741006049713338, 0.47079810254722776, 0.6704092864680551, 0.2577487110736251, 0.8727729935599268, 1.3788686891458535, 0.4635273440774665, 0.29209885895511345, 0.1961390483615902, 0.20639491832866355, 0.5846917031307632, 1.01564968866808, 0.46447214053152747, 0.295490644212362, 0.37820382204025693, 0.7542661708752911, 0.24361690836576272, 0.17721259026401695, 0.14604511907422058, 2.0008149770139507, 1.7360050733056724, 0.5274534636138833, 0.23230808461090746, 0.3166538627306699, 0.9705831298477131, 0.3352013218302547, 0.4408228735916882, 1.1587300744495797, 0.294301116678259, 0.5543516976517071, 0.27207957369550356, 0.23999057961770126, 0.3570135492184135, 2.7499569149257796, 0.8285277757375836, 0.328775167476315, 0.18920585626340433, 0.17649160414969325, 0.13857450968281793, 0.1139757254017153, 0.13361186933949074, 0.1446877560432417, 0.1239023384723848, 0.1265873005774477, 0.1697519218752494, 0.22214752067736018, 0.8010211141694186, 0.5961025974642356, 0.6122820096835633, 0.3884915402717819, 9.857930145446092, 1.390655755554352, 1.0399034458974061, 1.2200350180146131, 0.26388228210384485, 0.3829552553762539, 0.4845555608780017, 0.39312895694142574, 0.7771895474882329, 0.3917256216168655, 0.35424340787200126, 0.17487151456048008, 0.18119664880612624, 0.14172342906720725, 0.14183452515570796, 0.14743108022830795, 0.28888839638038105, 1.1961594171578684, 0.3740160054759851, 0.2741973399606984, 0.20263654449215449, 0.43726979470552085, 0.9360806071218564, 0.6773777999425287, 0.6532771614560754, 0.6458452521561799, 0.2128301949593432, 0.3153266792383761, 0.2786758913636696, 0.18754016376320154, 0.19509745997711858, 0.25184303316203366, 0.28770821066528146, 0.23826887995400736, 0.48156119964312594, 1.3025691364825311, 0.6999331933343622, 0.2959831384413288, 0.19737020562933982, 0.20209668094710806, 0.35502251453346945, 0.23954140518562583, 0.18935796377296374, 0.15967493781126105, 0.24013694282933476, 0.46184320796899747, 7.169239606506083, 1.2789119635512556, 0.4549861096873844, 0.44763883980530833, 0.31847933989928356, 0.43956212840447767, 0.24032740390807142, 0.3987259138211258, 0.1791282312907746, 0.16008569028840688, 0.14008893103884432, 0.14373872472719884, 0.3660772380337754, 0.1595064317510263, 0.1622421361719758, 0.1503921821748151, 0.16792023338011008, 0.13022226802778014, 0.14796349193117453, 0.12868176613693844, 0.12651912242876545, 0.13582314146027188, 0.1322555348227119, 0.14146866161228633, 0.166806321988608, 0.1749446429835093, 0.35365456731374806, 0.4242808375437724, 0.15459281252587218, 0.16983004841444996, 0.1814377312574486, 0.18710759039928923, 1.8664747690614218, 0.363439297375509, 0.25943298454494407, 0.17067433369891152, 0.8392175554177906, 0.500189963815642, 0.3842964217820059, 0.2299106214822464, 0.31644533742267794, 5.335716829418307, 0.8465706379021077, 0.6840796341055106, 0.3615722514017112, 0.36045488483029453, 0.17830180012521618, 0.2704925878470158, 0.17831000378081227, 0.4516076193609981, 0.156023097865736, 0.2077379569202132, 0.4135043393547987, 0.5487854496022142, 0.48239364799094964, 0.23368337935195577, 0.2753175764326471, 0.14950696338875488, 0.21182431869181975, 0.11489486875533761, 0.11545688003915176, 0.39282101934604274, 0.1098512783063567, 0.10481136485331807, 0.13841489803241716, 0.7239952414409816, 0.9471897393661232, 0.7400123583590846, 0.46502096710212776, 0.4056201019202785, 0.3716219298614654, 0.2828207512067682, 0.12089788921870528, 0.259844955813439, 0.1703643722712083, 0.12605480870264144, 0.241302204670121, 0.171888960142037, 0.2100737183812301, 0.2709463273428742, 0.3353146775199373, 0.2972809673790058, 0.3071039699725025, 0.09788189093378623, 0.09561747987826942, 0.10775329882642036, 3.6732578639965032, 3.0448056814160025, 0.42677752570209926, 0.3267339617333202, 0.2767843514988103, 0.2693848994641167, 0.12610008736947184, 