{"best_epoch": 7, "best_val_loss": 165.10895327658145, "train_loss_list": [471.1808409088092, 358.81938183326525, 252.52741094970347, 184.98333156095902, 136.07286908295265, 153.21922716237876, 95.24808293333558, 62.82780673806295, 8.992724515769519, 10.178883213175878, 69.78040559701974, 61.15570587221278, 15.295397790495125, 16.97291628780285, 5.4927765389885, 4.101349912323098, 5.019805821316006, 2.5779636049229913, 10.917876756037638, 24.680751502160383, 13.072821841027459, 16.827141352444585, 7.677462505687192, 4.323818728043192, 2.0449939081247246, 6.273958773924649, 3.569030119776448, 2.149126872119095, 13.593795621419172, 84.19689437233686, 662.9851915700339, 8.095232877990803, 4.071514739373551, 1.9214594805838436, 0.9969012223263924, 1.5001303619783943, 1.2685434298529386, 6.4983262565117075, 3.9772697462796462, 2.0775649398625444, 1.9804479838305982, 2.460996114824559, 2.2396408689427387, 3.6313578989523907, 2.7589053580616962, 16.242224757274546, 92.14798508314516, 7.769889741964803, 15.803310974205786, 8.483073372893443, 2.5892244995519476, 3.426588838575346, 3.933230524104938, 1.0836480862974769, 0.6607019682567954, 1.1061704340835774, 1.9893954298711307, 2.3156389068796517, 4.032293946453178, 2.3566133745540987, 2.124535393668635, 1.7361108404678358, 1.3274339176218177, 2.1532031448060285, 4.707849840972757, 3.6396368435406017, 1.8813732601141193, 1.1949961952801502, 1.0714078558905304, 1.6405773394620673, 1.0090646531905396, 6.848745066533639, 3.022199242386346, 1.9002705006787466, 1.145261004256214, 9.576752365942124, 23.123877595363428, 7.08601009820933, 3.247648107696442, 3.533895475915122, 9.056914776631197, 2.8712612052471664, 2.0265541694855917, 1.7785282355845853, 2.2455298963947485, 0.8796577533465553, 0.9750457096434846, 0.8915840899216946, 0.7609026183485708, 1.2203556086442944, 4.301590079817782, 2.248710823347805, 1.5334648446523333, 2.1982506442071856, 1.0092366488485895, 1.548085177142767, 1.744653028418625, 0.986858716305878, 0.9098625385563227, 2.3694427280813026, 1.9396200107280706, 0.9595161287667237, 0.7194907415932962, 0.5595241518114835, 1.1031299798482324, 170.80504044013594, 6.1102841229472835, 1.6906101903899118, 0.8648880174294741, 0.5808173902507451, 0.7128485585365805, 0.3936123540415895, 0.6222990158542198, 0.6685910001177352, 0.7238168495414125, 0.5171056719323046, 0.5880630844915677, 0.6606608426861467, 0.4983398885779491, 0.8194688924146243, 0.9064897125435624, 0.7969963750156662, 0.6856408693723437, 2.4406077435142115, 1.4535570623637393, 0.7022330747907751, 0.9692959601254756, 0.9578676584399537, 1.1651977310096824, 0.7482676204692464, 0.6336839953165324, 0.6195364760947216, 4.032100800086467, 4.027007064951112, 1.8708530301097164, 0.8209009787964536, 0.46474909984006807, 0.3529279080084662, 0.3508569598702277, 0.31396768203022835, 0.309131113195957, 0.42651999777119604, 8.492403061918138, 2.137643625353679, 3.0249151487335473, 0.5227940572014211, 0.6315819763793484, 1.1559086244385022, 1.5554819250538046, 3.490697713017445, 1.2211576619104392, 0.7724583167649263, 1.3347532970562723, 1.128312871631416, 0.659610716438945, 0.38871983174668984, 0.3394709374369847, 0.31909380774239987, 0.24329881785893512, 0.29990225839718515, 0.2717329030085232, 0.4047743474608011, 0.32239397263463526, 1.3705894958860032, 1.3959214645320632, 5.471710310779434, 1.8232946831309043, 1.4556013608012135, 0.7834394917472737, 1.6093113232785141, 0.6031811354582659, 1.1235153876408122, 1.0503363139125765, 0.6714749708510281, 0.38045039405976, 0.5223566032468375, 1.3251390495015827, 0.38379617087257295, 0.3017642335109951, 0.30200735403595275, 0.2782502017099745, 0.30390641356725406, 9.033151885724145, 1.092349744189176, 12.060930988738079, 1.100316614432654, 1.4783904932845344, 0.9881032957689786, 0.435418500717133, 0.5411782495363994, 0.404656896070097, 0.3075359550446267, 0.2996513845835982, 0.8962583371440255, 0.6869036301001131, 0.3921224185094258, 0.8841683329063216, 0.5252815228610874, 0.30805905762700686, 0.9828457059622958, 6.265090638766505, 0.9906384160667264, 0.7272678583254264, 0.3111505373232003, 1.5206863204156957, 2.042453652855366, 1.0614440039973176, 0.9986257078601205, 0.3018229803566958, 0.24060264484813135, 0.8459330970482452, 0.37203400823950045, 0.3168220783247931, 0.3918209883730996, 0.2313114950010873, 0.505966089649811, 0.2928227828565434, 3.2299038196906524, 0.9034314257695871, 0.7857366207118934, 0.48499241719064906, 0.3709896744288905, 0.537956482950963, 0.726931736556626, 0.2860373724507047, 1.007205103661884, 0.7449446894861197, 0.5259785616750433, 0.2562067356585827, 1.7627437648219253, 1.4061720711624857, 0.7709525030072182, 0.8622831132295913, 0.7809440845779484, 0.7858825879657033, 0.47231988334226377, 0.592108949925418, 0.3487896888300677, 0.6677261307828638, 0.3208292133887535, 0.2308826979310445, 0.2571121855597423, 1.7725306543138268, 1.0726681094587154, 0.6827777136896286, 0.8474697000333341, 0.5012149293780179, 0.5387251699813829, 0.7600797635863294, 0.742881257310822, 0.3807895512110586, 0.6635759972460988, 0.5434286771210579, 0.22303268195605208, 0.2831039776202269, 1.235752114618885, 1.388772372551872, 0.90833760684848, 1.1123214232331198, 0.6274652423260467, 0.39974966751395075, 0.26376300295550265, 0.20205061666012744, 0.17777376022977018, 0.13890936580009294, 0.17726353620302046, 0.210678916041978, 0.7632612566717699, 1.1284019516364256, 1.473589781767425, 0.8471298459137084, 0.8624378307705303, 0.2700730824316442, 0.24308944422138012, 0.2690082713963915, 0.22035281019390296, 0.3664186470247568, 0.1820610218048512, 0.7931550307946904, 0.2767070945369089, 0.644060211601492, 0.37871430597053035, 0.5131500994228203, 0.7238634219896607, 3.9653705841505533, 2.3416928983515715, 0.7053705923963715, 0.6161466645282482, 0.4657215398020708, 0.4465405977021818, 0.7266500697830803, 0.5072690110579607, 0.1922504383248769, 0.20621244449586607, 0.18734288531821294, 0.1770626395893354, 0.2528857332978619, 0.22740869506409295, 0.22123001674038342, 0.3393203346047448, 0.3222783691374861, 4.592911129316324, 0.9568915124006883, 0.7916567107683669, 0.9827089816769112, 0.2812496875595961, 0.35859610053336577, 0.8284633362201629],