{"best_epoch": 147, "best_val_loss": 46.68154203831783, "train_loss_list": [389.97560184264364, 353.8924491795559, 287.28465332566645, 148.98246264656848, 141.68514346010363, 44.75833128236351, 15.285531122035593, 19.987847484229718, 57.914369547002494, 11.255774844223955, 15.416571143665145, 3.769024994802334, 5.364580630530594, 2.197376180529835, 4.539442268637207, 2.930629266232849, 27.872570887124237, 13.891028003799232, 65.61476793219595, 18.457865532509494, 6.3810281053349724, 4.95139689383124, 3.5747854137019033, 1.483274779260908, 1.0719830419887317, 1.7089826584264851, 0.8667145395330753, 0.7235812505484183, 7.806723393632876, 21.372736179549175, 3.8154099529009025, 5.02329995881658, 4.174609223538869, 3.300940095622279, 1.4370288457102036, 1.009469521100283, 2.3694995482059356, 10.85512412693204, 4.743295883888081, 2.7511108245395794, 34.369683372098976, 4.409862993805883, 8.713535473313765, 2.560971455341484, 2.1986174408836296, 1.2543172043166793, 1.6924702136029073, 2.510879422248363, 5.669736878388122, 3.897306455643794, 2.557019023117192, 2.1272037764746585, 1.6742351456174123, 1.604733400444051, 1.8105508502161554, 16.58618215633427, 4.413629022233699, 5.107492272259008, 1.9319503050610398, 1.4122025494915305, 1.0656351854704567, 10.303603147516487, 4.002236701727394, 2.3506793943126643, 4.882204492328386, 1.230931253420087, 0.9843329684554077, 0.786929163900319, 0.8629692292300427, 4.596651946608092, 3.0029098114969566, 2.8145570577070074, 3.4386052814454993, 1.6654814223272612, 1.320246418009928, 5.701874418957154, 3.09417355966816, 2.0367684145472356, 97.67784322510224, 1.7215117636401172, 1.3781223731304877, 0.6504324517668709, 0.4870053235373777, 0.9575834271330731, 1.4333316066050044, 1.2749319257040865, 0.7907704688241959, 0.7708324563371859, 0.5797116544079732, 0.8553700970913513, 1.3405825714603417, 0.8680964835236817, 0.8510723949367077, 5.4234774335596505, 0.765222042252088, 0.796599415347658, 0.7449665561357727, 0.5066821716981467, 1.4586060824175462, 1.1998873129220986, 39.55956113560565, 5.1811917482002094, 2.076402706188679, 0.8348314707748565, 0.7610545118668308, 0.6795640060063605, 3.4659847025748385, 1.9445017180333983, 0.8728507704069258, 1.9361298323306881, 1.4061156491706912, 0.5638017449518147, 1.1682924530295515, 0.9205414111635326, 0.71622214262978, 10.540718362485377, 68.87370442152579, 1.5697976615493332, 0.8202998489469979, 0.5305714993461321, 0.6193943660681411, 0.5092906830557347, 0.6795200391245858, 0.6256771662381102, 0.5152177112755096, 0.5555406864108441, 0.5265292766129928, 1.2380952428196403, 0.49052835132251743, 0.9236230103912385, 1.237151445639724, 0.5985003289127364, 0.48650731737176706, 0.3589178464752679, 0.35189647344877273, 0.31250525050245814, 1.2504167934656698, 2.0480386401107453, 0.9894326796805224, 2.1060570274084514, 1.2655730402167957, 2.1219155067123068, 1.4507533601737508, 1.3015178749266942, 0.8226315290452975, 0.5815423678096047, 0.5441741406579803, 1.080326195571793, 0.3965687002917843, 0.39324851797023486, 0.6257100506851233, 0.5414396496760032, 0.9424987863696633, 0.5068786727562674, 0.7573600907111794, 0.3692579412530657, 0.7008794779937435, 1.5462153823081242, 1.5940587595510032, 0.8313225757740721, 0.39409271944681507, 0.28587864399317203, 17.276088333332545, 4.660044339986308, 0.7841612619252295, 0.4087772071805731, 0.5306545475519531, 0.5746583509052592, 0.28331421019312497, 0.19729892509594557, 0.8580003486066812, 0.7955197754351457, 1.812436430389893, 0.43821542579978545, 1.1120011263832212, 5.2019527827392285, 2.1100794567184185, 0.7664911362681028, 0.6243026461388046, 0.5265302005394694, 0.33580703791615535, 0.19545783925049054, 0.2979373802212737, 0.4464086415376552, 0.16939000332138957, 0.20338984813458466, 0.5386438363951068, 0.554962343936695, 0.39344353123798337, 0.4034256896956369, 0.40832532755828127, 6.486240280432428, 2.3287709628211437, 0.5119199741358177, 0.4007743390877088, 0.6960006037191138, 0.7144788146638996, 0.6721031390159439, 0.402905130433779, 0.7076419305878199, 0.4657034616397416, 0.573474495538346, 0.3382563105550839, 0.4861000501896456, 0.447597386617317, 0.45799222696578906, 0.2629691994850948, 0.8732904869102391, 1.3984228712822817, 0.6661376965987981, 0.570824603262136, 0.354929131781198, 0.29870156869500475, 0.2668321602503403, 0.21966935065724597, 0.3097194452888476, 0.20815249162951235, 4.791545578593091, 0.6068403820520676, 0.9558598623885036, 0.4299854027009902, 0.7317964190173882, 0.40372548902780625, 0.3898059214996988, 0.6590436787271496, 1.219379687764559, 1.4236068277778398, 0.898688008642367, 1.1902016269593407, 0.5390566372719634, 0.33124877149839244, 0.3126621400952765, 0.2346566985916081, 4.036657949942015, 1.4728687097739959, 0.8545957029893002, 0.38746679044069665, 0.38925686918223357, 0.4527661293320516, 0.38421539580196423, 0.20314668409371345, 0.20923883402406326, 0.17084961794577036, 0.43063060112240853, 0.26313188240924545, 0.17971812849888943, 0.18109242099053444, 0.26735149781790657, 0.2507242006889838, 0.6159224743526409, 0.3848954788860448, 0.5618057131371667, 0.2956279810597263, 0.20674419672227096, 0.22353677504786032, 0.8999898417278063, 0.3211344027908817, 0.1732704803349901, 0.1783989462695531, 0.4492496478409061, 0.323635155291286, 0.18987655279369314, 0.1779234216034764, 0.18164309048746113, 0.5178739644127813, 0.6500363006088937, 0.5589169439720156, 0.31949638899261307, 0.1929995854043235, 0.17380309283179288, 0.16034628945007917, 0.1482229476932542, 3.4727606766671983, 14.850486542833941, 3.0410076628484966, 0.7190301972157539, 0.38273037235395563, 0.9624631788827418, 0.5248856040999176, 0.22279992125554773, 0.2011775199846162, 0.18085145853243526, 0.2765634347695526, 0.26678018413890114, 0.5699363968107358, 0.3050681171256588, 0.17691396229203915, 0.13475978002704053, 0.17488828040873425, 0.28402972459276027, 0.13045080482492424, 0.23063023167760213, 0.17613204706623917, 0.1586856065676868, 0.3763584226471651, 0.24809781039280285, 0.19045336173731353, 0.6486768615688158, 0.6446595967658058, 0.7816697705099254, 0.43532723296544157, 0.3878041121619974, 0.24215642764754888, 0.31087877386126844, 0.5238089791793036, 0.21003985243255613, 2.853940439453741, 0.7139358435043025, 0.8999019687247192, 0.22240482402759815, 0.2483620940608867, 0.41869723371232526, 14.77691122476145, 3.4528865957015826, 1.334213587595215, 0.4326371923244031, 1.240539847045762, 0.38831804430349665, 0.9785093262442297, 0.27663122914925836, 0.45932616306675034, 0.13759650265917406, 0.3867891322216981, 0.4267716592854732, 0.21556113739479885, 0.3443470164001025, 0.23622510912181094, 1.7362541604586417, 0.1725701388135897, 0.21799075072493876, 0.23654658354586316, 0.15353806643979442, 0.23268591906592548, 0.13034653433732615, 0.12178059252564016, 0.12168222287728482, 0.13420415538262087, 0.2564961003338286, 0.23309321668351257, 0.17318442155764796, 0.16426716946843914, 0.15187663362858744, 0.4904914901463294, 0.5570589662967789, 0.27437983286563994, 0.1774425820182466, 0.4424996106729358, 0.16536503775883046, 0.28562029512971293, 0.16444818941615158, 1.4798786508215267, 0.5950132002761656, 0.7183479017302905, 0.30706274525381416, 0.31174659613780753, 0.21346785957894512, 0.17790050848287847, 0.5067706501968824, 0.33612623266520625, 0.40468321102984367, 0.19154825382602084, 1.9215239003437163, 1.7086198728627031, 0.6679356414338313, 0.43264856329871676, 0.1964494858747396, 0.13318828797007481, 0.22347578796121556, 0.10093014374539601, 0.1135982904125724, 0.11649690840420489, 0.11778733054847751, 0.1025754304966827, 0.11555247494424284, 0.700362355878238, 0.19892115256529458, 0.1504725603340779, 0.13488439028295204, 0.3301914068755295, 0.24288693929570854, 0.20720030877197257, 0.1745814165584263, 0.2483337904960079, 0.2980809134405012, 0.26815486739840294, 0.19581216001405125, 0.17001476077684757, 0.1530741272293213, 0.41555614692072673, 0.27009611064289096, 0.5639330771841204, 0.2829616348717366, 0.18754766738284284, 0.1517795261413789, 