{"best_epoch": 160, "best_val_loss": 134.34613172526332, "train_loss_list": [377.0623944657676, 296.306446575079, 272.90284740565033, 202.557250556761, 113.93402527311754, 120.49262687893717, 43.67576085148561, 9.266994275212836, 26.83863740150358, 5.887296247180242, 14.854650846891056, 5.548931250126817, 4.307944492743839, 5.242054836629503, 4.327421953945837, 3.0836862108230947, 48.578414912594575, 13.12999742896701, 4.083747237050863, 3.371601844623124, 2.776125861456521, 2.073495457415521, 1.9482720524772268, 1.5538306820764258, 1.3508571536588958, 5.684123454930812, 2.9512674127798055, 2.0599310527957164, 1.6399680876188465, 1.2084930663396964, 0.9913067371930236, 1.0718921037741795, 4.465736072909801, 3.155742770321635, 2.4495492625304625, 1.622818444459546, 3.09107559629885, 2.216274982208851, 9.917875726361288, 8.486043376058484, 2.8254904006300707, 12.358028785795355, 7.823990056491345, 2.3629516944975872, 27.365162871236638, 4.180726942638776, 2.6030553168775783, 1.2192828670808535, 1.1466840323291645, 1.2864050429262088, 0.8152679279881551, 0.7149805480124062, 2.8421829023978353, 2.331734135828393, 1.6127743350126524, 1.3986954335107105, 1.0680074151658578, 1.1750236514554588, 1.3360192396710073, 2.957325553141859, 1.430374715834904, 2.8966254854836, 3.721979402056571, 0.8905911420372137, 1.44299479544259, 1.2939541092823343, 1.637390687474996, 5.846563979318876, 2.121091965318037, 1.2922750851365, 3.206758124053056, 1.5962751118118994, 12.431297092041811, 6.919606126194311, 1.2200495301807257, 0.8852825251923497, 0.3602894626464359, 3.5842139381323523, 1.1778656852317884, 0.8862915652340324, 0.6410043708320257, 0.4075105489036035, 0.32787709989772496, 0.33814213357550243, 0.33193192714479397, 0.30412709669024585, 0.38580425225226955, 5.885430183729434, 2.5230693114187357, 1.0437960789716254, 1.3915560976801682, 0.6252662215028811, 0.36894180030954016, 1.8729426518338035, 0.6657087316318057, 0.3795875194872918, 1.8070565464870187, 0.8281088214737334, 0.4706734741628799, 1.9947850636674254, 2.7921754562429815, 1.4928525237378356, 2.1370756898425616, 1.333954423586414, 1.7584774578014466, 1.0589289632462193, 29.242689952541177, 6.920581845511799, 1.0322104479130596, 1.1297059152795874, 0.8464686985105302, 0.43650698633393714, 1.0820476353342467, 0.3109302565764528, 0.419127883191783, 0.3272264838725821, 1.0370874173523714, 0.799679015037688, 0.6373849230632325, 1.6856901016085877, 17.945660662568145, 1.7806274245157996, 0.9293609303378892, 1.4310838508050332, 0.9048557260487039, 0.7365531406870037, 0.3137619614290193, 0.7230871859514525, 1.2028712018012053, 0.5544061047636846, 0.7920803033799181, 0.3696290738533601, 0.48799432828465306, 0.433202822572503, 0.255627624325916, 0.2141511970414921, 1.382793479514498, 1.5250884370394573, 1.0965777008951918, 1.0425111572185877, 0.6648206237035869, 0.7004218414683118, 0.4133543164008094, 0.39412003646878524, 0.6504934120253737, 0.28855725639044993, 0.28497835101011215, 1.5483702556087267, 1.5180504291401993, 3.2058508705943285, 0.6887395808880646, 0.43101536105462684, 0.530329952875034, 2.511906869808512, 0.922948697049075, 1.0226722920019424, 0.5804059279992586, 0.4388639421721983, 0.25752956310983266, 0.28607737218470414, 0.35481059412980814, 0.2326895249427964, 0.711917372937973, 0.9575202022631144, 0.5926175164115487, 0.29845452095159697, 0.5493265850035215, 0.8931168339977189, 0.3977476654215905, 0.3235563392439861, 0.29321790127047337, 1.9134178624369613, 1.0133393105235606, 0.35727370830481575, 0.38293017628562775, 0.31290812141672303, 0.26194852022906445, 0.3604237142514885, 0.6038384104492042, 0.5816885809445438, 0.7131841225611351, 0.4307420591884719, 0.19930017698723224, 0.31107841149377846, 0.21497618799760554, 0.18674930477513244, 0.20835559731325057, 0.20166044183368786, 0.2512695553650428, 0.38518449370756813, 0.3451500218053913, 0.2184065971933023, 0.1984728001120105, 0.16771120599150258, 0.22244111886714174, 0.22912869892006646, 0.9076269551132529, 0.6271440383903344, 0.9672912076900367, 1.507446054367823, 0.8583459427950175, 0.6176437066985707, 0.3600598769638386, 0.18957545563491615, 0.17270958954899848, 0.1323025120150864, 0.1418459902112278, 0.12063397558475633, 2.424407254604209, 0.7860927386115669, 0.4544827495450012, 0.40736241975514403, 0.22233570811416573, 0.4079512860521872, 0.18405539473862756, 0.23613782664116623, 36.61530577370564, 0.714665636545182, 0.5645673302242977, 0.31574692096181306, 0.6186599921295841, 0.423013943477349, 0.23082370018171697, 0.3450465041479144, 0.18488939616650088, 0.4216283430128923, 0.45422043133290596, 0.3134205619410215, 0.34541193957122096, 0.38975056201412045, 0.43876361169329103, 7.5745260204058855, 0.9374358475545136, 0.6669064546213315, 0.29862029084232694, 0.3556926915374191, 0.18788601714414835, 0.19372279200656173, 0.16982003780033977, 0.2403563208546739, 0.427870501330211, 0.5977448560977675, 0.4767157191966146, 0.19165135265172173, 0.27141847679306597, 0.6227096625735724, 0.38233240449218303, 0.691773831361259, 0.18869569376314624, 0.3452502554517372, 0.15219109556174415, 0.20275287918071838, 0.8858078299301957, 0.32302955516286996, 0.22177628196318755, 0.3189132183978993, 0.2487953831513999, 2.1641691656156943, 0.7620077569941351, 0.6368217195076848, 1.289988852890215, 0.4058205004901327, 0.2460805457948328, 0.3456657089106993, 0.13563856070785105, 0.27767704727218145, 0.1714651076827134, 0.1457797784329112, 0.1908211921351087, 0.31009579503936746, 0.12735016154082068, 0.23661912213203523, 0.1150238834614858, 0.11238277385548293, 0.11914197495108865, 0.10317032646428072, 14.905306043402481, 0.6351236524746339, 0.33498120062130016, 0.25391413251808187, 0.44693062800292627, 0.8797082615868895, 0.20754805104831311, 0.13444156365251855, 0.1527537759270835, 0.2285088339380697, 0.11271689762942629, 0.1569352321476651, 0.09963259446605764, 1.5339640892062065, 0.23639461479376833, 0.3082026350734738, 0.3281727862906314, 0.3809485934469296, 0.1828479171993051, 0.13522845790287105, 0.0983455184442938, 0.11363055765764851, 0.113846911924172, 0.2867659418801464, 0.13252449606977557, 0.6000156489563772, 0.28615278352194023, 0.20559674453852325, 0.17222133039809978, 1.1647134172049847, 0.21750781845859882, 0.13919206749897256, 0.11721682807039865, 0.11950101727512649, 0.11928116387606996, 0.39392359974724567, 0.20968386824050167, 0.18158118304458853, 0.10748839440915528, 0.11331687953890873, 0.23424955865329147, 0.1689380337607378, 0.11888726949395637, 0.15025218214375596, 0.31823939733913326, 0.19060684672062064, 0.11014530806854383, 0.12372325082361484, 0.63881845508891, 0.41016150569008114, 0.2363709248232221, 0.23197401095370954, 0.22350379962156225, 0.1282261509780054, 0.12427936987600893, 0.15281653162839248, 0.11638059503215023, 0.26238142058703046, 39.22343157646814, 0.33943698862980515, 0.1909401664595277, 0.29881235430256103, 0.39562340157918346, 0.61816594400527, 0.17200417213563912, 0.1557715594247511, 0.3997665849806855, 0.10134964454153313, 0.07282691165492995, 0.07515538508381818, 0.0826314106024177, 0.08410465162246956, 0.0970286647166255, 0.08858356122984795, 0.6321059270960757, 0.1274594622874109, 0.13390564196410498, 0.08135929523625147, 0.19408487012685494, 0.10306549778363376, 0.15627364900692836, 0.1280076755181838, 0.11993181691824864, 0.1112523673766482, 0.09117634710766132, 0.09145582944789579, 0.08960175911597829, 0.21066628465455092, 0.1546346297705785, 36.946314017343795, 0.328554697513373, 0.3225655153503871, 0.13121307029054188, 0.1384757026706556, 0.14148378912639417, 0.6942652050730101, 0.2211075934715992, 0.2092986824619072, 0.1645516480722108, 0.12509071017663967, 0.0918573172638752, 0.3548526144942213, 1.320181840905322, 0.1751308416966925, 0.09919862799997019, 0.4103085402792144, 0.14462742502793602, 0.08681116238515905, 0.08791413452092675, 0.29708521417211986, 0.12625481678401293, 0.07683462798773573, 0.18847816524958444, 0.11587621999177825, 0.17906203123260442, 0.1419910791823637, 0.11367030123878215, 