{"best_epoch": 79, "best_val_loss": 52.135580133232345, "train_loss_list": [386.49170550157004, 365.55665678697386, 248.5347667473774, 312.0538414553444, 52.470530839625994, 65.65177042907374, 175.70734762438445, 64.97934783926071, 8.864630967870001, 4.804906698754626, 9.41427864213294, 6.166818799507616, 3.0375099399633574, 2.2241156936136024, 2.232881802939569, 80.60100376975775, 87.79259347954886, 8.44631473478407, 3.439228174101953, 2.178976235825015, 8.05753086069285, 4.422175455955851, 1.7716920043843407, 2.403303533445473, 41.650854957816286, 70.66247995688556, 46.02470461281722, 42.46263961014661, 4.968134143376199, 6.7944917498047985, 1.909066262998079, 7.066821652031744, 2.9603111222902267, 1.5155915070720163, 0.9756722881425298, 1.055458399915784, 38.623208367282274, 11.040175269172348, 3.4761603540486568, 4.278815423577973, 7.4794011186394815, 1.1651965451858703, 2.1796363089806805, 1.310428130888565, 1.1831671848474425, 2.8517151038851396, 2.9174445816049515, 1.1071291907559897, 1.2248142315463757, 1.1835778121302503, 80.25691163960015, 26.715632578527458, 2.6283113210953792, 1.9412484327952066, 1.7098429185025275, 0.9925688938636659, 1.45019937264005, 0.7692788096572502, 1.7661147850452974, 1.4175494639913482, 1.1085144434951881, 1.0928153132424372, 1.0519447899775334, 0.636908866843578, 0.7758630297163076, 1.0052050422435777, 0.7024874581343601, 1.5421883617299181, 1.512393535358753, 0.7810089357603301, 0.5556591993386637, 0.5900188152979498, 0.6340787141909049, 2.112932995807549, 1.009687119322596, 1.6147142639109815, 2.2081780531080293, 2.135865077225989, 0.8809006600933514, 1.4950303303290369, 0.8732877029522738, 0.4881033100302296, 11.80149400569215, 3.1305772721462044, 3.5321301158994753, 2.2176811467840554, 1.3172264273742993, 0.533331184842686, 0.5635939143566847, 0.4055889544802929, 0.6419490477727532, 0.369818945895106, 0.2587077144859019, 0.318130181408219, 0.2843157367072589, 21.239562009817472, 3.585406003209712, 1.5726890219977288, 6.1627353306013575, 1.4334077385568116, 0.8892759263570996, 0.8370513791735175, 0.6371105894568988, 0.6557355564742924, 0.48122014136644575, 0.4238658412326254, 0.3313638616510012, 0.3037492109310218, 1.9168942766980972, 1.5564874494007297, 1.651392360048956, 1.0041531398455155, 0.6429137859946359, 0.9539964169819076, 80.9441282654536, 1.9294568731115391, 0.7624092170381894, 1.0084946476891254, 0.358863525678145, 1.4661159689979624, 0.7845661800963745, 0.9383054528134966, 1.0088026362219835, 0.5758534364486736, 0.586840989129747, 0.38168908505544513, 0.25556986398845705, 0.2766230430504334, 0.2812089393684313, 0.27238367387243834, 0.3179443161789443, 0.28018848575932737, 0.30077465976169254, 0.353355932811313, 0.37153496433999705, 0.3366320013222608, 0.957567477161017, 0.9057539474726316, 0.9180402428212512, 0.5757672694858011, 1.259537193760741, 1.0203813217831332, 0.5693273814781133, 0.42310902696693375, 0.49326304331794324, 1.4343267258942043, 1.2406692550254894, 0.6586056143855146, 0.3951911669126756, 2.2240591844071, 1.5514059488678216, 0.6674680964046986, 0.4436562036141404, 1.5583239446652821, 1.1722832463548671, 0.7917199771090743, 47.91860749283631, 2.919378357662064, 0.7398949931259574, 0.8476130511769595, 0.36154041328698633, 0.3460136136659238, 0.5893104508956422, 0.8733240507958357, 0.26713163970841364, 1.497730992571794, 0.5686936568231098, 0.39880942953653614, 0.3549740987923126, 0.785108722819247, 0.4283554432625921, 0.25369741490466163, 0.271546842713887, 0.7048543062346209, 0.5188435644637797, 0.31310941977283263, 0.25374228553943357, 0.6796341055410469, 0.7813886963993547, 0.23881901521764914, 0.2598475840486941, 0.23759465419488227, 0.3346544557091261, 0.6509281209547537, 1.0604647839574632, 0.8878652958461095, 0.46486385460920426, 0.2940776281205695, 0.33290483558831274, 0.3518462659525929, 0.21246340950765033, 0.17000133417647387, 0.14990647155892736, 1.2286380567650232, 0.7003094692728827, 1.3962635277910571, 0.6564296783145736, 0.2821110815867062, 0.25256104099604304, 0.3980129246473164, 1.6122594022742527, 0.8321737899383834, 0.6537279461029708, 1.1934948722012497, 0.23475775854721923, 0.24192623452631476, 0.1453575003449729, 0.40668196728595607, 0.17806777738577237, 0.6706555499894346, 0.7045507102978006, 2.358328736073629, 0.492373037846761, 0.3879216384226501, 10.071204546195734, 1.3788284231404713, 0.726568077040087, 0.3135703297794337, 1.8651612062277287, 0.4629651926354932, 0.4621521065336376, 0.506710921935743, 0.270811009881308, 0.7771024972760258, 0.7114924375018132, 0.4626976519369631, 0.6198155612410494, 1.1875750865394554, 0.3766636569521994, 0.6170815757219141, 0.2527342771593365, 0.1519886408428601, 0.14369677410901582, 0.20842356477010845, 0.3426268803888949, 0.18615315317681924, 0.1832004556504952, 0.22076202479555931, 4.090360703188484, 2.212203446046811, 0.69177523158043, 0.6839715989951742, 0.4778105497885391, 0.20723039694763737, 0.21786046782749963, 0.3488798898632455, 0.38212400873108804, 0.20455726459020876, 0.14931227829844626, 0.19897107328375735, 0.17371419671205163, 1.0923157679754243, 1.1461467319401668, 0.2538553539298601, 0.2586055314227617, 0.29604781703111677, 0.32775708829101763, 0.26890356204455274, 0.2001123303323961, 0.16411855590397148, 0.435791835224262, 0.3942097037115641, 4.52837953946477, 0.5644134747863575, 0.3730238299884516, 0.319071485704377, 0.24450093770116, 0.7755416637093657, 0.278263384447212, 0.22127519185323558, 0.18217552539063545, 0.13587958425239477, 0.20333161203179406, 0.1590183066060465, 0.14564336824331053, 0.1716612723865803, 0.14864512187869924, 0.23468827114834806, 0.4385342224116023, 0.5769607155196435, 0.22142417684267987, 0.26073353066057214, 0.16363639202274866, 0.21666181480462574, 0.1463322776020559, 0.14334557968669104, 0.13121491156112441, 0.1329162951985088, 0.14689776166970456, 0.1387945586025132, 0.16078512369244574, 0.8610173608747408, 0.3656294426762934, 1.0335851849941544, 0.1683881245901673, 0.1585374135200725, 0.15761173593273373, 0.2386449396995166, 2.3732914595791983, 0.6005658916426897, 0.4232830134478809, 0.588337612699933, 0.22163622192645172, 0.20088461070137723, 0.13222161018490755, 0.11610368673539721, 0.1417875913349905, 0.12363126395633735, 0.17271933199650122, 0.1923906771156418, 0.20595369524692753, 0.18001974947059993, 0.14482613580347384, 0.20496802447871834, 0.15118680791390032, 5.999991074098487, 0.356636329473888, 0.24924244244213228, 0.28047802709846964, 0.14364561031115172, 0.1833535140198944, 0.2314629530410666, 0.19139444604550732, 0.5286080654155874, 0.4291387967152836, 0.30669936635157713, 0.16038843803553085, 0.1853374034765529, 0.11090809306526865, 0.10571506564832034, 0.09896779760748421, 19.65920377113752, 0.5120308411857519, 0.29348894630695715, 0.24577068354500098, 0.19999754428273586, 0.20518829168934313, 0.09725956302491881, 0.09371811375675494, 0.08467150422229847, 0.09548594269428985, 1.100303440395048, 0.25866020907551174, 0.2552567068010249, 0.1997854402459125, 0.1830075608990639, 0.13117959346021302, 0.10908166916728335, 0.08846636101351338, 0.16215307474809576, 0.10838995925917877, 0.0987385858946327, 0.10834039438216883, 0.11885019163682796, 0.11296853577775108, 0.10037274380182558, 0.11016081924032738, 0.19968156638767637, 0.12761164560828442, 0.17426753610192092, 0.1614688689917201, 0.13347368804106632, 0.13439050316371046, 0.8011444802927667, 0.4810626630456602, 0.30096293450156053, 0.3237940078019689, 0.14171904883810293, 0.4815016164882937, 0.10014954245279264, 0.10104482862748468, 0.06844666979546467, 0.10612541219230265, 0.07964792292443071, 0.0733622183459349, 0.09042988400643165, 0.09277483738717077, 0.08556680427486807, 0.08529350310274855, 0.10362844587753527],