{"best_epoch": 93, "best_val_loss": 98.3216223035526, "train_loss_list": [345.2003804528894, 314.46679792938164, 257.4546560003437, 217.32321366651666, 64.56788038422526, 36.84133791233019, 60.162676008722975, 18.770663911065547, 13.787423291621371, 7.142620690666016, 3.9292567849064812, 2.7352556560076584, 2.2137105963942356, 1.3078124548363281, 9.729917966538688, 16.609756809720025, 8.0841615390728, 2.7280892578586093, 1.620991751904995, 2.563997846393132, 1.2567499663471096, 15.601884325563722, 4.884524357927348, 2.4930033663460107, 2.5880729250668524, 1.4218219221479274, 9.838489656273023, 17.349693280115265, 4.076175813232532, 3.127327401523891, 1.7408747817804402, 1.4890941355221223, 1.597698839638893, 7.024149595389797, 2.695699266271607, 16.769525526502274, 55.527292508442535, 2.996117259784585, 2.127434351636464, 79.71972013032108, 70.83213512766119, 3.2208028464846943, 1.4592355924172828, 2.7270559150795872, 0.9276211807940749, 3.7416200910595903, 1.6198220109770196, 1.0313417219373222, 0.7347402247032722, 0.8319122349611279, 0.6229654917640729, 0.5675448422485297, 0.6567285221771436, 0.7055826723248045, 9.367933105422669, 2.0642850971014184, 0.9221626813023437, 1.9039618555266253, 2.7808619919745508, 0.9914942401958294, 3.4891064463378685, 1.9238164330055243, 1.3876545147303514, 0.7774711399355692, 2.9883300910592583, 2.3426105086904, 1.0752549510458578, 1.0451439753358474, 1.0992620489239853, 5.14009720010919, 2.8937817237696923, 1.6535963092625061, 0.7001791221419652, 0.43142241370492634, 6.429756006271958, 1.4353755899424707, 0.7276056793779009, 0.47825330683915496, 0.38080544483750767, 0.8136070057689994, 0.35274848935435776, 0.5913834485879504, 7.699179032868846, 3.274332487711228, 1.4489714141245897, 1.010138991581853, 3.0105504682054733, 0.7619493616048378, 0.589891058793634, 0.6621832606420522, 0.6369670155451282, 0.7531110531130346, 1.6272100279918902, 1.2005513116117574, 0.6381708284868298, 1.4870927484060634, 1.8818685134615607, 44.358236022258524, 1.975722000562789, 1.1066618670676096, 7.33706052807382, 1.1238937687889186, 3.196576524370407, 1.081339360525764, 0.7915776577292235, 0.5534411988773613, 0.34563879735217873, 0.4875021659018905, 0.3174501795173606, 0.31813595930728633, 0.2465090444583994, 1.4765607529235032, 2.9265907488044425, 1.7802638608315504, 0.728642243230406, 5.577796166170599, 8.42342527743566, 1.0472474143693244, 0.6567279555021911, 0.6044478073418863, 0.4251492196437014, 0.3845196920277146, 0.49955439031392646, 0.931290087770593, 1.0421859402700286, 0.5168562584103726, 0.43891823709658795, 0.52519516681461, 0.6594331949422534, 0.27058130914568634, 0.8108480124131212, 0.3798800205303847, 0.7582002641789273, 1.242235041989909, 1.8191208694882839, 1.0381969211125022, 0.43934831588160517, 0.2581183679202322, 0.2590277673324073, 0.24332857699558058, 0.36824321266461246, 1.8623018074203255, 1.2217976225473555, 0.896724781982261, 0.6230333468662057, 0.915914748458793, 3.3997991889666506, 1.1547456126064586, 0.8339222928082992, 0.4486162868004765, 0.3592372836534136, 2.4659310320744603, 1.1580426766026215, 0.49624140012724, 0.38479132958679035, 0.31346408474314913, 0.9122915068214628, 0.5360500951918601, 0.30007712037969125, 0.3065516309087581, 0.8824417018094826, 0.947394506885655, 0.5842321767294264, 0.4291853216022166, 0.24776051936173085, 0.24924603421459593, 0.39733986386633596, 0.3769339718383086, 1.099329217252557, 0.7388801583943257, 5.166979632296062, 1.0792970262035189, 0.5290941039495061, 0.3318650533374958, 1.1801173530061255, 0.49864901705290504, 0.23488374350478056, 0.15095779169252194, 0.14172379143270145, 0.19155657849477403, 0.1732284773222848, 0.22437416920354034, 0.20603869010089995, 0.2058100465872694, 1.1758399337553742, 0.7075332799743169, 2.4128927632157855, 3.406938829187816, 1.0418861812220641, 0.5274428627930264, 0.6802842963965136, 0.3181781539516146, 0.5234602438609159, 0.6930028450220183, 0.37248073638819296, 1.2709332195754877, 0.20970916763631162, 0.17935627408385058, 0.2919059344098216, 0.27114518727885717, 3.6820795984691697, 2.2688706249988657, 0.7319753567613796, 2.294451365945342, 0.3824371621414744, 0.3808266171840012, 0.7204096740483057, 1.3510851857670936, 0.39779997830391167, 0.2669936384528225, 0.21641803921726743, 1.2264265312536902, 0.23939390266063787, 0.17672323622150676, 0.221854363787091, 0.22796849496623886, 0.3389580852455686, 0.9702909510980868, 0.9281643203307665, 0.4192340389691554, 0.3581335470777519, 0.28694803290475956, 0.23498732909907669, 0.27424336398674465, 0.2981025129469974, 0.16752746212354974, 0.17247296267048595, 0.17239371628949468, 0.1588572284982366, 64.00745989410227, 2.4152457302876926, 5.722136037629385, 2.216878357100436, 0.6156196129660517, 0.5381602965846021, 0.6077188066715852, 0.38714971947335947, 0.7176781186242052, 0.3095746034016464, 0.3266357333006567, 0.1462940844763027, 0.14037924745236344, 0.35938089107400656, 0.4691194507364731, 0.47587066242420895, 0.5537466707102845, 0.23593775359074093, 0.4766004341172888, 0.23710523393255772, 0.2806370113334716, 0.22144093585958474, 0.19005078027520333, 0.5822103817033039, 1.3429352457096708, 0.5743626436034467, 0.5606226189014694, 0.6574676249393338, 0.6060887745584472, 0.3089052622866628, 0.19579063748646752, 0.6754610053256181, 0.6252217623840182, 0.39244543443667196, 0.2609749718599788, 0.18823971235000075, 0.2922266228160924, 0.7124915795609236, 4.29908227760595, 0.7929943278693782, 1.0100855274987495, 0.3866498214672436, 0.3182601034818318, 0.2719708540291, 0.21373152713520915, 0.28691708949860256, 0.3668758400174449, 0.3003064410776583, 1.1517125896287321, 0.3697245569464517, 20.797899208810577, 1.1776720146518147, 0.3513810125104572, 0.2937142285377951, 0.17534135406086884, 0.19090896680906116, 0.33996772850508195, 0.1568230506027357, 0.4314871456460602, 0.5380481738329548, 0.4020593451595426, 0.17009599713406764, 0.21401254740382333, 0.5092733364877409, 0.4485442588721147, 0.428240739921956, 0.15791499925147212, 0.1527806417860249, 0.743207493806996, 0.900694912327086, 0.38911775818313254, 0.2409868681972744, 0.1804090753130169, 0.23586514028369912, 0.20698287774636678, 0.16436266129540153, 0.18575725881262484, 0.47145141573415617, 4.121476947998634, 0.6966115948748037, 0.826240797895855, 0.314361880757064, 0.22896249845267652, 0.20221620808936971, 0.13133288889015315, 0.5965964968079588, 0.2983678463346457, 0.251785177148499, 0.3401913536347634, 0.17056337472462108, 0.15141972057866965, 0.9843229456789523, 0.5136618037390009, 0.3409930974249867, 0.2580242826979543, 0.17885808721040874, 0.13963643508642887, 0.21006729178043207, 1.289476307573115, 1.4678814610229092, 0.4046260726113114, 0.2334138208326048, 0.19706562842580433, 0.28634908410968907, 0.4633661120328828, 0.19039663962776032, 0.3697504204558156, 0.15505997837807048, 0.2094582695075206, 0.6181038024136439, 0.708410831262814, 0.4809465444705747, 0.19665744528635473, 0.9803859404616471, 0.1840369249750992, 0.11721157602944807, 0.19880884056316547, 0.12489570810844228, 0.3114204393534977, 0.1339905889354131, 0.1699148380236361, 0.31217209839503346, 0.14421372314039665, 0.16944461358104626, 0.17789984933500438, 0.11366339195196012, 0.2813492040079554, 0.34997943426289235, 0.44671641589922567, 1.214868176782525, 0.1952233278106866, 3.9576438963295204, 0.5605804084318039, 0.2105344550889641, 0.690389377643973, 0.365965959392523, 0.11965629284759445, 0.09392541441143362, 0.11872847797397508, 0.10414572460707376, 0.09900187838331467, 0.09372536664949183, 0.08535131855030816, 0.14260304206071633, 0.19539474987393235, 0.2649370853636674, 0.23374960031222988, 0.24755111494911644, 0.24347351373988152, 0.09555280321854988, 0.19652859321039934, 0.09931559811652708, 0.07912056045859862, 0.10719694367221833, 0.0972746852203474, 0.08962987156076664, 0.0874278045213447, 0.14188362170544544, 0.1127113353900338, 0.0950427052830359, 0.10176070900584597, 0.09916347729304892, 0.11211623797183302, 0.12333072421780801, 0.21844096540467084],