{"best_epoch": 71, "best_val_loss": 79.03869951274565, "train_loss_list": [371.92461825094637, 308.8404979279941, 214.23254942288463, 94.17841427760216, 61.535262035234084, 212.42008720838737, 239.26439549352952, 129.6060035024411, 92.8701832541393, 40.96132336926287, 40.71749009004388, 19.265427706695924, 9.10503504975514, 5.628937548661894, 2.7479092592301657, 5.3898140359110185, 2.8707542482759285, 6.394040087007509, 3.985132814743205, 38.03428177701594, 10.878767673659663, 4.387996778080231, 5.824919940611001, 6.33304900574539, 3.70657440029552, 2.9954074825931998, 2.9971762801569355, 3.612705933999895, 3.1387173642710393, 1.8051636039301855, 2.5506675136349592, 4.516462461078714, 4.278081256792424, 3.3837481984950992, 4.956688910741914, 1.7014836178149815, 14.923915685512705, 4.043429304033266, 57.84928734380778, 3.7795877999920404, 8.580200200331932, 4.000371834200038, 2.2186237614928475, 1.321786251450076, 1.564236027341906, 0.9072451783158153, 1.3509826876691169, 1.9342513727701516, 4.368286191511228, 2.230709487394246, 1.34352693080908, 0.7300494092241939, 16.353541907063036, 9.190121930733465, 2.7688750135785867, 9.019688555259352, 1.8400253807960143, 3.047992675910758, 3.92001757465546, 1.3132986960844732, 0.7087143784280732, 3.3556261733089485, 2.18970172356347, 1.360537798134748, 1.425268134779727, 1.292588919228543, 0.8204714424557377, 0.6012178874144466, 0.5166920363634516, 0.7232648451014954, 5.646114232324835, 1.0998637405754794, 3.4079433941500006, 9.197957287882748, 2.3275517904467495, 1.3915534992778151, 1.3260658052421879, 0.9649414609898387, 12.586222671424936, 3.601442637243001, 1.7426945033111905, 1.7152085070477494, 2.6173331964233735, 1.4530812487743168, 0.6763636592221004, 0.4887164161505572, 0.6629881003796037, 0.7891686793295568, 0.8479947966480912, 6.941898062932172, 1.7483509163483753, 1.5920363250516583, 2.06917161029178, 1.7144525413166691, 1.178992879960825, 1.3205492104408239, 1.039879393967681, 0.832869198735241, 8.075711855847526, 1.4146607528760224, 0.6829491341988683, 1.3054017538752636, 0.42606654351132595, 1.4020019475363452, 0.8141306110408449, 0.8199962010754943, 1.4956667166552016, 0.729595930175065, 0.6189711833866707, 0.3616812094087748, 0.49198424103606886, 1.0087716960689799, 3.0178610688595793, 0.8138205352437526, 0.8402151727512324, 0.46593320924189136, 0.3344304420406588, 0.31524521672517347, 0.5855680201731022, 0.5195208064733363, 0.5730141487614938, 0.3050126036472961, 0.4325288568711752, 0.7264124840517151, 0.4838051310128059, 0.39032428993829804, 0.38176537010951694, 0.5746539974951913, 0.9708598665002284, 0.6209885650675181, 0.8824330696787148, 1.696907333701759, 0.9409730836665715, 1.1127179087449923, 26.69882818502042, 1.0411322429079786, 0.4601083831185958, 0.5101612663450079, 2.2142785566149032, 0.8060125522935185, 0.4720128947947602, 0.4102839986482518, 0.45041202175780404, 0.26851432035613093, 0.6760352837242073, 0.5697611911449464, 1.353976372610408, 0.44071206773287636, 0.3593906800996797, 6.377408495764785, 1.2076452185488218, 0.6162065901153615, 0.24081160671537957, 0.2906727216168821, 0.2334503054750149, 3.38669139550484, 1.250733212630987, 0.7418722681355563, 0.403051035657331, 0.2955424627842003, 0.21602504156539862, 0.8800425198724219, 0.6793455721914571, 2.298142158064171, 1.3115662544503932, 0.737601300418492, 0.37281098482239816, 0.3060634698064246, 0.2630825245360926, 0.21372127755528436, 0.1841896644674632, 0.3516354217396478, 3.42601827261495, 0.8256913464341378, 0.8530610433586329, 0.5846404543775303, 0.5987575144561259, 1.265393250818872, 0.4125015849127788, 0.614520061521567, 0.21957164726252484, 9.840135128095342, 0.8476460818456738, 1.0685229951064772, 0.5712731102278336, 0.3443918151814068, 0.9926701998782117, 0.20813381075534473, 0.1971244441944822, 1.4320347626559882, 0.73517725596812, 0.27301830309059333, 0.2691536352353389, 1.0533532802687051, 0.7050109617034009, 0.4020554236431418, 0.31530627432667097, 0.38443966940597907, 0.7822341148613042, 0.6336386172021874, 2.1962370178017427, 0.6275327691511504, 0.5550681247022123, 0.28797975008892945, 0.2005196986983239, 0.19649882942122382, 0.12209792080068772, 0.1778864747547659, 0.19019709980912305, 0.16241016649689094, 0.18925686462860844, 0.19376718581771843, 0.1781838952652552, 0.2908667081774175, 0.22859916243469977, 0.7012940403275977, 0.6745541854823094, 0.47016550678357943, 0.3691629280887507, 0.6176189134798639, 1.164762569091876, 0.4609713096740029, 0.3380190563534836, 0.3540587898843052, 0.1626376505651414, 0.39325027504934107, 0.2547892801014703, 0.305770329566331, 0.2000188217031064, 0.15530582753593491, 0.25988982563319285, 0.31799080971591726, 0.2347202834961535, 0.20274697591042223, 0.3222633450382375, 1.4309904746675475, 0.37687244422335786, 0.2990614612510673, 0.31892640642413095, 0.370659886535822, 0.25736263640108004, 0.4524403308926788, 0.3341976668960659, 0.2955042381173219, 0.16295758708890987, 0.32524269750799434, 0.8799999667365419, 0.6261228198845175, 0.2508378587960105, 0.2181283117172045, 0.16322919391798316, 2.4973814458914974, 0.5164880104913671, 0.31733028145466496, 0.6540692039035123, 0.4932708407092097, 0.24360856053761204, 0.14766742413593073, 0.22091555023399256, 0.4708557460857114, 0.4279782549749271, 0.23446147724977962, 0.4058851824737792, 0.16576024780394896, 0.15522115314637996, 0.33844644404681073, 0.13271990064403386, 0.15859491469730358, 0.13251498464648573, 0.12758112376576733, 1.1779730487586284, 0.46900674404100684, 1.505375370581893, 0.35572929464564995, 0.2372048867442117, 0.21535625572744363, 0.30289698857763353, 0.5999354591974085, 0.24551880673714555, 0.3133118508272144, 0.18881823065512676, 0.1746549068442152, 0.1478211526202038, 0.19252016736893757, 0.21042812018634907, 0.403407718869529, 0.36280238857375047, 0.22443166268043596, 0.15311679510302229, 5.052008935536622, 0.4248885314462887, 0.23732072350663727, 0.23010051239613313, 0.2141512883787899, 0.16236865403401485, 0.17146529800479107, 0.4695134233399142, 0.2847891050253084, 11.385229228600647, 0.7882936611447725, 0.32799344119181567, 0.4583985184841852, 0.21386570610886865, 0.453926828085544, 0.26598617555819337, 0.24874847155348181, 0.6932587735862081, 0.1499691409122912, 0.2468755940961433, 0.25234327625048575, 0.5377060271452099, 0.16723644066753407, 0.2737757761410023, 0.7228843993364162, 0.3408730674015498, 0.21458619179097968, 0.3420981618989012, 0.37226360060447594, 0.31778173266261145, 0.1937544627789312, 0.8386263637344957, 0.11560275859194254, 0.14046910653659228, 0.10942387167085686, 0.10212215906513215, 0.12322361445831505, 1.4156691624702153, 0.4835625867740141, 2.825563857939475, 0.20373367663572298, 0.15302740341325646, 0.1932299595429097, 0.2754811351458869, 0.239363794202344, 0.1532484275551738, 0.19186238380729684, 0.18935145493156927, 0.16122990099233597, 0.11442103016741813, 0.1118659178238882, 0.12762045466524446, 0.1094829577907807, 0.149449730866737, 19.243599649643954, 0.3447003968163666, 0.4817809466175029, 0.13964112563044626, 0.21487366094026325, 0.5332708164803893, 0.13085475542904262, 0.1152046644419566, 0.13368228276952407, 0.43503971584593104, 0.3593409894147414, 0.20419683118184678, 1.0001921915792287, 0.21908285390194487, 0.1430124590252945, 0.1276736327570242, 0.12774986703000632, 0.09838780608186598, 0.2684697396599545, 0.18287107763316107, 0.17774897678093815, 0.10803285672710351, 0.10353843869032898, 0.0930216818545542, 0.09739953720041847, 19.309595906449413, 0.4056460696742248, 0.23264161338652972, 0.2283763659562759],