{"best_epoch": 93, "best_val_loss": 93.51958324207878, "train_loss_list": [364.0513426765923, 292.394196455594, 226.1144558379034, 146.93210473828543, 88.67356831029214, 31.168765739294745, 10.196721783816988, 17.155314078312816, 19.78801067990061, 9.55138720252194, 4.6081585765823325, 4.21719270135614, 9.590714794189909, 158.19997728518362, 28.136838179459943, 7.527016663646939, 9.627807201108777, 3.547419656414261, 7.312602506715995, 6.322993187067727, 2.2120411021103688, 2.0521513913074836, 7.140683251291202, 2.7845369385579084, 1.6165662779773342, 1.153882719340658, 27.25608234000894, 12.38744321076715, 6.2735871914572225, 3.5000150745425747, 5.887585987138349, 4.719911447102035, 5.173327471479412, 2.5500047658155376, 2.298519634770854, 2.7098528474674075, 2.800588854902882, 1.2899365145691881, 1.0371136790564452, 1.0358264777538086, 0.6859984423678797, 0.5477524676696636, 0.7350497752556417, 38.60898373550611, 9.352896243075616, 3.2644223796594813, 2.389312500268836, 1.9144990818353802, 2.764941753051713, 1.0567911882101944, 7.345911659573652, 2.4614049795476673, 1.6569744915285054, 0.748150693900491, 0.57537016526246, 0.4689399043926272, 1.055401589786176, 0.989066538902089, 2.412701642193401, 2.2420434108364256, 7.488058439637359, 2.4471596780050637, 2.266587656391712, 1.3201812162734925, 1.5688219005043267, 5.26804396531223, 2.823207282526929, 1.5222395086813412, 2.883691921748291, 1.6460589513361905, 0.7143605923017031, 1.367993695440018, 25.355228228140327, 3.9613653035339516, 2.1892194732344206, 7.360520418520712, 3.242488095355073, 1.3158598959068242, 1.027991553876499, 0.8695451841425959, 2.8297553226463132, 1.7695730432887922, 1.253463425397684, 0.7168658935151435, 2.63943905107774, 3.621818977503784, 24.642121376640237, 7.940574442487795, 2.204656887039099, 2.1555444833943027, 1.4755051820736969, 2.804470656065547, 1.7915399580127185, 0.9494475547503325, 0.7022718705808274, 0.8684558442818823, 0.4773546085827622, 1.6617600261704735, 1.01813440262029, 0.9013230712648441, 1.022991696593667, 4.719677808172745, 1.7756179923102127, 0.8662782179107701, 0.8233482736668685, 0.5673346975010937, 0.4360072739675727, 0.727754587580989, 1.2672437619335097, 41.03209781959816, 2.4185164500120293, 1.547219608174001, 2.193516213426384, 1.1345036461052285, 1.9688000742651648, 1.0454864203162675, 0.6728738551778931, 0.47431055193145333, 0.6794063075148615, 0.6926914436266005, 0.4536988706398473, 0.5671177066545733, 0.4055493171428022, 0.5294517864891312, 0.5337097612375835, 1.038523685727664, 0.638538975825026, 0.7796512934263965, 0.6497313318885407, 0.40451885704722956, 0.28482297199646717, 18.278134394083892, 15.403231607002105, 1.199282438257135, 0.38425095920302565, 0.28010396203390886, 0.2892713462571955, 0.21706213840534325, 0.6090791244909098, 1.3734474477289784, 1.429077174688449, 1.1339949663669273, 0.5887242784325548, 0.33838543573684804, 1.0814063409480301, 0.5306882355945896, 0.32047223413995785, 0.33252088712048183, 2.665905940803574, 1.240996144953205, 0.5703247347083551, 0.9491119083821039, 0.3194177240779526, 0.3446504085644828, 0.24282357324885048, 2.762978622337675, 1.032771759247525, 0.44418020413979087, 0.4525091285454506, 0.3601417354621553, 0.22458735084842352, 3.1729579973853195, 1.3286472800614675, 0.5998548983574457, 0.6638886943877059, 0.8106335468239475, 0.9339127450664272, 0.3808187046371608, 2.018898942404569, 5.180436025971328, 1.1027147865241114, 0.7651525167808733, 0.42175738169951416, 0.45452955776716825, 0.3179438293177165, 0.3175532304532865, 0.3136241022432681, 0.28199903930522785, 0.45712485611645315, 0.41705532558861746, 0.3556599050938797, 0.6963131024498852, 0.36523968160456377, 2.7287518531002912, 1.055646470075781, 0.6811532980454748, 0.5154099868862893, 3.5769519199828794, 1.8013854337757227, 2.3689014070520567, 0.7428015750062908, 0.7015344915485799, 0.39198093062042716, 0.22746746768186668, 0.6613978901284597, 1.50178727718431, 0.7514018729462636, 0.5047245595309647, 0.39418930029119853, 0.2231538025329869, 0.22352017966483664, 6.361241091996811, 1.5595970700391064, 2.1263385655772384, 0.9920814665242542, 0.4587416564617377, 1.0186573625145008, 0.3694045716244972, 0.3689237187842776, 0.22231790526968825, 0.20021944170635794, 0.6891569184998166, 0.29243943489000956, 0.4285514647933869, 0.25327790348809354, 4.5811098158932, 0.8933582538613896, 0.4849540627500602, 1.3700813320779146, 0.3233711973466748, 0.22866666247382414, 0.8471493541905181, 0.3893797276469202, 0.1913669220341498, 0.1900496730884589, 1.57454316428951, 0.6339336031062738, 15.529866601581107, 0.6801453613353794, 0.4220776873495893, 0.3099131619747608, 0.6447305810719889, 0.5448057659177286, 0.36408004223565615, 0.272777918431672, 0.3250082724686793, 0.19810333705435615, 0.1771773599184833, 0.9560256824959675, 0.6413181100791855, 0.27038402446921944, 0.32620544965565723, 0.26543067711725393, 0.21522254816189285, 5.165147231335604, 0.8541803333648827, 0.4482445325837984, 0.7817236064051253, 0.6024935301860799, 0.42275578814618947, 0.4659040445112652, 0.5764936841915513, 0.9709918250448427, 0.4852980503280261, 0.3663570120675421, 0.6528383943571466, 0.443696276100832, 0.6812640360850108, 0.21846439203131146, 0.1916091151023166, 0.1460841565341594, 1.2230557571827134, 0.621885946343881, 0.6234691710931026, 0.49742830597069676, 0.24287922562509104, 0.23975470893465298, 0.42283123770195796, 0.3962083064892769, 0.2610081318870819, 0.16613687967375393, 0.14568141489502487, 0.2335009168322809, 0.16493361190280864, 0.16255114470860324, 0.28476617049773123, 0.5341843951116713, 0.28437162728140014, 0.3619168589301151, 0.20080767019154194, 0.14150548914696498, 0.14329589460889972, 0.23952865036121188, 0.5313110650625906, 0.5294521696342885, 0.3161320139278344, 0.18038554668250936, 0.1662791306824724, 0.36148447537517786, 0.2632550184013578, 0.20732956642574635, 0.13564291493667016, 0.11874428572114464, 0.13379224590340064, 0.13068603134841647, 0.12328628821879341, 44.23460783571989, 2.980970102702192, 0.31420619238104003, 0.22933787204957054, 0.23478311595401702, 0.2788538111539676, 0.1659408624643745, 0.38448625997271746, 0.8894510015744231, 0.7228291149096381, 0.34729725452543597, 0.2192730570877889, 0.1190292790987284, 1.14385011243616, 0.5381744054948241, 0.4363781461707318, 0.2840420221444657, 0.22849009348142912, 0.258047912118783, 0.19805525131388976, 0.232710681253332, 0.13339746053914273, 0.15050055215787084, 0.16121988697104292, 0.15017848653451682, 0.14375418212245042, 0.1629236063395398, 0.1821591292035669, 0.15910242285034085, 0.15538138598133575, 0.12575255343414332, 0.15938190181518175, 0.15547805365511225, 0.13556479061066387, 0.15003655573062788, 0.17944770867032747, 1.1378737687577682, 0.44229010018542697, 0.3962371943228873, 0.14391014303788346, 0.12081324624521873, 0.14519373968441307, 0.6489945191797233, 0.4449641608792494, 0.227165074954175, 0.17550305766658658, 0.16064053345524182, 0.9974425047838167, 0.6828570125450344, 0.23653187419509314, 0.5889267384628977, 0.2133861429824458, 0.2265475073321098, 0.19932968438846846, 0.13510288478958493, 0.14060724106845457, 0.3502380848782972, 17.569010641922887, 7.004747140007867, 0.43405567177141313, 0.28585425594905395, 0.2289935684582108, 0.18816470982445732, 0.12218086193608697, 0.1793735174856786, 0.1312411538450616, 0.16658344976461975, 0.27226025026170436, 0.2690099289170397, 0.11483607121543017, 0.10026801409957563, 0.10549762714813739, 0.19084881488135136, 0.5478996263814279, 0.10125951907342555, 0.14068075503981156, 0.10093933452553157, 0.18051990324198755, 0.1404079467618294, 0.14647713507923021, 0.09950242563510414, 0.11739624237583689, 0.09430243121886574, 0.09785360090600169, 0.20598784682822144, 0.34187094357466485, 1.0382482893331564, 0.6060822296953478, 0.40509953035902146, 0.15165840878162745, 0.10655321343215199, 0.07899008848702968, 0.09304223512784639, 0.36478203476947796, 0.3048662213259867, 0.34355737383344737, 0.11748636499862641, 0.09471619968888158],