{"best_epoch": 53, "best_val_loss": 46.67900800859346, "train_loss_list": [356.67625835282445, 284.22663048260955, 191.19418390237647, 199.84879053680933, 87.53546959033251, 55.07880313703514, 41.254037655008624, 19.263756833739464, 14.217993186731121, 10.254336116827314, 19.590555022561276, 8.749560683185935, 14.511675001816625, 43.80277914531621, 7.258284611655815, 5.7643855489443165, 21.875794323314732, 4.291904746915135, 6.565552306693392, 2.5094786470550257, 1.5388446025392313, 2.1363751688225796, 1.3173816143926405, 1.9780259647948686, 1.172948386699316, 1.0000210804716072, 174.42514383088374, 3.1302994199709633, 4.341467123591796, 10.568796168430278, 4.573011487925264, 3.5276173242105022, 2.1522525025197794, 2.557585306535154, 3.1782976478687175, 2.4048272569748037, 1.6106415071433782, 0.8720958783749369, 0.5439756002987448, 1.3296396107487773, 6.843531730859662, 7.103082726015254, 2.861717681105283, 9.047798596658005, 5.165014650691025, 1.6962682252774284, 111.25825916820064, 3.039618622271412, 2.019373237322444, 2.5304000023832214, 2.3171991358777344, 0.9397115785136235, 0.6767754113943572, 0.66176512823615, 0.6867836947269099, 0.6578594479710693, 17.484617682339138, 3.577628603631245, 3.687826569779574, 1.8760683602638482, 2.729255099571466, 12.527712163331632, 2.2410867547525024, 1.162163543239077, 1.1153188754148733, 0.6628478440313417, 0.42839494877904505, 0.5356029105683967, 4.471851759666399, 1.5329491760772704, 1.1002242810358969, 1.6950071817542212, 1.6536213692065858, 0.8622276514924255, 3.419775451923993, 1.8252961321351742, 1.3532998994910872, 0.9249445759533638, 2.25738614821051, 1.7666881220016555, 1.8667130433516312, 0.8853003046413546, 0.7583511504266146, 33.98781309313354, 2.316537828387186, 1.0549418114909719, 1.1888126904186056, 2.1255871337305043, 1.5018113626312828, 0.6218139954111774, 0.6563124051439985, 0.6467437486502761, 0.6167820001262116, 0.9074545670784376, 0.5336470785948093, 0.41518240723932387, 0.37085578181171375, 0.2574351686009523, 0.2824812251580682, 0.3096896106388171, 0.5156567161469157, 4.732629826223559, 1.0050381965804842, 0.6418275204849655, 0.4460051436469727, 0.360937147582171, 0.3023004377481976, 0.36169003329590355, 0.4915766162839443, 0.2686195060274749, 1.842298828715862, 1.4532576693547574, 0.7553350179026441, 0.4443828241278144, 12.357602044259467, 2.221936672889802, 2.2071437147744306, 0.9585623011668368, 0.8926702309610549, 0.5219853457185434, 1.3767845779417611, 0.5540753257443118, 0.44052526682254545, 0.3300182442374343, 0.6506703587623719, 0.5160968708118642, 0.26674409758958634, 0.269234978560528, 0.31877508401124177, 0.27284057838317355, 0.31359533916419946, 0.2909679298513127, 0.5432592903574922, 4.561025855966823, 0.6714652442097643, 1.2619086746969697, 0.8121132100701653, 0.49826234967116245, 0.366901098867434, 0.29108330253834874, 8.149594116358182, 1.05245985299188, 2.1349326557058363, 0.5858176010890321, 1.049701408090286, 3.40334562549671, 0.591922905043333, 1.7762021201622216, 0.6279237301622618, 0.35944234128274133, 0.6163780535598825, 2.3923431511294027, 1.2841911879874488, 1.0303467939321456, 0.8372115217072352, 0.42472938244493413, 0.46420372888774497, 0.4807079376256738, 0.5494420906499461, 0.4045236256405039, 0.2675879730080941, 0.16390566645764743, 0.3138838067328789, 0.8670619120059452, 9.42688818301416, 3.0222936019199245, 0.6051249407921003, 0.3411660074535557, 0.28000114336560045, 0.47947237547982663, 2.532990238103463, 1.7276819233224634, 0.7011377770364153, 0.47222679980222215, 0.7741152749563603, 0.9712855983396879, 0.5311253486335014, 0.30767754398450664, 0.28866230255359987, 0.32054239547858454, 0.245652870238956, 0.25481090910821086, 0.17771848014613573, 2.6898637514693, 1.056146396732309, 0.5814526642909773, 0.9023425773797895, 0.48492833007693326, 29.289582374932525, 1.026315161853814, 1.1175278327759193, 0.46063194324379847, 0.5646454091116411, 0.3505936958639541, 0.3153504215905848, 0.3129527509177822, 0.714958151257399, 0.7147713637295703, 0.38151509403908007, 0.23456275356027165, 0.29185433344353795, 0.2712156115452362, 0.41595993633697276, 0.3626201754685009, 5.270096150308338, 1.1005369653868267, 0.5425028280399321, 0.4761019529283154, 0.43478510063489684, 0.3965218499453724, 0.20315348336011538, 0.23678102953079483, 0.3767221309098015, 0.3382239227814749, 0.2817493503079084, 9.832509972045361, 6.917986310278739, 1.8834927396041432, 0.6077406978628719, 0.5579198283292288, 0.2901579287246081, 0.355740628711463, 0.6317743971815126, 0.3993450619304129, 0.1825306661181367, 0.20609411466568425, 0.37040014331011156, 0.5147312604452101, 0.5291373195331042, 0.6198982072754314, 0.4458069790242943, 0.2766266868996406, 0.25963358743535225, 0.7030354437283582, 0.3230935713746689, 0.23185720642188884, 0.1960385327311258, 0.20852689128868424, 0.18106397611734468, 0.15922284982529555, 1.1325076109448435, 0.5718988713059893, 0.34557538292965484, 0.35101903016074326, 0.35816672027893753, 0.43790417247546104, 0.17772676162830203, 0.24030033741576498, 0.20825062113476997, 0.30392749167101085, 0.2904979907794701, 0.17038228296876018, 0.174942822096392, 0.6300250015305058, 0.5500174972102997, 0.4199558833035866, 0.2418454412624781, 0.4893573949450479, 11.972651582722758, 1.4731297928592515, 0.7917442525260687, 0.6476886679854481, 0.674276941191274, 1.5674370428378837, 0.8905692078239, 0.4583998236701646, 0.5895077260381933, 0.4388905223043588, 0.3994158489175526, 0.4622930748130299, 0.6901276684337927, 0.33976435539466404, 0.29998784791832644, 0.21499351261087674, 0.30609052686206584, 0.44357200627037907, 0.738552042924755, 1.3290645587564993, 0.7085638499068294, 0.22335353592615995, 0.21121060967881722, 0.2846758033826775, 0.23626220922528637, 0.21401679766435144, 0.1740049034015516, 0.15456547363425144, 0.15312511882745627, 0.3534024741908472, 0.5789937993969438, 0.3014536909211303, 0.21633048215702327, 2.455167958313216, 3.032255044534285, 0.413486078706495, 0.2364313896700167, 0.28366533317345555, 0.9407934353053208, 0.30727782481589966, 0.17213251156116785, 0.12457197461229388, 0.2106218504087297, 0.1673925668882726, 0.6203431944619423, 0.3992078641135432, 0.2667334004320034, 15.209973262833243, 0.43416714456535727, 0.3752864708448006, 0.2201866276632111, 0.2940217792525747, 0.15688955700290302, 0.2144270611534042, 0.19571147308569828, 0.21412676784408785, 0.5246992751337425, 0.32848975274671, 0.19577073798038372, 0.24496553140398508, 0.2037158519997479, 0.2045655249686208, 0.21294564101496924, 0.16062484481256328, 0.1679523461984395, 0.5749514450715925, 0.4187892385952313, 0.7665054887036532, 0.4349774750370847, 0.22348079544457325, 0.18129288146413433, 0.20904475688866458, 0.6374334614681411, 0.5281075528830009, 0.2096175276663841, 0.19527883330974788, 0.13330156743960225, 0.16514790632278292, 0.8556542849618316, 0.25014781626431276, 0.16174418231853532, 0.1854724241108257, 21.67449511641066, 0.5056246240557386, 0.29039265171466877, 0.1561295986991617, 0.16881944004790866, 0.17859658638500472, 0.738079907879624, 0.26072025240056307, 0.3054800717697105, 0.28559293536228064, 0.17665900076678884, 0.33072346743030634, 0.1296104567499407, 0.13245341782685086],