{"best_epoch": 51, "best_val_loss": 147.75397629742102, "train_loss_list": [358.029601624345, 320.2949779152994, 175.0714089603104, 105.09357578444347, 62.52813808903481, 195.3830555687742, 162.50984711642076, 43.963878774248705, 11.107505301112166, 24.63696805273721, 8.150684608032847, 3.13271020983958, 1.9175763481577714, 1.1824191387021086, 19.640511788332294, 4.9147849384879905, 5.077690169648243, 2.670888615392849, 5.534297308683856, 2.6808750327609956, 2.031105034454275, 2.0398375058452696, 3.0135407541593624, 5.2317807683260575, 2.5860396570436754, 2.3317932936704255, 1.749904677097004, 1.080288178440108, 12.812541034234751, 28.130890796536164, 7.298006714874639, 2.738482357605925, 2.667876381001571, 2.3223027894624275, 1.545306377691605, 0.8558341094046349, 0.6022305894227917, 1.4155865195196002, 2.083525062407047, 2.0225097737552398, 1.4322358890183875, 1.1515994648826235, 1.0652788183678377, 11.613192798938012, 3.8745635089452173, 1.471047685089557, 1.023803826933291, 0.7937577589826246, 3.079242181096893, 3.1557485729587262, 3.168988245156999, 6.594510538718849, 2.583928490311824, 15.611832942369345, 9.761122380573505, 5.622168620427449, 2.831392894282991, 1.622118617164669, 1.3271824123658864, 3.9454719702854235, 1.7175160536267826, 1.8572927444658336, 2.8411125504821237, 5.190685520750962, 15.74497758401456, 1.820215870935974, 1.3249448137098248, 1.645315954119116, 1.2910160368294685, 3.148735266719409, 1.5700671229452667, 7.437921983321425, 2.421748236386816, 7.54738415398275, 2.262779608365185, 1.1799973751585155, 0.8042255712208214, 1.152143199790751, 49.27687041807679, 1.7028209964935954, 0.7791657005951507, 0.5973295604874577, 0.5447726738772196, 0.41343807647402814, 1.0460825404516982, 5.90248160222756, 1.35586816028496, 0.8661362553064502, 0.812668813762762, 0.5932525337359134, 0.8915141361324178, 0.5733039960124255, 0.7723528066834185, 0.663775224804648, 1.199647697134445, 0.838991525655035, 0.6307985069751858, 4.872948328105109, 1.572128944089728, 1.918295295428885, 1.953495668083661, 1.2804487143557486, 1.1262588445005914, 2.4954607923114422, 1.8187858807320016, 1.1550643941460108, 0.9448207147222851, 0.6263268991882089, 0.6676102467672478, 0.42079578912338117, 0.44876058175853706, 0.334804339408786, 0.2712922528647268, 1.8872294042587185, 0.9161994976701462, 3.628315334565227, 2.0023676872583915, 1.4902136797687844, 39.64637077302943, 1.0858745694247511, 0.9888810006518655, 1.1259963746369401, 0.5179306950003884, 0.6114632211783447, 0.671421413081779, 0.518783395909556, 0.8800063202389721, 0.6732365399587272, 0.424510400653213, 0.892488170918471, 1.2657553837277982, 0.8720246470435149, 0.6794612067648076, 11.432659457771281, 4.342067543153297, 1.242517854649334, 0.5073100783499263, 0.6783825266123101, 0.3502272491089406, 0.2873389881901519, 0.24108819064276485, 0.4605436266513206, 0.7606786200688631, 0.3451628238078913, 0.23399021744483167, 0.9034180662568132, 2.7121796882475975, 0.8922467782486311, 0.9403982761214703, 0.7615021963563819, 1.1371200400695063, 0.8325468639411739, 0.512543047835251, 0.44434064800131173, 1.182524406832556, 0.7809463915768705, 0.45622244173037224, 0.33460066655899806, 0.4813858137464953, 0.31128094374858345, 0.17527788169628541, 0.26321735114775424, 14.293713131563647, 1.4646443380877916, 0.802878738620404, 0.38923553124684684, 0.2500373141521867, 0.5588965163961266, 0.6596441469960056, 1.1324940480609431, 0.6570351651779667, 0.3661608696286351, 0.2885493053566631, 0.819355837790156, 1.0590567348147861, 0.5670333616282451, 0.37992451491929957, 0.24774323657923739, 0.41782078610903656, 0.3769407839238086, 0.7710145197547221, 0.5483167234442483, 1.658469410178018, 0.6495053443366646, 0.7987080637924954, 0.42645036523705326, 0.36822131560354887, 0.35893910277187246, 1.0239759877348449, 0.44654604778504503, 0.40005709905634923, 11.952216184869888, 1.6171827137660577, 1.4551864376138464, 0.8367285516618933, 0.4223714747798904, 0.25999836669720705, 0.19767099831300688, 0.6880499172718391, 0.29881744731397075, 0.3358147937622429, 0.5541982732186124, 0.27553611241833953, 0.9596333959337638, 1.1736205862940636, 0.4932610050217811, 0.23338469303637202, 0.20889345618004793, 0.180698784515376, 0.8326307752776119, 0.7100626308747793, 0.6651514424027248, 0.8672184727558896, 0.516892998925211, 0.36520603333112833, 0.3297918641114345, 0.24432880946303767, 0.17856282319640637, 0.23226379804212485, 0.23938270111642643, 0.7385819639859916, 0.5272974987026547, 0.30995995238767493, 0.3786283774045329, 0.26672301563006934, 0.18463962270026515, 2.6447470219892244, 0.4565281110049722, 1.5552945026963811, 0.5181154288413136, 0.7557363735650313, 0.46546428384338373, 0.8608330156143434, 0.4859283979183743, 0.3899067249435872, 0.8947548687310863, 0.28620899353189083, 0.3266977881230283, 0.1577981222424435, 0.19892966987374183, 0.14039374518973727, 0.24611800390463653, 0.1802869075331993, 0.32597195248676647, 0.31061572052622866, 2.1652718719504978, 0.631785287726819, 0.3378985261184856, 0.24087717178461132, 0.49589538188005056, 0.3749055116749015, 0.20271879200950355, 0.15597627064846395, 0.5336204341094648, 0.1626240838077645, 0.445204591536349, 0.3070761415827268, 0.900067240462689, 0.384979956366221, 0.27773744151674173, 0.16812383758180907, 0.890156708340154, 0.5103113270288671, 0.31508039099679463, 0.32221547136248957, 0.5864948642925789, 0.315416293563661, 0.21633427438761296, 0.6957323188523301, 0.4397558763227083, 0.3353971913855284, 0.4216272860671029, 0.20938994567685448, 0.19795322944426974, 0.1530466576741883, 0.2597070498934854, 0.13697785580285196, 0.176998362411851, 0.47769479239551765, 11.834239238010456, 0.7648332453557799, 0.3265598366178376, 0.21385917745103097, 0.16291206921673723, 0.11564873887225155, 0.28437797108339496, 0.4654418333647092, 0.14992825157637554, 0.13446698504342358, 0.12200527233226777, 0.1678576992087048, 0.18913084859629423, 0.24283755619966532, 0.23354520686940883, 0.22277653494402466, 0.19382506974502167, 0.7526724844310796, 0.17066947820978304, 0.17608232335137008, 0.25138976201330226, 0.23545459302475066, 0.2612943276198608, 0.18156603112786565, 0.14923843760966451, 0.13470212213521315, 1.231982248140105, 0.6009656394722055, 0.7864648879833656, 0.3922085588483198, 0.3567010843872292, 0.24349714110395307, 0.5872848267104993, 5.8042263746714555, 0.8639884031805563, 0.5303983888984216, 0.28656983981077283, 0.339677569341545, 0.2312927592070012, 0.16586064024023295, 0.1204098366799213, 0.1513138971940628, 0.09983329980281108, 0.11121563526880471, 0.1490967424237936, 0.12172013296393411, 0.4287391869237198, 0.16558147739312679, 0.2274333217700296, 0.12252232784441222, 0.1290584672863008, 1.070798052169349, 0.6325109903130993, 0.5173945720080451, 0.3186184287685747, 0.3118986535594778, 0.28952571637480323, 0.14824873875748953, 0.13410639049818868, 0.10234135246229199, 0.4615628715892069, 0.43884582804164896, 0.2592343584024317, 0.09355007604462046, 0.08866476919534295, 0.22658181112809042, 0.14840364650749818, 0.11780213702984069, 0.08951870728450291, 0.10255330522226587, 0.7680170367520701, 0.392685464821574, 0.26385432464355607],