{"best_epoch": 6, "best_val_loss": 444.8791469890972, "train_loss_list": [364.4606131636699, 319.71727302651743, 251.61716302675012, 101.67703709955752, 128.93178068611243, 38.038143682730094, 36.660575741818356, 15.283833975650053, 9.1491664644574, 4.417499272774585, 12.73486959186484, 6.742058296464235, 4.268208954893626, 3.5242269003920654, 2.627555301982735, 4.1074681836099005, 7.2664145130238635, 3.6041372265282927, 2.8759738243660764, 3.5699178618401297, 5.0282512840891105, 4.054754125333622, 29.09356537310934, 9.793098678830367, 43.791950278998875, 3.4328618840573064, 1.5685847591891124, 1.0982388776839385, 1.148034490142177, 1.0551809977416007, 1.0522251904875377, 0.84718440656255, 0.9622631853355902, 1.040596740205333, 26.543490545992462, 4.287590037744183, 2.7785263974847543, 7.273426268382724, 3.4997846460901894, 1.5383655692723797, 1.450775645191914, 1.5805115663538747, 0.7886445387077305, 1.0289251818818452, 4.881745106051468, 1.6796909062908076, 0.9688479729681725, 1.0805381951848376, 2.472553346970216, 0.8641609911181158, 1.0185930187125047, 2.352501955169387, 9.353509007624409, 2.761078204838461, 1.0485355667185268, 0.8639361290406388, 0.791308408605562, 1.0703036780537127, 3.462897950608256, 1.2904712765858584, 0.9077951592342548, 0.5604845827066478, 0.6566319256804062, 1.5099448999607172, 1.5593686779083382, 1.2355818838010926, 39.77682152256068, 2.7049702022257307, 1.136127204185394, 1.024394207249727, 1.3250908154199912, 0.4647648551325803, 0.50453558792104, 0.5927424483549726, 0.48931677445981037, 5.961683925037438, 1.3877578406568458, 0.9337719307105915, 0.7371524178689349, 0.8659780053161349, 0.9376992953033741, 7.49378034096377, 3.129911782973308, 0.9038503778601078, 1.3660786568770298, 0.43458784514030874, 0.4185293398405046, 0.5250792561924347, 0.3862296507582109, 0.5219211836149861, 0.47880053912963577, 0.41682851237231855, 0.36262499542851645, 0.46535218693067004, 0.38355064815687384, 0.35889891121294704, 0.8720099622755985, 0.8713934185949137, 2.4933530926657195, 1.87015427276695, 10.113042548712695, 1.2540818116598078, 0.5093277150114855, 0.4641104407958556, 3.017603081838643, 0.6838887108220512, 0.4673046618891834, 0.41668678014010563, 0.42357564665411446, 0.5710981319135555, 0.40966163343452594, 0.8797362517878834, 44.83129017085945, 7.938308144168716, 1.222641271458114, 0.6008056267506534, 0.6170398923003843, 0.7697561302260719, 0.5009966567228782, 0.6007439311518339, 0.4310918135563981, 0.3646282325695869, 0.4445793955044213, 4.413516267987311, 1.0370195176557708, 0.9004982683120243, 1.299255981557416, 0.5182413183434115, 0.4291133391851393, 0.5650555225588719, 0.5539029953627193, 0.6044395643269946, 2.597842224526921, 0.9710690379467357, 4.5137433749542675, 67.12520661628172, 0.8708033916452886, 0.45210795101147017, 0.41989408284418356, 0.6808486805184979, 1.2618462375182935, 0.377838987386255, 0.6461112723359407, 0.34254508937999834, 0.41886242095767773, 0.24205051392908467, 0.20258836900893104, 0.19083895788014987, 0.22787897018997455, 0.21415953164044815, 0.3700760739720235, 0.2553047217261591, 0.25959198422871244, 0.872312632295907, 0.7430891784491637, 0.4912596013660897, 0.43961803023959983, 0.5880297194203443, 2.7073187219712387, 0.7957634223420624, 0.6318504471233902, 0.34492032719966276, 0.22654354415807762, 0.31354548240772917, 0.27346664309262625, 0.22103405142486718, 0.3883176140228624, 0.38628744792068315, 0.32519603071214126, 0.34737256325420235, 25.00722733786085, 2.078705654229154, 1.5442341552364265, 0.8852646275052718, 0.9363899468384118, 0.46665626784842923, 0.4024499566605247, 0.38600401363629117, 0.2832397486028019, 0.2742124530857235, 7.314739864913241, 1.0587559105576936, 0.5793767505305505, 0.586459991440846, 0.3876042920212485, 0.5443311017614331, 0.5790279110464532, 0.36925975311219417, 0.2642976654387977, 0.2724881678946175, 0.2374027018607787, 0.24452556741492004, 0.5327141507755524, 0.5225643200913339, 0.3544229576691061, 17.52775923470069, 0.9674074730148255, 0.7660003867124093, 0.4985876591772223, 0.4246855589617738, 0.5557788375510019, 1.8155686620393627, 1.3645619076722635, 2.084677116922609, 0.9294439750989626, 0.7993753439447975, 0.5232811422609234, 0.335388158549615, 0.5360107102900592, 0.316551182513674, 0.33909076621487705, 0.2104915023787676, 0.17842923900262542, 0.3780257523582149, 0.9199728845083405, 0.32087521126837865, 0.47190905210508427, 0.3715675102012058, 0.24629558507568666, 0.20735384907297372, 0.45308727656586867, 1.1722905821104181, 0.9557820346771334, 1.1974488135298689, 0.46395412877314907, 0.5366560218802162, 0.5109233165789556, 0.2780505050641545, 2.0309349702244863, 0.9882641463160154, 0.556932677676273, 0.6265053637692778, 0.6384022117877938, 0.4222386197931041, 0.42667732709462974, 0.25874981704161154, 0.15416653480990683, 0.19049304363364494, 0.14738708018686336, 1.587844150315813, 0.4737285761141153, 0.5085663201084608, 0.38520347932199156, 0.20397246994280663, 0.18555115800456215, 0.19040063613317226, 1.16669846604343, 1.3166008476748685, 0.46025016079256337, 5.166995583054063, 0.636197062786236, 0.36448812186850776, 0.3786760099286419, 0.3329602245421591, 0.2556296439692094, 0.4380015218785815, 0.20788689867186544, 0.18064146877184256, 0.22444305112027987, 0.16540835175005372, 0.18858877129240834, 0.18946030330298544, 0.16457739907900906, 0.2823668041647947, 0.45568547877331606, 0.46102845208198634, 3.6612160346014817, 0.6202834745779315, 0.533351929704605, 0.6229702843239452, 0.2532518861821881, 0.24494067376082154, 0.2286828686433639, 0.17186167937699234, 0.1619741825035636, 0.5114616562394589, 0.4863990516369045, 0.3603729851581896, 0.26428337580874756, 0.23148223879135293, 0.2917978144044941, 1.2198310954714537, 0.375101908091962, 0.361743851947654, 0.3189746940480728, 0.3795343455063868, 0.18405890220303048, 0.14738467582227824, 0.18054704039451985, 0.6930474806607398, 0.43044530406326487, 6.810425134849767, 1.969626239408679, 0.654900858183991, 0.28928760862607483, 0.5825309436793191, 0.20334681930964085, 0.218915466312047, 0.14564476808583515, 0.11213072428131311, 0.13179684150784202, 0.14546198519911793, 0.5155361987227314, 0.48812968533572254, 0.6774384851474633, 0.20656503420344344, 0.20361868469495958],