{"best_epoch": 0, "best_val_loss": 95.35782938369562, "train_loss_list": [352.4564493344991, 285.1206666489439, 241.75480478943425, 87.77006875490468, 81.30987540388843, 40.62620191048382, 43.56061973440526, 11.948306210233024, 12.722186681175206, 16.318100560546238, 2.2031985905067812, 1.5237297415143178, 1.6849692894329857, 1.592650743844695, 2.5061040438639535, 2.944078666160902, 2.8905414407893706, 2.702382964926659, 39.21772522293561, 21.8199803902786, 13.176836419823754, 6.988321382895139, 5.029717094954466, 6.878200709954055, 16.17038377182959, 3.846133133867666, 1.892865797119473, 1.1244756925586734, 1.1370130187265797, 1.9188254339709319, 5.744972131243967, 19.995965324660016, 61.52784458145434, 7.830578575255496, 3.1515509837254867, 3.6654952086875094, 1.609327429774085, 1.6290468568140783, 0.7695856859177692, 0.5055382795929363, 0.508688920557642, 0.7093227605443003, 1.0078628141102972, 0.9999408104793929, 1.997803955052645, 1.141434615639614, 1.0895254305506488, 22.958984842373948, 8.200136327050682, 2.0069152580441783, 1.678111872999629, 1.3017667724894026, 0.969237591024407, 0.9172166233316631, 1.0086676498052993, 30.052495960283494, 2.6571764693675903, 1.142456944367122, 1.0265076089951097, 1.1443848099417815, 2.0833296449585017, 2.1705431149795613, 3.336036417489536, 7.688417445625089, 1.9460015391332064, 1.2348705700781768, 0.8549523096060516, 0.8824420775101944, 1.624452918314244, 6.433661629520474, 6.910112790147952, 2.160776171997138, 3.9965649194527257, 1.1077346899879223, 1.0515235854240068, 4.31501446519818, 1.0903726163671088, 1.8958331021975696, 0.6121772105817264, 0.6810272362819697, 1.279485184400252, 0.8951922131471727, 8.722907450168792, 2.675208597146313, 2.108796650793751, 1.4637158457365462, 0.7933285010847592, 0.7515768945082871, 0.6385187452486158, 0.46368599089253565, 0.45660291055775315, 0.7730005163304812, 0.5059407202512127, 0.38376895215119516, 0.3349609658283988, 1.5939636409552682, 2.6286303466449423, 0.8439524960411949, 0.458005196322468, 219.4939632436132, 1.2894476251240745, 0.618834169474981, 0.4870325771424082, 0.39537800376485455, 0.33630263164863367, 1.1408218728385469, 0.7436613213464457, 0.6207560522284419, 0.4011345435632963, 0.40421309113663323, 2.1244597622365857, 0.6747462321884747, 0.8855260378182969, 0.37975693109832265, 0.31818872285646393, 0.2119436005314881, 0.6385599580331086, 0.31931192395359503, 0.5302297319519675, 0.31513244447892497, 0.3725423191040854, 0.9619769334775387, 0.8231439909088649, 1.889614507264939, 1.335123408392233, 0.8135136428558076, 0.9138657306398539, 1.606503061879203, 0.8432774780231784, 0.4615396406191606, 0.39084450933954, 0.27558505204857664, 0.19851050625963418, 4.102703045523518, 3.0611198183752446, 1.0041802170214733, 0.39967100905656205, 1.3571168806758616, 0.6762228310528674, 0.36245516910914805, 0.6913651999850307, 1.4732927638923856, 0.6463693558620921, 0.4355907600762443, 0.8781597460905849, 0.7862334757321819, 0.38619354369321723, 0.8503223637450393, 0.38629963554799895, 0.4403374889524931, 0.3306240679691084, 6.73131316766324, 0.8740645581836314, 0.4184280883091777, 0.36267782490731004, 0.693052282184676, 0.31693806171206257, 0.2418998671693884, 0.25505467099247453, 0.19428799179905212, 0.18935516343780703, 0.2607327470930146, 17.214767245350004, 1.826081333861156, 0.5585285845619549, 0.717490439696344, 0.2752521768392686, 0.3630968896715608, 0.19993391481436504, 0.2744728459067007, 0.1924922252366428, 0.8457671818964425, 1.2380584261232757, 0.2734337907703419, 0.1794412534229981, 1.036002313286046, 0.9347723189919989, 0.41401621093239277, 0.40499244757921893, 0.7549403555887286, 0.18875843183485325, 0.17954991669603976, 2.8676589178051666, 0.4631116133858328, 2.252440979652391, 0.5944733414845542, 0.549173187787127, 0.2981879386139163, 0.1889142054742526, 0.20443427949406484, 0.14301023637507204, 0.16186153921400923, 0.1662134817181541, 0.17291779221297446, 2.0367166917569985, 0.8761782829652444, 0.7759890963366685, 0.39622725449241875, 0.22760643640307585, 0.8474848458031687, 3.0316823810400204, 1.4246016446014227, 11.837575172170524, 4.7319020533308525, 1.6409501116106382, 0.5668789387312132, 0.4296913280781203, 0.23549756374181627, 0.20528143179158018, 0.7685543684345432, 0.26987868420887223, 0.4292503794154813, 0.35781325448185736, 0.5336234320258766, 0.26215961062760856, 0.5004116791380954, 0.1954612289533355, 0.15939115664044, 0.5977788094915554, 0.24838442402113795, 0.2040427939648603, 0.2048793574154942, 0.15952915067210996, 0.1461088789981098, 0.15240883246012915, 0.15660161015048615, 0.17682763587158473, 2.8654914154214475, 1.249134712936474, 0.6920794216948378, 0.3661078659729006, 0.5267101839401829, 1.6735002936244339, 0.5494105100741262, 0.35743518120349715, 0.21895704778584132, 0.6180125499835467, 0.17958129872188153, 0.32569477798200464, 0.15991565937415592, 0.15434967560910828, 0.5119931416929486, 0.46285416068377216, 0.5130774757736476, 0.23259783450198435, 0.2408961474259396, 0.1791459466479976, 0.14972485708960648, 0.33369147798840004, 0.439001675101425, 3.9569888641237223, 0.47099869387493254, 0.2891372944375407, 0.27770772397366195, 0.2724640228481481, 0.33863854329855925, 0.2376184642370054, 5.14209760168572, 0.9802984355918966, 0.34327195127400323, 0.6366025067298005, 0.2952717736674351, 0.20684927096077468, 0.1360890826086769, 0.4834519588701126, 0.28567584956018205, 0.1834674651414254, 0.1521057662178988, 0.17408037535071097, 0.11514300282984362, 0.11768874715880054, 0.17171973595318457, 0.5926252132589052, 0.3396593295973703, 0.48155537747891813, 0.16843851281053307, 0.25616976634313804, 0.1864927170222362, 0.1898427280425205, 34.65380642441181, 0.7374833227398991, 0.46080070311469773, 0.269974265398904, 0.20393982015933926, 0.3132560930445515, 0.19607558020194918, 0.15083162684745385, 0.45572567378494017, 0.18793351706932088, 0.18084088966754638, 0.2309343587383899, 0.1383719045518811, 0.3999191818262696, 0.22813074391632818, 0.21205021277582378, 0.42354152501241715, 0.21747961432363594, 0.130519087098019, 0.1181425628883268, 0.11023807308179394, 0.17052199214924832],