{"best_epoch": 55, "best_val_loss": 58.927972796244646, "train_loss_list": [359.07466340887703, 231.6985958383971, 152.84092265602692, 90.23942121273633, 41.96880459555293, 19.449239318468432, 7.082383726544826, 49.0163787002758, 277.81867290358775, 108.69239983350205, 15.333734821975806, 10.038161351471953, 8.051521280218017, 4.653587863240964, 20.95046890164975, 7.456900070041612, 3.1487199707700273, 2.075074774102708, 4.171460731232294, 2.0227439572972954, 1.3581293677627417, 1.5972866261558394, 1.9702960510815517, 29.522227819842083, 9.80138381071991, 7.098803766520698, 6.4944257660191615, 14.178244981832318, 3.9378722607159924, 6.113643892046319, 1.9890760208402, 1.5525325072408342, 20.165955571113138, 4.466502930729795, 8.204951295782312, 3.9830622152353468, 9.211583664478763, 8.123343762569341, 3.5581661746023174, 3.087203860929139, 2.893715651795217, 2.011667407932916, 1.878798700153866, 1.2404549397438538, 0.5886654892152616, 0.8090651643254674, 0.47843989728922254, 1.1736526678902919, 0.9138604653417796, 0.6964901624366112, 1.9320209180932806, 4.137454225443762, 0.9882067490777224, 0.8543173773886927, 0.7141614259731576, 0.5745717164189327, 0.7247894483410171, 0.8538779946617386, 5.962097095274041, 1.5359753668101697, 6.550968495511355, 2.259574712690513, 2.2675230223848724, 41.08146770387966, 6.727610108542427, 2.657415291821463, 1.4580834149883504, 1.4960309583768436, 22.65785305744894, 4.145797553427728, 1.796837610241517, 0.6795180752770877, 1.12607472846178, 2.248554270729829, 0.9749452496686397, 0.6613577782002656, 0.4931037450973997, 1.2246201840245055, 4.173985441779552, 1.437447377725535, 0.874506971249929, 0.5546367837684073, 0.3744570434759634, 0.318741209192706, 0.43314781468309055, 0.5059334959216422, 0.526764972991085, 4.648754263354727, 2.1852835671188418, 2.336649543668405, 0.8300458527218028, 2.1258363708189036, 7.055523360405259, 1.1291328979394857, 1.0647205778310616, 1.0091491943664483, 0.34160652285990156, 1.2476963637677672, 1.02361917283855, 7.6675378748217256, 2.3448076071832267, 1.3076562593420447, 2.6756007221466396, 1.7792366692904518, 0.884380098513267, 0.5606594321379432, 0.4917789481335335, 4.812077000351364, 1.3243742193350774, 0.5729608533745255, 3.009142727289786, 6.042515379160051, 2.934258432622959, 0.8876789456684404, 1.9665868492759486, 0.7503943699570427, 0.49840762318316717, 1.3201737559277253, 0.9113136813427424, 0.537505939495145, 0.43123675366340103, 0.3531085177042489, 2.0551774117361052, 2.3498865362160677, 0.5932758250700949, 0.3777335211896526, 0.440364278216658, 0.4293711837878162, 2.790941106469875, 1.445779375005662, 0.700741850467854, 0.7836456611908168, 0.42841958832614485, 0.40666170944919194, 0.2985171926723736, 0.2866619803183674, 0.8728531755861466, 0.47057291523564176, 0.5775840445604913, 0.41179083413275475, 0.6732259194941455, 0.43587152196421847, 11.608690345589492, 6.900276287605966, 0.9039063167019323, 0.7741840761390038, 1.147475223306459, 3.9628125862341315, 1.3844812272263256, 0.7219588716938458, 1.0105867540903024, 0.552311972416231, 3.2790041324240873, 0.9070212340049799, 0.7552126589237602, 1.2040272184615206, 0.7730721292713973, 0.37224731461719346, 0.309301392285961, 0.4725326134093983, 0.6118650275741192, 0.2855129183200738, 0.3085140521304785, 0.2764050335442998, 0.3423151083386849, 0.3058901993381035, 8.243734864741482, 2.6151570254307264, 1.514489669400906, 1.4392419981318503, 0.965860560383677, 0.6985228290619357, 0.4726920269248574, 0.8835784974496691, 0.5658011434359906, 15.233757643934181, 2.2094383555990946, 0.755552877502941, 0.6169492638407972, 0.7349049568123154, 0.853058452085874, 0.40195325969000184, 0.30908364825652634, 0.3686835853110635, 0.39031320753587495, 0.9417349179561431, 0.8207638398778516, 0.7069339402755114, 1.623513492416749, 1.3957605452176114, 0.52078078037151, 0.4571087326450751, 0.458561187497436, 2.651579225815501, 0.64469772638627, 0.49635679677222483, 0.6102946883928682, 0.3508932684886673, 0.31643124753078605, 0.4488832814320815, 0.8234449128944323, 1.340901104512678, 0.6594548080105629, 0.6134300054210007, 0.4278822143743478, 0.3736155482828012, 0.28320614314539916, 0.7504579498836431, 1.4804440083374002, 0.6375246714398356, 0.7829302972384306, 0.61059089431173, 10.938888056127645, 0.9020830442297813, 0.5289375323890205, 0.3119489146525895, 0.1830776914016546, 0.3365415907347578, 0.3237747813012598, 0.26418735822496264, 1.8584546234986707, 0.673785126126192, 0.6272335454055835, 0.23354640489088097, 0.3014427264093249, 0.23865831051545777, 0.21787252119891307, 0.15493271116554055, 0.24860408869588813, 0.2829090245844521, 0.36994525496529096, 1.9181898611300923, 0.9988973961280025, 0.5017909867073664, 0.32917879290277163, 0.33182036353931654, 0.36851708890719076, 0.2524873112733219, 0.2868788318531579, 0.8094373720401266, 1.0142757277352024, 0.4990791306205773, 0.3577865863623634, 0.18879297177657126, 0.15989551504852498, 0.2076450032311369, 0.3241193929139479, 5.8172924884716375, 6.55574315089661, 1.7476275000567956, 0.5481189298856388, 0.3555800778183337, 0.2634799568591817, 0.4992682159166831, 0.6658317529111754, 0.7114703228428928, 0.28803089206334775, 0.2557264532608215, 0.2630713975626063, 0.2724927851008206, 0.2334946799070555, 0.44861743439792484, 0.8604767835711516, 1.2604133782233216, 0.3894674320378288, 0.30890161139261924, 0.8792273955745823, 0.6251331168902416, 0.3004332100695428, 0.6737781422288059, 0.3091586841186136, 0.3920108151481812, 0.48474948574581433, 0.29724691909770573, 0.29715208238078067, 0.22529177104395753, 0.17553103238431242, 0.8073873756240102, 0.870061797255354, 0.5215888872633471, 0.4064057799474551, 0.27647880299875444, 0.21030206806598822, 0.1555407222896509, 0.1579051007628677, 0.11737359005831877, 0.13444448508518841, 0.13660439800431784, 0.14901257044853294, 0.14499896912446347, 0.514062571546193, 1.0316679894384155, 0.6826203863762931, 0.3808195419401879, 12.880665692813333, 0.5458461741156386, 0.4689716982435157, 0.3087425352978325, 0.2857053677602489, 0.19164931607092436, 0.27116537383559774, 0.9633753875870712, 1.6085796029436463, 0.7794822971563161, 0.2524828230749602, 0.27434445708574023, 0.3037759294147196, 0.1948437787527123, 0.14943554849568627, 0.18371487158771652, 0.2755388857782864, 0.2568525199107654, 0.26761388302877004, 0.13727525934168291, 0.13268812444212089, 0.11378716316277558, 0.12112454713691866, 0.13306182701328945, 0.14311745341809481, 0.18432331203903868, 3.510652713680853, 0.786941145680123, 0.5954504845362086, 0.2763359550877434, 0.18636098073331506, 0.20720692222636491, 0.15046247942286015, 0.09408431225839219, 0.1505793662818964, 0.1169734040354613, 0.15154809511386852, 0.1485838019139919, 0.14958777048198696, 0.7031279408174539, 0.5142044472010681, 0.2623844559201274, 0.2076599777836296, 0.16863568888498484, 0.12419167721911559, 0.1415555497733881, 0.12104665430020067, 0.11490430692026825, 0.5231510083542389, 0.31447222168017475, 0.3438515238627283, 0.19969206282665095, 0.28287591426108366, 0.13956214652174362, 0.15411588263932746, 0.10403488660419812, 0.2490025685313626, 0.12214640097366998, 0.371010978527515, 0.22339623132189895, 0.13589400080725594, 0.11643529225302554],