{"CC(=O)OCCC(C)OC(C)=O": 72.76725006103516, "CC(C#N)CCC#N": 66.92323303222656, "CC(C)CC(C)(C)C": 64.83959197998047, "CC(CC(C)(C)c1ccccc1)c1ccccc1": 56.34330368041992, "CC(CCC(N)=O)C(N)=O": 65.42131042480469, "CC(CCc1ccccc1)c1ccccc1": 61.770118713378906, "CC(CCn1c2ccccc2c2ccccc21)n1c2ccccc2c2ccccc21": 63.27128601074219, "CC(Cl)(Cl)CC(Cl)Cl": 68.29399871826172, "CC(Cl)CCCl": 72.42457580566406, "CC(F)(F)CC(F)F": 80.27862548828125, "CC(F)CCF": 75.93894958496094, "CC(O)CCO": 72.23960876464844, "CC(O)COC(C)C": 69.37599182128906, "CC=C(C)CCC=C(C)C": 45.483882904052734, "CC=C(Cl)CCC=C(C)Cl": 47.6171875, "CC=CCCC=CC": 47.36678695678711, "CCC(F)(Cl)C(F)(F)CCC(F)(Cl)C(F)F": 72.81632232666016, "CCC(F)(F)C(F)(F)CCC(F)(F)C(F)F": 76.34741973876953, "CCCC": 72.4643783569336, "CCCC(C)C": 70.30477142333984, "CCCC1OCCC(CC2CC(C)OC(CCC)O2)O1": 72.71373748779297, "CCCCOC(=O)C(C)CC(C)(C)C(=O)OCCCC": 61.63612747192383, "CCOC(=O)C(C)CC(C)(C)C(=O)OCC": 61.63612747192383, "CCOC(=O)CCC(C)C(=O)OCC": 66.23126220703125, "CCOC(=O)c1ccc(C(=O)OCCOC(=O)c2ccc(C(=O)O)cc2)cc1": 73.32502746582031, "CCOC(=O)c1ccc2cc(C(=O)OCCOC(=O)c3ccc4cc(C(=O)O)ccc4c3)ccc2c1": 73.32502746582031, "CCOCCO": 71.53826141357422, "COC(=O)C(C)CC(C)(C)C(=O)OC": 61.60503387451172, "COCO": 71.39518737792969, "Cc1cc(Oc2c(C)cccc2C)cc(C)c1O": 63.23151779174805, "Cc1cccc(C(=O)c2cccc(-c3ccccc3C(=O)c3cccc(C)c3)c2)c1": 80.07164764404297, "FC(Cl)C(F)(F)C(F)(Cl)C(F)F": 71.5635986328125, "FC(F)C(F)(F)C(F)(F)C(F)F": 73.66536712646484, "FCC(F)(F)C(F)C(F)F": 76.5535659790039, "NCCCCCC(=O)NCCCCCC=O": 67.2617416381836, "NCCCCCCCCCCCC(=O)NCCCCCCCCCCCC=O": 67.21878051757812, "NCCCCCCNC(=O)CCCCC(=O)NCCCCCCNC(=O)CCCCC=O": 67.21878051757812, "NCCCCCCNC(=O)CCCCCCCCC(=O)NCCCCCCNC(=O)CCCCCCCCC=O": 67.21878051757812, "NCCCCCCNC(=O)CCCCCCCCCCC(=O)NCCCCCCNC(=O)CCCCCCCCCCC=O": 67.21878051757812, "O=CCCCCCOC(=O)CCCCCO": 68.2866439819336, "O=Cc1ccc(C(=O)OCCCCOC(=O)c2ccc(C(=O)OCCCCO)cc2)cc1": 72.56208038330078}