{"CC(=O)OCCC(C)OC(C)=O": 88.01783752441406, "CC(C#N)CCC#N": 81.61763000488281, "CC(C)CC(C)(C)C": 81.76469421386719, "CC(CC(C)(C)c1ccccc1)c1ccccc1": 73.31880187988281, "CC(CCC(N)=O)C(N)=O": 81.85978698730469, "CC(CCc1ccccc1)c1ccccc1": 76.18229675292969, "CC(CCn1c2ccccc2c2ccccc21)n1c2ccccc2c2ccccc21": 79.51760864257812, "CC(Cl)(Cl)CC(Cl)Cl": 78.94559478759766, "CC(Cl)CCCl": 85.1065673828125, "CC(F)(F)CC(F)F": 94.95378112792969, "CC(F)CCF": 90.76522827148438, "CC(O)CCO": 86.29005432128906, "CC(O)COC(C)C": 83.63424682617188, "CC=C(C)CCC=C(C)C": 59.591896057128906, "CC=C(Cl)CCC=C(C)Cl": 60.84276580810547, "CC=CCCC=CC": 60.53371047973633, "CCC(F)(Cl)C(F)(F)CCC(F)(Cl)C(F)F": 83.43534088134766, "CCC(F)(F)C(F)(F)CCC(F)(F)C(F)F": 91.42572021484375, "CCCC": 87.27273559570312, "CCCC(C)C": 85.84999084472656, "CCCC1OCCC(CC2CC(C)OC(CCC)O2)O1": 87.48947143554688, "CCCCOC(=O)C(C)CC(C)(C)C(=O)OCCCC": 78.80142211914062, "CCOC(=O)C(C)CC(C)(C)C(=O)OCC": 78.80142211914062, "CCOC(=O)CCC(C)C(=O)OCC": 81.36564636230469, "CCOC(=O)c1ccc(C(=O)OCCOC(=O)c2ccc(C(=O)O)cc2)cc1": 88.002197265625, "CCOC(=O)c1ccc2cc(C(=O)OCCOC(=O)c3ccc4cc(C(=O)O)ccc4c3)ccc2c1": 88.002197265625, "CCOCCO": 85.25363159179688, "COC(=O)C(C)CC(C)(C)C(=O)OC": 78.77523803710938, "COCO": 84.14646911621094, "Cc1cc(Oc2c(C)cccc2C)cc(C)c1O": 76.85603332519531, "Cc1cccc(C(=O)c2cccc(-c3ccccc3C(=O)c3cccc(C)c3)c2)c1": 89.91657257080078, "FC(Cl)C(F)(F)C(F)(Cl)C(F)F": 82.12251281738281, "FC(F)C(F)(F)C(F)(F)C(F)F": 89.40153503417969, "FCC(F)(F)C(F)C(F)F": 91.16624450683594, "NCCCCCC(=O)NCCCCCC=O": 81.04212951660156, "NCCCCCCCCCCCC(=O)NCCCCCCCCCCCC=O": 81.02279663085938, "NCCCCCCNC(=O)CCCCC(=O)NCCCCCCNC(=O)CCCCC=O": 81.02279663085938, "NCCCCCCNC(=O)CCCCCCCCC(=O)NCCCCCCNC(=O)CCCCCCCCC=O": 81.02279663085938, "NCCCCCCNC(=O)CCCCCCCCCCC(=O)NCCCCCCNC(=O)CCCCCCCCCCC=O": 81.02279663085938, "O=CCCCCCOC(=O)CCCCCO": 82.09126281738281, "O=Cc1ccc(C(=O)OCCCCOC(=O)c2ccc(C(=O)OCCCCO)cc2)cc1": 87.10330200195312}