{"CC(=O)OCCC(CC(CC(C)OC(C)=O)OC(C)=O)OC(C)=O": 70.14096069335938, "CC(C#N)CC(C#N)CC(C#N)CCC#N": 67.45264434814453, "CC(C)CC(C)(C)CC(C)(C)CC(C)(C)C": 56.92292785644531, "CC(CC(C)(CC(C)(CC(C)(C)c1ccccc1)c1ccccc1)c1ccccc1)c1ccccc1": 53.59833526611328, "CC(CC(CC(CCC(N)=O)C(N)=O)C(N)=O)C(N)=O": 63.97743606567383, "CC(CC(CC(CCc1ccccc1)c1ccccc1)c1ccccc1)c1ccccc1": 60.27354049682617, "CC(CC(CC(CCn1c2ccccc2c2ccccc21)n1c2ccccc2c2ccccc21)n1c2ccccc2c2ccccc21)n1c2ccccc2c2ccccc21": 63.149452209472656, "CC(Cl)(Cl)CC(Cl)(Cl)CC(Cl)(Cl)CC(Cl)Cl": 64.03881072998047, "CC(Cl)CC(Cl)CC(Cl)CCCl": 70.85639953613281, "CC(F)(F)CC(F)(F)CC(F)(F)CC(F)F": 78.11650085449219, "CC(F)CC(F)CC(F)CCF": 76.00383758544922, "CC(O)CC(O)CC(O)CCO": 71.53491973876953, "CC(O)COC(C)COC(C)COC(C)C": 67.16258239746094, "CC=C(C)CCC=C(C)CCC=C(C)CCC=C(C)C": 45.419586181640625, "CC=C(Cl)CCC=C(Cl)CCC=C(Cl)CCC=C(C)Cl": 47.69220733642578, "CC=CCCC=CCCC=CCCC=CC": 47.44752502441406, "CCC(F)(Cl)C(F)(F)CCC(F)(Cl)C(F)(F)CCC(F)(Cl)C(F)(F)CCC(F)(Cl)C(F)F": 72.79051208496094, "CCC(F)(F)C(F)(F)CCC(F)(F)C(F)(F)CCC(F)(F)C(F)(F)CCC(F)(F)C(F)F": 76.34676361083984, "CCCC(C)CC(C)CC(C)C": 67.44866180419922, "CCCC1OCCC(CC2CC(CC3CC(CC4CC(C)OC(CCC)O4)OC(CCC)O3)OC(CCC)O2)O1": 72.72916412353516, "CCCCCCCC": 72.80461120605469, "CCCCOC(=O)C(C)CC(C)(CC(C)(CC(C)(C)C(=O)OCCCC)C(=O)OCCCC)C(=O)OCCCC": 59.645084381103516, "CCOC(=O)C(C)CC(C)(CC(C)(CC(C)(C)C(=O)OCC)C(=O)OCC)C(=O)OCC": 59.645084381103516, "CCOC(=O)CCC(CC(CC(C)C(=O)OCC)C(=O)OCC)C(=O)OCC": 66.14775848388672, "CCOC(=O)c1ccc(C(=O)OCCOC(=O)c2ccc(C(=O)OCCOC(=O)c3ccc(C(=O)OCCOC(=O)c4ccc(C(=O)O)cc4)cc3)cc2)cc1": 73.32502746582031, "CCOC(=O)c1ccc2cc(C(=O)OCCOC(=O)c3ccc4cc(C(=O)OCCOC(=O)c5ccc6cc(C(=O)OCCOC(=O)c7ccc8cc(C(=O)O)ccc8c7)ccc6c5)ccc4c3)ccc2c1": 73.32502746582031, "CCOCCOCCOCCO": 69.29852294921875, "COC(=O)C(C)CC(C)(CC(C)(CC(C)(C)C(=O)OC)C(=O)OC)C(=O)OC": 59.629974365234375, "COCOCOCO": 73.29093170166016, "Cc1cc(Oc2c(C)cc(Oc3c(C)cc(Oc4c(C)cccc4C)cc3C)cc2C)cc(C)c1O": 62.05781936645508, "Cc1cccc(C(=O)c2cccc(-c3ccc(-c4ccc(-c5ccccc5C(=O)c5cccc(C)c5)cc4C(=O)c4cccc(C)c4)cc3C(=O)c3cccc(C)c3)c2)c1": 79.74269104003906, "FC(Cl)C(F)(F)C(F)(Cl)C(F)(F)C(F)(Cl)C(F)(F)C(F)(Cl)C(F)F": 66.79254150390625, "FC(F)C(F)(F)C(F)(F)C(F)(F)C(F)(F)C(F)(F)C(F)(F)C(F)F": 71.72587585449219, "FCC(F)(F)C(F)C(F)(F)C(F)C(F)(F)C(F)C(F)F": 73.14945220947266, "NCCCCCC(=O)NCCCCCC(=O)NCCCCCC(=O)NCCCCCC=O": 67.2617416381836, "NCCCCCCCCCCCC(=O)NCCCCCCCCCCCC(=O)NCCCCCCCCCCCC(=O)NCCCCCCCCCCCC=O": 67.21878051757812, "NCCCCCCNC(=O)CCCCC(=O)NCCCCCCNC(=O)CCCCC(=O)NCCCCCCNC(=O)CCCCC(=O)NCCCCCCNC(=O)CCCCC=O": 67.21878051757812, "NCCCCCCNC(=O)CCCCCCCCC(=O)NCCCCCCNC(=O)CCCCCCCCC(=O)NCCCCCCNC(=O)CCCCCCCCC(=O)NCCCCCCNC(=O)CCCCCCCCC=O": 67.21878051757812, "NCCCCCCNC(=O)CCCCCCCCCCC(=O)NCCCCCCNC(=O)CCCCCCCCCCC(=O)NCCCCCCNC(=O)CCCCCCCCCCC(=O)NCCCCCCNC(=O)CCCCCCCCCCC=O": 67.21878051757812, "O=CCCCCCOC(=O)CCCCCOC(=O)CCCCCOC(=O)CCCCCO": 68.2866439819336, "O=Cc1ccc(C(=O)OCCCCOC(=O)c2ccc(C(=O)OCCCCOC(=O)c3ccc(C(=O)OCCCCOC(=O)c4ccc(C(=O)OCCCCO)cc4)cc3)cc2)cc1": 72.56208038330078}