{"CC(=O)OCCC(CC(CC(C)OC(C)=O)OC(C)=O)OC(C)=O": 85.44618225097656, "CC(C#N)CC(C#N)CC(C#N)CCC#N": 82.21266174316406, "CC(C)CC(C)(C)CC(C)(C)CC(C)(C)C": 75.362060546875, "CC(CC(C)(CC(C)(CC(C)(C)c1ccccc1)c1ccccc1)c1ccccc1)c1ccccc1": 71.22994995117188, "CC(CC(CC(CCC(N)=O)C(N)=O)C(N)=O)C(N)=O": 81.03291320800781, "CC(CC(CC(CCc1ccccc1)c1ccccc1)c1ccccc1)c1ccccc1": 75.33381652832031, "CC(CC(CC(CCn1c2ccccc2c2ccccc21)n1c2ccccc2c2ccccc21)n1c2ccccc2c2ccccc21)n1c2ccccc2c2ccccc21": 79.77377319335938, "CC(Cl)(Cl)CC(Cl)(Cl)CC(Cl)(Cl)CC(Cl)Cl": 75.02606201171875, "CC(Cl)CC(Cl)CC(Cl)CCCl": 84.1591796875, "CC(F)(F)CC(F)(F)CC(F)(F)CC(F)F": 94.03187561035156, "CC(F)CC(F)CC(F)CCF": 91.15499877929688, "CC(O)CC(O)CC(O)CCO": 85.73228454589844, "CC(O)COC(C)COC(C)COC(C)C": 81.70271301269531, "CC=C(C)CCC=C(C)CCC=C(C)CCC=C(C)C": 59.43266296386719, "CC=C(Cl)CCC=C(Cl)CCC=C(Cl)CCC=C(C)Cl": 60.83074951171875, "CC=CCCC=CCCC=CCCC=CC": 60.60218048095703, "CCC(F)(Cl)C(F)(F)CCC(F)(Cl)C(F)(F)CCC(F)(Cl)C(F)(F)CCC(F)(Cl)C(F)F": 83.43534851074219, "CCC(F)(F)C(F)(F)CCC(F)(F)C(F)(F)CCC(F)(F)C(F)(F)CCC(F)(F)C(F)F": 91.24127197265625, "CCCC(C)CC(C)CC(C)C": 84.18505859375, "CCCC1OCCC(CC2CC(CC3CC(CC4CC(C)OC(CCC)O4)OC(CCC)O3)OC(CCC)O2)O1": 87.49104309082031, "CCCCCCCC": 87.46363830566406, "CCCCOC(=O)C(C)CC(C)(CC(C)(CC(C)(C)C(=O)OCCCC)C(=O)OCCCC)C(=O)OCCCC": 77.36813354492188, "CCOC(=O)C(C)CC(C)(CC(C)(CC(C)(C)C(=O)OCC)C(=O)OCC)C(=O)OCC": 77.36813354492188, "CCOC(=O)CCC(CC(CC(C)C(=O)OCC)C(=O)OCC)C(=O)OCC": 82.21318054199219, "CCOC(=O)c1ccc(C(=O)OCCOC(=O)c2ccc(C(=O)OCCOC(=O)c3ccc(C(=O)OCCOC(=O)c4ccc(C(=O)O)cc4)cc3)cc2)cc1": 88.002197265625, "CCOC(=O)c1ccc2cc(C(=O)OCCOC(=O)c3ccc4cc(C(=O)OCCOC(=O)c5ccc6cc(C(=O)OCCOC(=O)c7ccc8cc(C(=O)O)ccc8c7)ccc6c5)ccc4c3)ccc2c1": 88.002197265625, "CCOCCOCCOCCO": 82.64324951171875, "COC(=O)C(C)CC(C)(CC(C)(CC(C)(C)C(=O)OC)C(=O)OC)C(=O)OC": 77.34255981445312, "COCOCOCO": 86.06993103027344, "Cc1cc(Oc2c(C)cc(Oc3c(C)cc(Oc4c(C)cccc4C)cc3C)cc2C)cc(C)c1O": 75.62985229492188, "Cc1cccc(C(=O)c2cccc(-c3ccc(-c4ccc(-c5ccccc5C(=O)c5cccc(C)c5)cc4C(=O)c4cccc(C)c4)cc3C(=O)c3cccc(C)c3)c2)c1": 89.91657257080078, "FC(Cl)C(F)(F)C(F)(Cl)C(F)(F)C(F)(Cl)C(F)(F)C(F)(Cl)C(F)F": 81.93898010253906, "FC(F)C(F)(F)C(F)(F)C(F)(F)C(F)(F)C(F)(F)C(F)(F)C(F)F": 88.8245849609375, "FCC(F)(F)C(F)C(F)(F)C(F)C(F)(F)C(F)C(F)F": 88.57257080078125, "NCCCCCC(=O)NCCCCCC(=O)NCCCCCC(=O)NCCCCCC=O": 81.04212951660156, "NCCCCCCCCCCCC(=O)NCCCCCCCCCCCC(=O)NCCCCCCCCCCCC(=O)NCCCCCCCCCCCC=O": 81.02279663085938, "NCCCCCCNC(=O)CCCCC(=O)NCCCCCCNC(=O)CCCCC(=O)NCCCCCCNC(=O)CCCCC(=O)NCCCCCCNC(=O)CCCCC=O": 81.02279663085938, "NCCCCCCNC(=O)CCCCCCCCC(=O)NCCCCCCNC(=O)CCCCCCCCC(=O)NCCCCCCNC(=O)CCCCCCCCC(=O)NCCCCCCNC(=O)CCCCCCCCC=O": 81.02279663085938, "NCCCCCCNC(=O)CCCCCCCCCCC(=O)NCCCCCCNC(=O)CCCCCCCCCCC(=O)NCCCCCCNC(=O)CCCCCCCCCCC(=O)NCCCCCCNC(=O)CCCCCCCCCCC=O": 81.02279663085938, "O=CCCCCCOC(=O)CCCCCOC(=O)CCCCCOC(=O)CCCCCO": 82.09126281738281, "O=Cc1ccc(C(=O)OCCCCOC(=O)c2ccc(C(=O)OCCCCOC(=O)c3ccc(C(=O)OCCCCOC(=O)c4ccc(C(=O)OCCCCO)cc4)cc3)cc2)cc1": 87.10330200195312}