{"CC(=O)OCCC(CC(C)OC(C)=O)OC(C)=O": 86.49507141113281, "CC(C#N)CC(C#N)CCC#N": 82.1512451171875, "CC(C)CC(C)(C)CC(C)(C)C": 76.8609619140625, "CC(CC(C)(CC(C)(C)c1ccccc1)c1ccccc1)c1ccccc1": 71.5068359375, "CC(CC(CCC(N)=O)C(N)=O)C(N)=O": 81.48410034179688, "CC(CC(CCc1ccccc1)c1ccccc1)c1ccccc1": 75.529052734375, "CC(CC(CCn1c2ccccc2c2ccccc21)n1c2ccccc2c2ccccc21)n1c2ccccc2c2ccccc21": 80.08612060546875, "CC(Cl)(Cl)CC(Cl)(Cl)CC(Cl)Cl": 76.25216674804688, "CC(Cl)CC(Cl)CCCl": 84.19141387939453, "CC(F)(F)CC(F)(F)CC(F)F": 93.98625183105469, "CC(F)CC(F)CCF": 91.15565490722656, "CC(O)CC(O)CCO": 85.74772644042969, "CC(O)COC(C)COC(C)C": 81.88746643066406, "CC=C(C)CCC=C(C)CCC=C(C)C": 59.43266296386719, "CC=C(Cl)CCC=C(Cl)CCC=C(C)Cl": 60.830745697021484, "CC=CCCC=CCCC=CC": 60.6021842956543, "CCC(F)(Cl)C(F)(F)CCC(F)(Cl)C(F)(F)CCC(F)(Cl)C(F)F": 83.43534088134766, "CCC(F)(F)C(F)(F)CCC(F)(F)C(F)(F)CCC(F)(F)C(F)F": 91.24200439453125, "CCCC(C)CC(C)C": 84.87294006347656, "CCCC1OCCC(CC2CC(CC3CC(C)OC(CCC)O3)OC(CCC)O2)O1": 87.49104309082031, "CCCCCC": 87.45881652832031, "CCCCOC(=O)C(C)CC(C)(CC(C)(C)C(=O)OCCCC)C(=O)OCCCC": 77.199462890625, "CCOC(=O)C(C)CC(C)(CC(C)(C)C(=O)OCC)C(=O)OCC": 77.199462890625, "CCOC(=O)CCC(CC(C)C(=O)OCC)C(=O)OCC": 82.18350219726562, "CCOC(=O)c1ccc(C(=O)OCCOC(=O)c2ccc(C(=O)OCCOC(=O)c3ccc(C(=O)O)cc3)cc2)cc1": 88.002197265625, "CCOC(=O)c1ccc2cc(C(=O)OCCOC(=O)c3ccc4cc(C(=O)OCCOC(=O)c5ccc6cc(C(=O)O)ccc6c5)ccc4c3)ccc2c1": 88.002197265625, "CCOCCOCCO": 82.79005432128906, "COC(=O)C(C)CC(C)(CC(C)(C)C(=O)OC)C(=O)OC": 77.1754150390625, "COCOCO": 84.29548645019531, "Cc1cc(Oc2c(C)cc(Oc3c(C)cccc3C)cc2C)cc(C)c1O": 75.62985229492188, "Cc1cccc(C(=O)c2cccc(-c3ccc(-c4ccccc4C(=O)c4cccc(C)c4)cc3C(=O)c3cccc(C)c3)c2)c1": 89.91657257080078, "FC(Cl)C(F)(F)C(F)(Cl)C(F)(F)C(F)(Cl)C(F)F": 81.94868469238281, "FC(F)C(F)(F)C(F)(F)C(F)(F)C(F)(F)C(F)F": 89.10044860839844, "FCC(F)(F)C(F)C(F)(F)C(F)C(F)F": 90.0843505859375, "NCCCCCC(=O)NCCCCCC(=O)NCCCCCC=O": 81.04212951660156, "NCCCCCCCCCCCC(=O)NCCCCCCCCCCCC(=O)NCCCCCCCCCCCC=O": 81.02279663085938, "NCCCCCCNC(=O)CCCCC(=O)NCCCCCCNC(=O)CCCCC(=O)NCCCCCCNC(=O)CCCCC=O": 81.02279663085938, "NCCCCCCNC(=O)CCCCCCCCC(=O)NCCCCCCNC(=O)CCCCCCCCC(=O)NCCCCCCNC(=O)CCCCCCCCC=O": 81.02279663085938, "NCCCCCCNC(=O)CCCCCCCCCCC(=O)NCCCCCCNC(=O)CCCCCCCCCCC(=O)NCCCCCCNC(=O)CCCCCCCCCCC=O": 81.02279663085938, "O=CCCCCCOC(=O)CCCCCOC(=O)CCCCCO": 82.09126281738281, "O=Cc1ccc(C(=O)OCCCCOC(=O)c2ccc(C(=O)OCCCCOC(=O)c3ccc(C(=O)OCCCCO)cc3)cc2)cc1": 87.10330200195312}