{"CC(=O)OCCC(CC(C)OC(C)=O)OC(C)=O": 71.05327606201172, "CC(C#N)CC(C#N)CCC#N": 67.4392318725586, "CC(C)CC(C)(C)CC(C)(C)C": 58.34403991699219, "CC(CC(C)(CC(C)(C)c1ccccc1)c1ccccc1)c1ccccc1": 54.76514434814453, "CC(CC(CCC(N)=O)C(N)=O)C(N)=O": 64.74944305419922, "CC(CC(CCc1ccccc1)c1ccccc1)c1ccccc1": 60.956153869628906, "CC(CC(CCn1c2ccccc2c2ccccc21)n1c2ccccc2c2ccccc21)n1c2ccccc2c2ccccc21": 63.31791687011719, "CC(Cl)(Cl)CC(Cl)(Cl)CC(Cl)Cl": 65.6136474609375, "CC(Cl)CC(Cl)CCCl": 71.30313873291016, "CC(F)(F)CC(F)(F)CC(F)F": 78.74079132080078, "CC(F)CC(F)CCF": 75.96808624267578, "CC(O)CC(O)CCO": 71.8077163696289, "CC(O)COC(C)COC(C)C": 67.3404541015625, "CC=C(C)CCC=C(C)CCC=C(C)C": 45.419586181640625, "CC=C(Cl)CCC=C(Cl)CCC=C(C)Cl": 47.69220733642578, "CC=CCCC=CCCC=CC": 47.44752502441406, "CCC(F)(Cl)C(F)(F)CCC(F)(Cl)C(F)(F)CCC(F)(Cl)C(F)F": 72.79051208496094, "CCC(F)(F)C(F)(F)CCC(F)(F)C(F)(F)CCC(F)(F)C(F)F": 76.34675598144531, "CCCC(C)CC(C)C": 68.48668670654297, "CCCC1OCCC(CC2CC(CC3CC(C)OC(CCC)O3)OC(CCC)O2)O1": 72.72916412353516, "CCCCCC": 72.79442596435547, "CCCCOC(=O)C(C)CC(C)(CC(C)(C)C(=O)OCCCC)C(=O)OCCCC": 59.400779724121094, "CCOC(=O)C(C)CC(C)(CC(C)(C)C(=O)OCC)C(=O)OCC": 59.400779724121094, "CCOC(=O)CCC(CC(C)C(=O)OCC)C(=O)OCC": 66.1719741821289, "CCOC(=O)c1ccc(C(=O)OCCOC(=O)c2ccc(C(=O)OCCOC(=O)c3ccc(C(=O)O)cc3)cc2)cc1": 73.32502746582031, "CCOC(=O)c1ccc2cc(C(=O)OCCOC(=O)c3ccc4cc(C(=O)OCCOC(=O)c5ccc6cc(C(=O)O)ccc6c5)ccc4c3)ccc2c1": 73.32502746582031, "CCOCCOCCO": 69.45537567138672, "COC(=O)C(C)CC(C)(CC(C)(C)C(=O)OC)C(=O)OC": 59.387569427490234, "COCOCO": 71.54549407958984, "Cc1cc(Oc2c(C)cc(Oc3c(C)cccc3C)cc2C)cc(C)c1O": 62.05781936645508, "Cc1cccc(C(=O)c2cccc(-c3ccc(-c4ccccc4C(=O)c4cccc(C)c4)cc3C(=O)c3cccc(C)c3)c2)c1": 79.74269104003906, "FC(Cl)C(F)(F)C(F)(Cl)C(F)(F)C(F)(Cl)C(F)F": 68.19466400146484, "FC(F)C(F)(F)C(F)(F)C(F)(F)C(F)(F)C(F)F": 72.16670989990234, "FCC(F)(F)C(F)C(F)(F)C(F)C(F)F": 74.72017669677734, "NCCCCCC(=O)NCCCCCC(=O)NCCCCCC=O": 67.2617416381836, "NCCCCCCCCCCCC(=O)NCCCCCCCCCCCC(=O)NCCCCCCCCCCCC=O": 67.21878051757812, "NCCCCCCNC(=O)CCCCC(=O)NCCCCCCNC(=O)CCCCC(=O)NCCCCCCNC(=O)CCCCC=O": 67.21878051757812, "NCCCCCCNC(=O)CCCCCCCCC(=O)NCCCCCCNC(=O)CCCCCCCCC(=O)NCCCCCCNC(=O)CCCCCCCCC=O": 67.21878051757812, "NCCCCCCNC(=O)CCCCCCCCCCC(=O)NCCCCCCNC(=O)CCCCCCCCCCC(=O)NCCCCCCNC(=O)CCCCCCCCCCC=O": 67.21878051757812, "O=CCCCCCOC(=O)CCCCCOC(=O)CCCCCO": 68.2866439819336, "O=Cc1ccc(C(=O)OCCCCOC(=O)c2ccc(C(=O)OCCCCOC(=O)c3ccc(C(=O)OCCCCO)cc3)cc2)cc1": 72.56208038330078}