{
    "0": [
        450.0,
        820.0,
        0.5487804878048781
    ],
    "1": [
        474.0,
        820.0,
        0.5780487804878048
    ],
    "2": [
        468.0,
        820.0,
        0.5707317073170731
    ],
    "3": [
        476.0,
        820.0,
        0.5804878048780487
    ],
    "4": [
        446.0,
        820.0,
        0.5439024390243903
    ],
    "5": [
        436.0,
        820.0,
        0.5317073170731708
    ],
    "6": [
        451.0,
        820.0,
        0.55
    ],
    "7": [
        447.0,
        820.0,
        0.5451219512195122
    ],
    "8": [
        463.0,
        820.0,
        0.5646341463414634
    ],
    "9": [
        446.0,
        820.0,
        0.5439024390243903
    ]
}