{
    "0": [
        509.0,
        820.0,
        0.6207317073170732
    ],
    "1": [
        462.0,
        820.0,
        0.5634146341463414
    ],
    "2": [
        461.0,
        820.0,
        0.5621951219512196
    ],
    "3": [
        476.0,
        820.0,
        0.5804878048780487
    ],
    "4": [
        455.0,
        820.0,
        0.5548780487804879
    ],
    "5": [
        491.0,
        820.0,
        0.598780487804878
    ],
    "6": [
        443.0,
        820.0,
        0.5402439024390244
    ],
    "7": [
        470.0,
        820.0,
        0.573170731707317
    ],
    "8": [
        446.0,
        820.0,
        0.5439024390243903
    ],
    "9": [
        446.0,
        820.0,
        0.5439024390243903
    ]
}