{
    "0": [
        455.0,
        820.0,
        0.5548780487804879
    ],
    "1": [
        463.0,
        820.0,
        0.5646341463414634
    ],
    "2": [
        438.0,
        820.0,
        0.5341463414634147
    ],
    "3": [
        456.0,
        820.0,
        0.5560975609756098
    ],
    "4": [
        448.0,
        820.0,
        0.5463414634146342
    ],
    "5": [
        456.0,
        820.0,
        0.5560975609756098
    ],
    "6": [
        464.0,
        820.0,
        0.5658536585365853
    ],
    "7": [
        440.0,
        820.0,
        0.5365853658536586
    ],
    "8": [
        456.0,
        820.0,
        0.5560975609756098
    ],
    "9": [
        458.0,
        820.0,
        0.5585365853658537
    ]
}