{
    "0": [
        468.0,
        820.0,
        0.5707317073170731
    ],
    "1": [
        464.0,
        820.0,
        0.5658536585365853
    ],
    "2": [
        484.0,
        820.0,
        0.5902439024390244
    ],
    "3": [
        462.0,
        820.0,
        0.5634146341463414
    ],
    "4": [
        475.0,
        820.0,
        0.5792682926829268
    ],
    "5": [
        478.0,
        820.0,
        0.5829268292682926
    ],
    "6": [
        458.0,
        820.0,
        0.5585365853658537
    ],
    "7": [
        453.0,
        820.0,
        0.552439024390244
    ],
    "8": [
        439.0,
        820.0,
        0.5353658536585366
    ],
    "9": [
        462.0,
        820.0,
        0.5634146341463414
    ]
}