{
    "0": [
        460.0,
        820.0,
        0.5609756097560976
    ],
    "1": [
        406.0,
        820.0,
        0.4951219512195122
    ],
    "2": [
        471.0,
        820.0,
        0.574390243902439
    ],
    "3": [
        448.0,
        820.0,
        0.5463414634146342
    ],
    "4": [
        448.0,
        820.0,
        0.5463414634146342
    ],
    "5": [
        446.0,
        820.0,
        0.5439024390243903
    ],
    "6": [
        462.0,
        820.0,
        0.5634146341463414
    ],
    "7": [
        425.0,
        820.0,
        0.5182926829268293
    ],
    "8": [
        481.0,
        820.0,
        0.5865853658536585
    ],
    "9": [
        450.0,
        820.0,
        0.5487804878048781
    ]
}