{
    "0": [
        401.0,
        820.0,
        0.48902439024390243
    ],
    "1": [
        420.0,
        820.0,
        0.5121951219512195
    ],
    "2": [
        400.0,
        820.0,
        0.4878048780487805
    ],
    "3": [
        401.0,
        820.0,
        0.48902439024390243
    ],
    "4": [
        402.0,
        820.0,
        0.4902439024390244
    ],
    "5": [
        387.0,
        820.0,
        0.4719512195121951
    ],
    "6": [
        417.0,
        820.0,
        0.5085365853658537
    ],
    "7": [
        429.0,
        820.0,
        0.5231707317073171
    ],
    "8": [
        395.0,
        820.0,
        0.4817073170731707
    ],
    "9": [
        400.0,
        820.0,
        0.4878048780487805
    ]
}