{
    "0": [
        447.0,
        820.0,
        0.5451219512195122
    ],
    "1": [
        471.0,
        820.0,
        0.574390243902439
    ],
    "2": [
        470.0,
        820.0,
        0.573170731707317
    ],
    "3": [
        428.0,
        820.0,
        0.5219512195121951
    ],
    "4": [
        434.0,
        820.0,
        0.5292682926829269
    ],
    "5": [
        484.0,
        820.0,
        0.5902439024390244
    ],
    "6": [
        456.0,
        820.0,
        0.5560975609756098
    ],
    "7": [
        472.0,
        820.0,
        0.5756097560975609
    ],
    "8": [
        445.0,
        820.0,
        0.5426829268292683
    ],
    "9": [
        477.0,
        820.0,
        0.5817073170731707
    ]
}