{
    "0": [
        469.0,
        820.0,
        0.5719512195121951
    ],
    "1": [
        474.0,
        820.0,
        0.5780487804878048
    ],
    "2": [
        472.0,
        820.0,
        0.5756097560975609
    ],
    "3": [
        459.0,
        820.0,
        0.5597560975609757
    ],
    "4": [
        464.0,
        820.0,
        0.5658536585365853
    ],
    "5": [
        487.0,
        820.0,
        0.5939024390243902
    ],
    "6": [
        461.0,
        820.0,
        0.5621951219512196
    ],
    "7": [
        452.0,
        820.0,
        0.551219512195122
    ],
    "8": [
        465.0,
        820.0,
        0.5670731707317073
    ],
    "9": [
        489.0,
        820.0,
        0.5963414634146341
    ]
}