{
    "0": [
        443.0,
        820.0,
        0.5402439024390244
    ],
    "1": [
        458.0,
        820.0,
        0.5585365853658537
    ],
    "2": [
        442.0,
        820.0,
        0.5390243902439025
    ],
    "3": [
        510.0,
        820.0,
        0.6219512195121951
    ],
    "4": [
        456.0,
        820.0,
        0.5560975609756098
    ],
    "5": [
        461.0,
        820.0,
        0.5621951219512196
    ],
    "6": [
        448.0,
        820.0,
        0.5463414634146342
    ],
    "7": [
        475.0,
        820.0,
        0.5792682926829268
    ],
    "8": [
        446.0,
        820.0,
        0.5439024390243903
    ],
    "9": [
        456.0,
        820.0,
        0.5560975609756098
    ]
}