{
    "0": [
        470.0,
        820.0,
        0.573170731707317
    ],
    "1": [
        503.0,
        820.0,
        0.6134146341463415
    ],
    "2": [
        425.0,
        820.0,
        0.5182926829268293
    ],
    "3": [
        454.0,
        820.0,
        0.5536585365853659
    ],
    "4": [
        478.0,
        820.0,
        0.5829268292682926
    ],
    "5": [
        449.0,
        820.0,
        0.5475609756097561
    ],
    "6": [
        451.0,
        820.0,
        0.55
    ],
    "7": [
        455.0,
        820.0,
        0.5548780487804879
    ],
    "8": [
        456.0,
        820.0,
        0.5560975609756098
    ],
    "9": [
        438.0,
        820.0,
        0.5341463414634147
    ]
}