{
    "0": [
        425.0,
        820.0,
        0.5182926829268293
    ],
    "1": [
        438.0,
        820.0,
        0.5341463414634147
    ],
    "2": [
        484.0,
        820.0,
        0.5902439024390244
    ],
    "3": [
        520.0,
        820.0,
        0.6341463414634146
    ],
    "4": [
        442.0,
        820.0,
        0.5390243902439025
    ],
    "5": [
        459.0,
        820.0,
        0.5597560975609757
    ],
    "6": [
        466.0,
        820.0,
        0.5682926829268292
    ],
    "7": [
        440.0,
        820.0,
        0.5365853658536586
    ],
    "8": [
        475.0,
        820.0,
        0.5792682926829268
    ],
    "9": [
        441.0,
        820.0,
        0.5378048780487805
    ]
}