{
    "0": [
        444.0,
        820.0,
        0.5414634146341464
    ],
    "1": [
        474.0,
        820.0,
        0.5780487804878048
    ],
    "2": [
        466.0,
        820.0,
        0.5682926829268292
    ],
    "3": [
        478.0,
        820.0,
        0.5829268292682926
    ],
    "4": [
        445.0,
        820.0,
        0.5426829268292683
    ],
    "5": [
        429.0,
        820.0,
        0.5231707317073171
    ],
    "6": [
        462.0,
        820.0,
        0.5634146341463414
    ],
    "7": [
        446.0,
        820.0,
        0.5439024390243903
    ],
    "8": [
        452.0,
        820.0,
        0.551219512195122
    ],
    "9": [
        441.0,
        820.0,
        0.5378048780487805
    ]
}