{
    "0": [
        445.0,
        820.0,
        0.5426829268292683
    ],
    "1": [
        457.0,
        820.0,
        0.5573170731707318
    ],
    "2": [
        441.0,
        820.0,
        0.5378048780487805
    ],
    "3": [
        453.0,
        820.0,
        0.552439024390244
    ],
    "4": [
        447.0,
        820.0,
        0.5451219512195122
    ],
    "5": [
        450.0,
        820.0,
        0.5487804878048781
    ],
    "6": [
        470.0,
        820.0,
        0.573170731707317
    ],
    "7": [
        443.0,
        820.0,
        0.5402439024390244
    ],
    "8": [
        447.0,
        820.0,
        0.5451219512195122
    ],
    "9": [
        451.0,
        820.0,
        0.55
    ]
}