{
    "0": [
        430.0,
        820.0,
        0.524390243902439
    ],
    "1": [
        436.0,
        820.0,
        0.5317073170731708
    ],
    "2": [
        490.0,
        820.0,
        0.5975609756097561
    ],
    "3": [
        538.0,
        820.0,
        0.6560975609756098
    ],
    "4": [
        444.0,
        820.0,
        0.5414634146341464
    ],
    "5": [
        456.0,
        820.0,
        0.5560975609756098
    ],
    "6": [
        477.0,
        820.0,
        0.5817073170731707
    ],
    "7": [
        453.0,
        820.0,
        0.552439024390244
    ],
    "8": [
        468.0,
        820.0,
        0.5707317073170731
    ],
    "9": [
        441.0,
        820.0,
        0.5378048780487805
    ]
}