{
    "0": [
        504.0,
        820.0,
        0.6146341463414634
    ],
    "1": [
        461.0,
        820.0,
        0.5621951219512196
    ],
    "2": [
        454.0,
        820.0,
        0.5536585365853659
    ],
    "3": [
        470.0,
        820.0,
        0.573170731707317
    ],
    "4": [
        449.0,
        820.0,
        0.5475609756097561
    ],
    "5": [
        490.0,
        820.0,
        0.5975609756097561
    ],
    "6": [
        436.0,
        820.0,
        0.5317073170731708
    ],
    "7": [
        466.0,
        820.0,
        0.5682926829268292
    ],
    "8": [
        445.0,
        820.0,
        0.5426829268292683
    ],
    "9": [
        444.0,
        820.0,
        0.5414634146341464
    ]
}