{
    "0": [
        467.0,
        820.0,
        0.5695121951219512
    ],
    "1": [
        466.0,
        820.0,
        0.5682926829268292
    ],
    "2": [
        457.0,
        820.0,
        0.5573170731707318
    ],
    "3": [
        448.0,
        820.0,
        0.5463414634146342
    ],
    "4": [
        469.0,
        820.0,
        0.5719512195121951
    ],
    "5": [
        486.0,
        820.0,
        0.5926829268292683
    ],
    "6": [
        462.0,
        820.0,
        0.5634146341463414
    ],
    "7": [
        443.0,
        820.0,
        0.5402439024390244
    ],
    "8": [
        462.0,
        820.0,
        0.5634146341463414
    ],
    "9": [
        482.0,
        820.0,
        0.5878048780487805
    ]
}