{
    "0": [
        466.0,
        820.0,
        0.5682926829268292
    ],
    "1": [
        499.0,
        820.0,
        0.6085365853658536
    ],
    "2": [
        433.0,
        820.0,
        0.5280487804878049
    ],
    "3": [
        449.0,
        820.0,
        0.5475609756097561
    ],
    "4": [
        472.0,
        820.0,
        0.5756097560975609
    ],
    "5": [
        449.0,
        820.0,
        0.5475609756097561
    ],
    "6": [
        446.0,
        820.0,
        0.5439024390243903
    ],
    "7": [
        450.0,
        820.0,
        0.5487804878048781
    ],
    "8": [
        446.0,
        820.0,
        0.5439024390243903
    ],
    "9": [
        432.0,
        820.0,
        0.526829268292683
    ]
}