{
    "0": [
        449.0,
        820.0,
        0.5475609756097561
    ],
    "1": [
        462.0,
        820.0,
        0.5634146341463414
    ],
    "2": [
        474.0,
        820.0,
        0.5780487804878048
    ],
    "3": [
        426.0,
        820.0,
        0.5195121951219512
    ],
    "4": [
        427.0,
        820.0,
        0.5207317073170732
    ],
    "5": [
        488.0,
        820.0,
        0.5951219512195122
    ],
    "6": [
        442.0,
        820.0,
        0.5390243902439025
    ],
    "7": [
        470.0,
        820.0,
        0.573170731707317
    ],
    "8": [
        434.0,
        820.0,
        0.5292682926829269
    ],
    "9": [
        477.0,
        820.0,
        0.5817073170731707
    ]
}