{
    "0": [
        382.0,
        820.0,
        0.4658536585365854
    ],
    "1": [
        405.0,
        820.0,
        0.49390243902439024
    ],
    "2": [
        390.0,
        820.0,
        0.47560975609756095
    ],
    "3": [
        374.0,
        820.0,
        0.4560975609756098
    ],
    "4": [
        388.0,
        820.0,
        0.47317073170731705
    ],
    "5": [
        375.0,
        820.0,
        0.4573170731707317
    ],
    "6": [
        409.0,
        820.0,
        0.49878048780487805
    ],
    "7": [
        413.0,
        820.0,
        0.5036585365853659
    ],
    "8": [
        369.0,
        820.0,
        0.45
    ],
    "9": [
        383.0,
        820.0,
        0.46707317073170734
    ]
}