{
    "0": [
        466.0,
        820.0,
        0.5682926829268292
    ],
    "1": [
        453.0,
        820.0,
        0.552439024390244
    ],
    "2": [
        478.0,
        820.0,
        0.5829268292682926
    ],
    "3": [
        463.0,
        820.0,
        0.5646341463414634
    ],
    "4": [
        465.0,
        820.0,
        0.5670731707317073
    ],
    "5": [
        472.0,
        820.0,
        0.5756097560975609
    ],
    "6": [
        454.0,
        820.0,
        0.5536585365853659
    ],
    "7": [
        442.0,
        820.0,
        0.5390243902439025
    ],
    "8": [
        432.0,
        820.0,
        0.526829268292683
    ],
    "9": [
        457.0,
        820.0,
        0.5573170731707318
    ]
}