{
    "0": [
        459.0,
        820.0,
        0.5597560975609757
    ],
    "1": [
        405.0,
        820.0,
        0.49390243902439024
    ],
    "2": [
        463.0,
        820.0,
        0.5646341463414634
    ],
    "3": [
        436.0,
        820.0,
        0.5317073170731708
    ],
    "4": [
        440.0,
        820.0,
        0.5365853658536586
    ],
    "5": [
        443.0,
        820.0,
        0.5402439024390244
    ],
    "6": [
        454.0,
        820.0,
        0.5536585365853659
    ],
    "7": [
        418.0,
        820.0,
        0.5097560975609756
    ],
    "8": [
        472.0,
        820.0,
        0.5756097560975609
    ],
    "9": [
        447.0,
        820.0,
        0.5451219512195122
    ]
}