{
    "0": [
        448.0,
        820.0,
        0.5463414634146342
    ],
    "1": [
        454.0,
        820.0,
        0.5536585365853659
    ],
    "2": [
        439.0,
        820.0,
        0.5353658536585366
    ],
    "3": [
        520.0,
        820.0,
        0.6341463414634146
    ],
    "4": [
        459.0,
        820.0,
        0.5597560975609757
    ],
    "5": [
        455.0,
        820.0,
        0.5548780487804879
    ],
    "6": [
        454.0,
        820.0,
        0.5536585365853659
    ],
    "7": [
        472.0,
        820.0,
        0.5756097560975609
    ],
    "8": [
        447.0,
        820.0,
        0.5451219512195122
    ],
    "9": [
        451.0,
        820.0,
        0.55
    ]
}