{
    "0": [
        455.0,
        820.0,
        0.5548780487804879
    ],
    "1": [
        468.0,
        820.0,
        0.5707317073170731
    ],
    "2": [
        450.0,
        820.0,
        0.5487804878048781
    ],
    "3": [
        527.0,
        820.0,
        0.6426829268292683
    ],
    "4": [
        468.0,
        820.0,
        0.5707317073170731
    ],
    "5": [
        469.0,
        820.0,
        0.5719512195121951
    ],
    "6": [
        465.0,
        820.0,
        0.5670731707317073
    ],
    "7": [
        485.0,
        820.0,
        0.5914634146341463
    ],
    "8": [
        457.0,
        820.0,
        0.5573170731707318
    ],
    "9": [
        465.0,
        820.0,
        0.5670731707317073
    ]
}