{
    "0": [
        456.0,
        820.0,
        0.5560975609756098
    ],
    "1": [
        485.0,
        820.0,
        0.5914634146341463
    ],
    "2": [
        477.0,
        820.0,
        0.5817073170731707
    ],
    "3": [
        488.0,
        820.0,
        0.5951219512195122
    ],
    "4": [
        457.0,
        820.0,
        0.5573170731707318
    ],
    "5": [
        445.0,
        820.0,
        0.5426829268292683
    ],
    "6": [
        467.0,
        820.0,
        0.5695121951219512
    ],
    "7": [
        458.0,
        820.0,
        0.5585365853658537
    ],
    "8": [
        473.0,
        820.0,
        0.5768292682926829
    ],
    "9": [
        454.0,
        820.0,
        0.5536585365853659
    ]
}