{
    "0": [
        402.0,
        820.0,
        0.4902439024390244
    ],
    "1": [
        422.0,
        820.0,
        0.5146341463414634
    ],
    "2": [
        404.0,
        820.0,
        0.4926829268292683
    ],
    "3": [
        397.0,
        820.0,
        0.4841463414634146
    ],
    "4": [
        405.0,
        820.0,
        0.49390243902439024
    ],
    "5": [
        389.0,
        820.0,
        0.474390243902439
    ],
    "6": [
        422.0,
        820.0,
        0.5146341463414634
    ],
    "7": [
        431.0,
        820.0,
        0.525609756097561
    ],
    "8": [
        394.0,
        820.0,
        0.48048780487804876
    ],
    "9": [
        402.0,
        820.0,
        0.4902439024390244
    ]
}