{
    "0": [
        457.0,
        820.0,
        0.5573170731707318
    ],
    "1": [
        476.0,
        820.0,
        0.5804878048780487
    ],
    "2": [
        483.0,
        820.0,
        0.5890243902439024
    ],
    "3": [
        435.0,
        820.0,
        0.5304878048780488
    ],
    "4": [
        439.0,
        820.0,
        0.5353658536585366
    ],
    "5": [
        497.0,
        820.0,
        0.6060975609756097
    ],
    "6": [
        460.0,
        820.0,
        0.5609756097560976
    ],
    "7": [
        482.0,
        820.0,
        0.5878048780487805
    ],
    "8": [
        449.0,
        820.0,
        0.5475609756097561
    ],
    "9": [
        488.0,
        820.0,
        0.5951219512195122
    ]
}