{
    "0": [
        470.0,
        820.0,
        0.573170731707317
    ],
    "1": [
        413.0,
        820.0,
        0.5036585365853659
    ],
    "2": [
        480.0,
        820.0,
        0.5853658536585366
    ],
    "3": [
        452.0,
        820.0,
        0.551219512195122
    ],
    "4": [
        454.0,
        820.0,
        0.5536585365853659
    ],
    "5": [
        454.0,
        820.0,
        0.5536585365853659
    ],
    "6": [
        468.0,
        820.0,
        0.5707317073170731
    ],
    "7": [
        431.0,
        820.0,
        0.525609756097561
    ],
    "8": [
        488.0,
        820.0,
        0.5951219512195122
    ],
    "9": [
        458.0,
        820.0,
        0.5585365853658537
    ]
}