{
    "0": [
        462.0,
        820.0,
        0.5634146341463414
    ],
    "1": [
        470.0,
        820.0,
        0.573170731707317
    ],
    "2": [
        450.0,
        820.0,
        0.5487804878048781
    ],
    "3": [
        464.0,
        820.0,
        0.5658536585365853
    ],
    "4": [
        457.0,
        820.0,
        0.5573170731707318
    ],
    "5": [
        464.0,
        820.0,
        0.5658536585365853
    ],
    "6": [
        480.0,
        820.0,
        0.5853658536585366
    ],
    "7": [
        452.0,
        820.0,
        0.551219512195122
    ],
    "8": [
        461.0,
        820.0,
        0.5621951219512196
    ],
    "9": [
        466.0,
        820.0,
        0.5682926829268292
    ]
}