{
    "0": [
        521.0,
        820.0,
        0.6353658536585366
    ],
    "1": [
        473.0,
        820.0,
        0.5768292682926829
    ],
    "2": [
        465.0,
        820.0,
        0.5670731707317073
    ],
    "3": [
        483.0,
        820.0,
        0.5890243902439024
    ],
    "4": [
        460.0,
        820.0,
        0.5609756097560976
    ],
    "5": [
        500.0,
        820.0,
        0.6097560975609756
    ],
    "6": [
        449.0,
        820.0,
        0.5475609756097561
    ],
    "7": [
        477.0,
        820.0,
        0.5817073170731707
    ],
    "8": [
        457.0,
        820.0,
        0.5573170731707318
    ],
    "9": [
        455.0,
        820.0,
        0.5548780487804879
    ]
}