{
    "0": [
        478.0,
        820.0,
        0.5829268292682926
    ],
    "1": [
        515.0,
        820.0,
        0.6280487804878049
    ],
    "2": [
        439.0,
        820.0,
        0.5353658536585366
    ],
    "3": [
        463.0,
        820.0,
        0.5646341463414634
    ],
    "4": [
        486.0,
        820.0,
        0.5926829268292683
    ],
    "5": [
        457.0,
        820.0,
        0.5573170731707318
    ],
    "6": [
        457.0,
        820.0,
        0.5573170731707318
    ],
    "7": [
        463.0,
        820.0,
        0.5646341463414634
    ],
    "8": [
        462.0,
        820.0,
        0.5634146341463414
    ],
    "9": [
        442.0,
        820.0,
        0.5390243902439025
    ]
}