{
    "0": [
        436.0,
        820.0,
        0.5317073170731708
    ],
    "1": [
        447.0,
        820.0,
        0.5451219512195122
    ],
    "2": [
        499.0,
        820.0,
        0.6085365853658536
    ],
    "3": [
        539.0,
        820.0,
        0.6573170731707317
    ],
    "4": [
        451.0,
        820.0,
        0.55
    ],
    "5": [
        467.0,
        820.0,
        0.5695121951219512
    ],
    "6": [
        482.0,
        820.0,
        0.5878048780487805
    ],
    "7": [
        458.0,
        820.0,
        0.5585365853658537
    ],
    "8": [
        479.0,
        820.0,
        0.5841463414634146
    ],
    "9": [
        449.0,
        820.0,
        0.5475609756097561
    ]
}