{
    "0": [
        476.0,
        820.0,
        0.5804878048780487
    ],
    "1": [
        470.0,
        820.0,
        0.573170731707317
    ],
    "2": [
        494.0,
        820.0,
        0.6024390243902439
    ],
    "3": [
        472.0,
        820.0,
        0.5756097560975609
    ],
    "4": [
        481.0,
        820.0,
        0.5865853658536585
    ],
    "5": [
        484.0,
        820.0,
        0.5902439024390244
    ],
    "6": [
        466.0,
        820.0,
        0.5682926829268292
    ],
    "7": [
        459.0,
        820.0,
        0.5597560975609757
    ],
    "8": [
        443.0,
        820.0,
        0.5402439024390244
    ],
    "9": [
        469.0,
        820.0,
        0.5719512195121951
    ]
}