{
    "0": [
        478.0,
        820.0,
        0.5829268292682926
    ],
    "1": [
        482.0,
        820.0,
        0.5878048780487805
    ],
    "2": [
        475.0,
        820.0,
        0.5792682926829268
    ],
    "3": [
        465.0,
        820.0,
        0.5670731707317073
    ],
    "4": [
        479.0,
        820.0,
        0.5841463414634146
    ],
    "5": [
        495.0,
        820.0,
        0.6036585365853658
    ],
    "6": [
        472.0,
        820.0,
        0.5756097560975609
    ],
    "7": [
        458.0,
        820.0,
        0.5585365853658537
    ],
    "8": [
        473.0,
        820.0,
        0.5768292682926829
    ],
    "9": [
        498.0,
        820.0,
        0.6073170731707317
    ]
}