{"best_epoch": 5, "best_val_loss": 159.7708699243975, "train_loss_list": [584.5496464757933, 449.6808896073361, 295.13540894644603, 201.2016456885789, 61.026171213567345, 21.907603178842354, 20.9403223597321, 13.052035384555909, 39.96115012747236, 129.618934665994, 165.44913423125894, 81.81914848812647, 52.921460971004045, 36.44783905443254, 140.22410980760026, 38.75176077519985, 11.43550524727055, 5.77217064539057, 4.3096625230704175, 3.9405877850027147, 7.332383499226453, 3.8961936091499796, 3.1008178007138083, 2.743966460671555, 2.4548194803112997, 2.243579069287812, 2.024803349738783, 2.1283625643648425, 1.9615217097487305, 2.0579080695042906, 2.1503776373610215, 2.9347767993607383, 2.9603643270228677, 2.230574901883712, 2.4360115482281404, 2.358304731520948, 2.117880924639202, 2.0892911453104928, 2.116348993121766, 2.090345557469295, 2.151129464051392, 2.053069170115325, 1.7003258798055734, 1.7583727025586855, 1.7391761144855646, 1.6220329067776276, 1.5977257163014416, 2.444893557878328, 2.391282752034668, 2.0439470317494264, 3.8723324085549877, 4.218016786315372, 2.8515201288793093, 4.61826092586696, 7.789446516234073, 5.624592810277766, 6.483701396852668, 6.16363075248957, 3.480453380369345, 3.320167668279867, 1.5559254966001688, 1.1517476917598723, 0.9571984988356665, 0.8414602412657233, 0.988521656941953, 0.9371223707770605, 0.8853003973046912, 0.8881552854840953, 0.9292425059413879, 0.9191838765786635, 0.9228631098838259, 0.9878643942309174, 1.0461334263282964, 60.3023155257338, 46.93969019333886, 26.604121037559548, 8.116346353924976, 6.058978816355953, 2.659232088385282, 1.73631095490911, 4.838433876804725, 2.73615967861884, 15.910957818977048, 2.668555100088396, 1.61983228791722, 1.092667057471738, 0.8273439688801433, 0.7779294502271753, 0.7789652384603749, 0.6951969894825708, 0.7439786278460482, 0.693686211016411, 0.7168696656910531, 0.6638806779472206, 0.6884802640167508, 2.430114480514829, 1.399928438828087, 2.30552273391773, 1.9651736914488318, 1.4443025611743041, 5.581735507927117, 5.292107020247387, 3.5280329986138286, 28.65709147693115, 14.147701266287232, 37.087238713827645, 18.19858998964512, 4.865361759105197, 2.4994678004866757, 1.3574077731741683, 1.105144751441954, 0.8210439126647132, 1.0478497507685771, 0.7515880516954029, 0.5474427024619548, 0.5622607199275066, 0.5655619189135849, 0.7460487613138878, 0.7595206894492524, 0.6197696191811535, 0.5765841045304314, 0.5963327936004503, 0.6082048984652311, 0.649757409586217, 0.7781661110888138, 0.6775865030079489, 0.7114523487006403, 0.6706131704338597, 0.7126690296595832, 0.7719302657042759, 0.9441437867746718, 1.0178996784777814, 0.8729732328821483, 0.906569212582222, 0.8000664119791238, 0.8287414253956815, 0.9539393439347604, 0.8802800612826294, 0.8663311094787703, 0.8567122438889224, 0.8993791127514796, 1.2279023785985443, 1.4336884538374983, 1.0617940022793582, 1.136185520422523, 1.0702355041686302, 5.020910709437697, 1.3264895651244484, 0.9890011742586422, 0.8558807291673386, 1.0498060628158334, 1.012557936774569, 0.8952662773633201, 0.8508881940443007, 0.6554162676913711, 0.7540626870918874, 0.7197668278024361, 0.7862049074681915, 0.9054603800959659, 0.7873611309255061, 0.6438205030749661, 0.9995037889734646, 1.1696193888923985, 1.1261764577843036, 2.3578557225965526, 1.8757414059138833, 57.40656412146376, 78.0012818165875, 6.784431465223068, 9.665406331591026, 4.927014433381517, 3.0587829067369494, 1.2204505434354171, 1.1101735310067804, 1.3159360776910318, 1.523968486159634, 0.6477011514796143, 1.0483800253103908, 2.711514971365797, 1.2700869436046618, 0.8593918382486047, 0.6901642497427601, 0.48400243269809645, 0.9773982253737659, 2.5424234228212024, 1.126514262274306, 0.7342669178681485, 0.6621947272602644, 0.5982037224565957, 0.5844224155406219, 0.47192497280338797, 0.5749973650020894, 3.5375134156500883, 2.1877909259269117, 1.4829298192010427, 1.4296463885211212, 0.7001674098899193, 0.7834359227456806, 0.6722370013672531, 0.6576893319780145, 0.6928266466289578, 0.625088669148735, 0.5727836276149924, 1.0833585654501936, 8.197905296657455, 3.5735614161345146, 4.485040622144542, 3.2717652415029725, 4.192567385880991, 1.5300658729348355, 1.3785307038846086, 0.7201008426558, 0.6203879761988166, 0.510763740781997, 0.5492285247345293, 1.2602108892243389, 0.8312099440326055, 0.673940346190119, 0.6604527202363809, 0.6313566265926217, 0.5136208982393695, 0.6873781047468158, 0.5529640048252881, 0.5350042411500588, 0.5255809508883317, 0.6186170408924425, 0.589876394323566, 0.5418151549937511, 0.6029812544654539, 0.7468025937556673, 0.6300454611364708, 0.6725697263040239, 0.7568407717161033, 0.7522541653998508, 0.8932276921887827, 0.9039060420040343, 0.6661989616878711, 0.6420487067678219, 0.6494946401112291, 0.6474386367266205, 0.604820720618018, 0.6454023135031992, 0.8911330155516249, 0.7069483484149625, 0.6167125454356098, 0.5551354274708501, 0.7798508440732604, 0.7382148532978964, 1.2766036887979906, 1.2172167650155865, 2.0225040385209674, 2.027382251275442, 1.0275325456544653, 0.6089487120506704, 0.5765139493796158, 0.44822132888596644, 0.39823023923036527, 0.3690591979889776, 0.4148990290414506, 0.42170074404786606, 0.3946006407960333, 0.41247663852844707, 0.5178535549229475, 13.676696614724472, 1.6568897987181423, 4.085586458337058, 1.9427661234743578, 3.8483477219614177, 1.985279312686332, 3.418653270563611, 1.6934391093123091, 0.9041178225878274, 0.7211224557549294, 0.5239182723017355, 0.4613015011819964, 0.4598126180035566, 0.3603572749684135, 0.3646852837773753, 0.32317681902644085, 0.3328730038657286, 0.2919945436834859, 0.3609318019376513, 0.3259666505055397, 0.344961326770339, 0.35089329901544386, 0.34073602786137663, 0.32663119789130457, 0.3739815985712753, 0.4016358666410659, 0.491806395952809, 0.39464339563476125, 0.39763507053038516, 0.46840184853421835, 0.6819600615389517, 0.5189819569157659, 0.8222554257704436, 0.5964852549228558, 0.4870206235828694, 0.4826367050436812, 0.4425457066512482, 0.4791150845535929, 0.6601000731563166, 0.6074954005896468, 0.4658389977899383, 0.5613295317908399, 0.5877822297100544],