{"best_epoch": 61, "best_val_loss": 161.84969671889866, "train_loss_list": [590.9028808671333, 477.29182950148567, 338.9892675623222, 233.27844526221443, 230.8202791797327, 46.09720655028813, 26.70808328611647, 30.44080718756895, 14.862200103197916, 18.958320961089257, 9.039271815401502, 5.310782435508523, 12.474347168135804, 8.183446609831666, 5.061023651370655, 6.826753282197014, 25.831546519943313, 15.90527919908029, 8.387483201076579, 4.649338509765867, 20.515929821242615, 13.9656887412736, 7.297710365597608, 4.359212132373345, 3.030295926104203, 3.794356339530308, 3.781994054341719, 2.85205976990074, 2.131453174417657, 6.013165313165775, 4.142325170855063, 8.40463430492022, 16.622558000499506, 6.272501172099188, 3.729514290020664, 3.1381602537443554, 2.0007050799452437, 2.5423354193340937, 2.1954192843520977, 2.3644679671934594, 1.5686459180193102, 1.2601077390417068, 1.289994082776703, 1.235109847290107, 1.2088964318684599, 1.2059715146879222, 1.273098223056777, 1.5239195535849974, 3.661738246474009, 2.403324382913363, 2.372119191350293, 4.928370217678585, 3.6767490137663557, 3.354459615978761, 2.1991548721215874, 1.595405659016496, 1.3356360591115846, 2.933316516195807, 26.134368620496392, 48.63920981559046, 312.9179493697018, 88.5045826617266, 66.22641429680233, 6.912228865414853, 3.6387430532571625, 2.3479965105469507, 1.6244156321020953, 6.860298396251779, 8.788125027192896, 3.3434350940666033, 1.9390508417973114, 1.429294183445804, 1.1922136353417725, 0.9601475697316868, 0.9195407904557454, 0.8455867137114093, 0.7630963417517663, 0.7498115048469902, 2.0172569051749085, 3.5913080112825013, 2.572061350680637, 2.2432360164607297, 1.6306914002001431, 1.268058028452774, 2.8169463091362337, 1.0325756304360754, 0.9073215096477741, 1.112730070980984, 0.9945493938029546, 1.3801073207754726, 4.10089396580147, 1.2887842362113902, 0.9994729271084339, 1.2528190658410514, 2.384140555282949, 7.709011867569083, 3.3608236533854075, 3.114065159275353, 1.9283914549066352, 4.580157444641124, 2.967830369940337, 2.38226647563407, 1.916086331334308, 1.863829466633588, 1.0288477021640532, 0.8853050663142209, 1.940896512935027, 1.643166704850303, 1.3046056057244162, 1.1880538842023856, 0.8975628702159698, 0.6677715140914984, 0.6871754447630933, 0.6915751358102203, 6.680997563306378, 6.546079938934634, 7.030673842327857, 5.136048007660544, 3.542064981141285, 4.34534034121715, 5.922581959938014, 2.7042516790127555, 1.550327103476857, 5.4860971201506326, 0.9663887567175389, 0.7177978287852246, 0.7143753413969431, 19.042019585615222, 12.963799635271899, 5.868273953262736, 1.9494501394787167, 1.0885080034904608, 0.8661845852406285, 0.9797757935415595, 0.853672586303227, 0.6748653329882575, 0.6163867118357341, 0.5672122741272962, 0.5993754370881946, 0.5093187568264749, 0.573782536087685, 0.9272518836709381, 0.5316630134513891, 1.1955143636746624, 0.5443092403348064, 0.5754414973916461, 0.512181064258477, 0.6871095778350608, 0.8686710311448465, 0.7443075356853777, 0.7128759599587888, 4.712272171101571, 8.465245128156944, 7.250162746894745, 6.766491471440436, 4.652059546106171, 2.0597530181767296, 1.2724231745701295, 0.7524775364676792, 0.5618683084557149, 0.5653151598668414, 0.5544765023723898, 0.49945851488746745, 0.4637848866319234, 0.3981555724229034, 0.4636400228606686, 0.4116698348311512, 0.7010219325697942, 0.48820352984880405, 0.562113599693783, 1.0422781827409424, 0.7862749076391099, 0.7446270765990571, 0.7632085855094642, 0.968125380909876, 1.0642781129734076, 1.4195091512230784, 1.1112133401553124, 0.7677068038271825, 0.625081992972253, 0.6339234489967721, 0.5180677601623696, 0.5086371502738977, 0.5145462804231216, 0.5086741564553723, 0.5015030358874477, 0.5903834060276847, 0.7392585389487163, 0.665658267530325, 0.7203093167557537, 0.7555010732234609, 0.6769674946076658, 0.7027981662931835, 0.7034308570101845, 0.6486433842295024, 0.7358738447122346, 0.6668009279371873, 0.7672799125457955, 0.8293284511388238, 0.8277722327975009, 0.7840056333615117, 0.7387769822057533, 0.6751029076320785, 0.5721470369201729, 0.589279439984012, 0.8665513955074997, 1.0383027265676568, 0.8550879914097871, 0.7020397487797463, 0.8293343087652482, 0.8617791135266744, 0.8257494954841708, 1.0418431354518287, 0.8035665786317528, 0.6811231227861392, 0.6654547061926961, 0.6964989721225763, 0.8970680571023276, 0.7901391423071664, 4.556906346539034, 4.78879191854818, 3.3881145064041265, 1.9423718772338554, 4.969612410139584, 1.206027663451092, 3.8145864431254295, 2.430379715628833, 1.0164115049595057, 0.5736351509233156, 0.5314299634799706, 0.40606400947446547, 0.43088595398724794, 0.3058059803584897, 0.4322941527124974, 0.2805083306701492, 0.30206855814564865, 0.31759902698653697, 1.0010420949614858, 0.7499805543610204, 4.461977136057871, 2.531789674663301, 1.374697406055723, 0.795427505550602, 1.2543255643659739, 0.7174133933690781, 0.45371161357554496, 0.4215964931421555, 0.38122178983063665, 0.3759065138850326, 0.3617724983850444, 0.3688708312784416, 0.3122178462288305, 0.41206273989626985, 0.35515176370276796, 0.6809685212966774, 1.3876243059660727, 0.5133245070464145, 0.9563910869182828, 1.1602889428338947, 2.386399154946494, 1.6062300693300566, 1.0492125145329674, 1.768903682617862, 5.793671119553067, 7.921726070725715, 0.8220522555908928, 0.5404207441446839, 0.5839635750753275, 0.39448730695222234, 1.6600669285522922, 0.7672557894248019, 8.658342737843213, 7.960225139158474, 4.511586122762254, 1.0963745716449356, 0.7252596004421406, 0.3987288005733751, 0.6561688540653995, 0.37884346863821, 0.5071310429337847, 0.3382106226112352, 0.33506279356004137, 0.3366457745799456, 0.329160624484481, 0.29583333421783264, 0.2694382838665344, 0.2680635533231569, 0.34421979957341914, 0.36387173559902214, 0.3056922593878511, 0.4165158335636395, 0.3937850380950293, 0.34111214471177154, 0.41624668452871005, 0.34433618179594705, 0.3662705813291378, 0.3522836053919622, 0.3891470187938011, 0.41790217926430323, 0.38357680818630874, 0.37709890107740474, 0.42967627178532375, 0.41833901026573206, 1.6098364690718605, 7.66502987723098, 0.7611169262948203, 3.637743525855929, 1.9647973796295615, 1.6828988056427654, 1.1017348789887211, 0.7185047870351875, 0.6134965619708067, 0.5024012021423462, 2.04172964208714, 1.31736060607447, 0.7085562878377993, 0.8117029615625194, 1.0785703976920136, 0.46731765628104205, 0.44487660236861964, 0.6383174904300597, 0.4782148783468046, 0.5986307973000277, 0.29252210429174424, 0.3010509742809741, 0.6774819964108867, 1.434604315586084, 0.6115357968133668, 0.45581375361368737, 0.4273441319392219, 0.29338801341589277, 0.30009884892058436, 0.28042552592157977, 1.4155533284270285, 33.94509295778273, 4.575714527467553, 0.4975209087842172, 0.8579499657130352, 0.8122398892785069, 0.3747287391088762, 0.32950712473993077, 0.32560424386540926, 0.4485482881409317, 0.32494838137128595, 0.30529236716791264, 0.27193224929396553, 0.2912636258646574, 0.30852735199874953, 0.3218742216891724, 0.3826335828646844, 1.0432283038367243, 0.8227800156665138, 0.8431376013040239, 0.7899101561569906, 0.45202545038482017, 0.3552768590123962, 0.5182249121751642, 0.34857943044763534, 0.5996361775319166, 0.4431689629092634, 0.3631164260249544, 0.30980492578228247],