{"best_epoch": 24, "best_val_loss": 122.1013743073298, "train_loss_list": [560.2860889957248, 462.21741017330197, 332.39978807809723, 185.46785235440163, 84.56273644592638, 44.609532962729936, 22.463894084279257, 15.491971105645089, 12.540207196847618, 9.338801693799986, 7.14745576904556, 8.590659543962309, 19.266961137936, 186.5982890950865, 124.11984879543924, 63.16070737277306, 25.027347648038187, 11.119020168519674, 8.98770200946164, 6.995822254670376, 5.035521557355721, 4.67335149753342, 3.3697995849323994, 2.7246553744226865, 2.2323473893278285, 2.237274747280771, 2.0045371752245145, 1.9482974533296538, 2.1028880521286037, 1.9264609725558994, 2.1762726065593214, 2.071113881848573, 2.1590189177757386, 2.3607062432283805, 2.5084169287456337, 4.798683346231291, 2.388028521459792, 2.012892516388235, 2.256626639001307, 98.32296459356526, 178.52647030828663, 31.21245084056038, 18.527979306941425, 4.239769337212763, 3.492021135674239, 4.723142695457247, 15.95727912617283, 3.37159704145338, 2.117733822531518, 1.9525234046629976, 1.7412681536184131, 1.8922992450592506, 1.339709440320156, 1.1951004792153297, 1.152677444697443, 4.905478205770738, 8.00014541009635, 2.2664348181298624, 1.5918455296296095, 1.3822943284626141, 1.730177748827968, 1.886890411044567, 5.002643519016867, 1.2574107251769306, 1.3115818843463023, 1.2142753736955358, 1.2268515623322624, 1.1680526451811217, 1.302991217138832, 1.2440086251923017, 1.1303194732803468, 1.2307698508623448, 1.3361933245125786, 1.3453652133660479, 1.3898214280033416, 3.5761579207114282, 3.7686079635578276, 2.409643829020395, 2.0259759290449657, 1.682007346130579, 1.2861846333324705, 2.140335340343681, 2.1941613207855477, 2.335854357699009, 1.551544828719539, 1.2383127903600286, 1.0011648179226056, 1.3341024869034697, 7.15909343960345, 3.0815800126359094, 8.383418294060556, 6.796214796542848, 2.4899257628208344, 1.5989493798438263, 1.0792452313478842, 1.003047611889299, 0.8161763773119965, 0.8004866937004006, 0.6931457231222987, 1.357689986478037, 0.8645245836189541, 1.0287960091505273, 1.0720742882270784, 1.0384503405382932, 1.69437005446742, 1.5357919839199046, 1.3003932682973587, 1.094107792364934, 1.0412977786729507, 1.0652769400518372, 0.7704425885572562, 2.0584545082169634, 2.9546755639164393, 7.848551401314587, 2.7588194404008184, 1.8718679257657405, 1.245340977417058, 0.9665469069920428, 0.8021044797067449, 2.5849920305135807, 8.953803030408922, 55.79431088009447, 50.84945393877575, 5.7168365787224085, 2.0594164650323292, 3.207607922863233, 1.634067392034454, 1.0130167810002864, 1.0449433211143708, 0.8788158142539307, 0.7264656025543015, 0.6465112005945614, 0.5159963161328815, 0.5957706050040884, 0.7922637442290925, 0.5070294468796984, 0.5450072588100577, 0.5580772310012684, 0.5855290924341137, 0.5100292974252945, 0.54535163550859, 0.6570907965443303, 0.5971268413984641, 0.5706900618224969, 0.5719074057557186, 0.6079148736742503, 0.6807919597970827, 1.9432438925233693, 1.9585731673355775, 3.1242753295492145, 4.754101712786411, 2.4846888331872665, 1.713129882939491, 1.2535934213048487, 1.1697152472665262, 0.756245950867778, 0.6910457581321988, 0.6424224950699754, 0.5049481714541196, 0.6476136400833743, 6.790660235198019, 2.718397730694739, 1.7356182954361032, 1.3349177559194005, 6.133240378470485, 57.28875512866695, 98.14246404928146, 240.32493755858277, 26.301044400041466, 25.03910842828718, 22.56179257583595, 21.342180128007204, 19.402231227192885, 19.040623823763386, 19.43792062495512, 19.078011503555853, 18.62050130258288, 18.34242567778054, 17.016726271152663, 13.830481874377234, 3.363842774450789, 2.9325285100738436, 1.4996768021838467, 0.8839060767161635, 0.8509165247548197, 0.7358812358665998, 0.5811201579928672, 0.5011180269233888, 0.5478765575274183, 0.9107679474154237, 0.4641610705855075, 0.4770305393361764, 0.4406615671601983, 1.1029474472479486, 61.2079547378553, 1.144998146506686, 2.3250555840854137, 0.9257189680623464, 0.7961813562102243, 0.686110965002066, 4.06210038207205, 1.077809217570929, 1.517317592032096, 0.7249988532355228, 1.1711877930493302, 0.6332590647575815, 0.5443675031924303, 0.5662778907107079, 0.4982936973528494, 0.533617268089918, 0.5410465881557167, 1.403240828253225, 0.6511448085496264, 0.6017023149657215, 2.8836374859407616, 2.107439224649027, 1.2547756180739098, 0.9570675373092057, 0.6221655973697493, 0.4799228232779795, 0.4071148507810588, 0.39072514430534083, 0.5267858600269283, 0.4243808866310324, 0.5630498867043857, 0.4219611700186138, 0.41646929989357023, 0.47492855985731264, 0.493817172185068, 0.4929032612971415, 0.4866650817506119, 0.4631434038971264, 0.4756156810908674, 0.6739514542537961, 0.5662087919393685, 0.626758832212587, 0.7108185000183622, 0.8696777098295101, 1.2838991713099583, 12.998213970755991, 2.321365705239899, 1.8363604385754662, 1.1493512669891945, 0.7029735503926915, 0.5616516523162165, 0.5435678119126115, 0.5631301399281871, 0.6053587291686041, 0.4712562868959697, 0.49052082303341993, 0.6268193741066741, 0.44684746980114765, 0.6152446994865617, 1.505513291473291, 1.3634469999320902, 0.939093930703295, 0.5957848642064799, 0.6172898740751911, 0.5307357231436405, 0.39556981433639377, 0.3846367638022299, 0.3868465601447197, 0.41199466869435447, 0.413689839790001, 0.42048407515044417, 0.41250205649148836, 0.6296300823001837, 1.8941329973927772, 2.0838241762062633, 1.4413289199486234, 1.162169228527406, 0.6963758124473918, 0.511964534975592, 0.4055632824264253, 0.49444829408499147, 0.6877367196683124, 6.719381630171243, 2.144684765629051, 2.629241502428467, 1.282953520967019, 0.6176114166294461, 0.5149457117608919, 0.5738039120004663, 0.3708091421721557, 0.28735358907285286, 0.24416389223883178, 0.27127025492504003, 0.4215487004644962, 0.42736667079184426, 0.3401021984953733, 0.34087341947351807, 0.3502559432839617, 0.28302824073094596, 0.33508971245763575, 0.3619873005244866, 0.33229682418568635, 0.3878438061908833, 0.38474654689203897, 0.38801842462302, 0.35631144689253963, 0.39915660206257214, 0.3903801936227923, 0.3839206055216998, 0.3817719603828048, 0.5047741535469359, 0.4139097889551393, 2.0172601067677216, 10.790933420071743, 4.157817781818379, 9.118791396204948, 2.6463338013934528, 0.44912097650679855, 0.45572094957800807, 0.3026628314546614, 0.5966421563095204, 0.4621949466017156, 0.6210630263733619, 0.7388680960209507, 0.4266013325937001, 0.7104455460335254, 0.343503260769638, 0.6321940789305007, 0.7189950883618867, 0.3524090653411862, 0.5217150664838373],