{"best_epoch": 88, "best_val_loss": 194.62411074480008, "train_loss_list": [583.3705663172675, 472.0965495025093, 344.4243690477584, 233.0497465435552, 69.81743569731498, 38.3402999286693, 16.146626570908303, 10.60420867335861, 7.8235569056896415, 7.038599480800753, 5.3557227651115245, 4.5968772427789775, 4.817479855624285, 3.9869431070427397, 3.244651248137521, 7.3260842530487285, 222.2089966769216, 173.654137847657, 17.44317785354155, 10.810023812479674, 6.5352799122854, 3.6554990657992454, 2.8421268846111962, 2.371558201778359, 2.3276211672021225, 2.0779437502109555, 1.7383130038588168, 1.7471993196971332, 1.5969564370702227, 1.6697629295266299, 1.6873582093265382, 1.8643711062705144, 1.6181654545817783, 1.6911819398706225, 6.125694228114115, 38.30629223406227, 11.46046816699032, 5.951199445313208, 4.741042456378384, 3.7276251011546253, 4.553692112160654, 2.8319869102787654, 1.9132628612035765, 1.5792750081584184, 1.35829256033827, 1.323755240993205, 1.241390990740709, 1.1306964710186167, 1.066762612120468, 1.100395742648617, 1.0875355877533337, 1.1709141722659273, 2.2787025606344327, 59.535416730841945, 94.48243441166439, 81.1217136983209, 11.187083960693938, 4.545055850218491, 2.480915836516963, 1.8732557515418977, 1.677791012286387, 1.281767035186369, 1.3408690229130364, 1.1329320305128951, 1.2850973013060145, 1.4128280553239054, 1.804747975389376, 2.9176294945720542, 2.0992335823274586, 1.674057130820833, 1.24754542039641, 1.2540358859939968, 1.036944083499189, 1.0136929911405352, 1.0576097312144603, 1.1091926137163528, 1.1375002161434267, 1.3213688660573721, 5.442886647492603, 2.5111120100297635, 3.03250543177079, 2.7153472150322333, 1.8415140962860261, 1.4089251397544484, 1.2272611256500645, 0.993647595705293, 1.1051372141269205, 1.1140631972311856, 0.9930119202657862, 1.1551710917900504, 6.739421270257365, 58.14009777148943, 41.6540360613125, 16.684388667516128, 5.4624077136230715, 2.73768432282201, 2.3564032086837052, 2.69546489234985, 13.633918454534834, 5.66278805511006, 2.539445876208792, 2.8703117264083065, 2.6741825848138387, 4.244152295495597, 4.270532748363002, 3.2849382154126627, 1.5539515629625817, 1.1939936781744156, 1.0388408317521634, 0.7278152783470813, 0.7365035147528208, 0.779093471366276, 0.7007559256981621, 0.9843698357984519, 0.9780091167495879, 0.6782300123422165, 0.8143315468828503, 0.7784944633976644, 0.7232655424390056, 0.6848520799534636, 0.8149625161680722, 0.7637080287596564, 0.8494234735655437, 0.8746011355750988, 0.9322473489692685, 0.9075415169629861, 0.8517779686609037, 0.8412520662939937, 0.8402945682680155, 0.8407267905834055, 0.9663582451003672, 1.5323005343039044, 2.4665186322036483, 3.554804902023344, 8.007016276597625, 7.076089043118278, 3.3729061020707154, 2.296960339584379, 1.4306729985970796, 0.800667234680409, 0.6768373860614807, 0.6700276550243424, 1.762504554807783, 0.5946950927955368, 0.5104077398417738, 0.7487081553394729, 0.8408188923923929, 0.762111153367437, 1.6667735663050018, 1.2515607410759266, 1.1123184516319626, 0.7920611341443717, 1.0304184714733957, 0.7154392237413466, 0.8972075229319115, 1.6561262182609084, 2.407245438478121, 8.678455430252377, 2.289020357905538, 1.2430948355971878, 1.7443081822606195, 1.59626058642935, 0.8131755464663706, 0.5931292781400103, 0.5314408878983533, 0.4704031141419318, 0.4302229765183675, 0.4340336802630165, 0.4201775014553844, 0.47423102092764674, 0.5250225276346381, 0.4739140143316457, 0.6600059312626986, 1.6879250474905936, 1.7294141500345093, 1.351217435399455, 1.0615976603054964, 1.0311526804331466, 0.975126418917308, 0.6780086700713339, 0.6217349174754608, 0.7570672203365537, 1.1579822580763428, 1.2226329518132901, 1.3761141138920847, 1.047950154101045, 0.9948323639334274, 0.6813565433710906, 0.6515577204051332, 1.1435862948181044, 1.1683368600351371, 0.850621658126074, 0.7630532032817636, 0.6117213433539674, 0.5156958114740124, 0.5341472843402533, 0.5933300784917489, 0.5482136431115464, 0.5109570347290802, 0.5892790713910687, 0.9102172368796161, 2.1059581819754927, 2.1663694929466573, 1.476572691810137, 1.3315263155035764, 2.9320941512626137, 2.189751653646238, 3.279532582019907, 1.816477016970327, 0.7865806491103048, 1.3967609125176805, 0.6990277267224465, 0.5303562726979448, 0.4870057164628608, 0.42212670926253326, 0.5011942748307854, 0.5431658645109019, 0.3341677499727595, 0.3395543730810403, 0.3479131941674578, 0.4815504635353181, 1.9407332244614646, 1.1787114537649293, 1.4401689939034685, 1.5849797889450954, 1.0247252505203583, 27.846781169838028, 2.166663327043406, 2.1390071764981844, 10.882671005044445, 3.091860213574668, 2.0905138345083016, 1.6336066326413934, 0.9654738709577404, 0.7480905076413393, 0.7233421501381408, 0.31226232875372534, 0.4026053221836718, 0.5589659412333285, 0.3071221504940891, 0.48314799543434095, 0.3088234446521825, 0.3215359743636872, 0.38166671077698977, 0.34892679520173747, 0.3294102570045222, 0.3369362134683791, 0.36302803305575126, 0.7923629249639935, 0.39522254554689545, 6.6755961751730615, 0.9682063830019568, 0.7709861259949643, 0.5058389041317409, 0.46966139528315654, 0.4210645133659686, 4.022649682312227, 7.011565161743979, 0.722065202483065, 0.7373737402551142, 0.5390301591250664, 0.5517901138093811, 1.010376611594963, 1.0578292836354946, 0.45234561029516746, 0.6560712307584649, 0.49366702018062786, 0.6717496411555641, 1.3645555382811068, 1.4048633716398036, 0.9872409542339716, 2.4358753189380384, 0.8106383642229718, 0.6603110577860425, 0.5362464635718015, 0.3878917347991737, 0.3210396813734332, 0.427868946963927, 0.44264991521439395, 0.3094812722200592, 0.47135922602596725, 0.2946762126357668, 0.6963288863824199, 0.39490602259188573, 0.5160253404671586, 0.5436228191571997, 0.4800933829001741, 0.41742914421943655, 0.5865329640694616, 0.39894426015628953, 0.8049146551825198, 0.4738734558075593, 0.5041862962608926, 0.5309658290340834, 0.5139231584820764, 0.5973208298558718, 0.5922078265446045, 0.4820416094290759, 0.49091268175861885, 0.6736279180909163, 0.6083030466045907, 0.6423238609044185, 0.5870984030466808, 0.506941008768922, 0.4736370814712747, 0.36116575788659494, 0.3398764207155705, 0.3803591914083922, 0.3406494823448655, 0.33091022245425833, 0.31665507868318477, 1.2793100016227956, 0.9496580455629395, 0.6359754848772529, 0.5166852145932513, 0.44297664789295066, 0.3269768514110905, 0.47220744999125297, 1.436147286884923, 0.9538141918466856, 0.7114272140982587, 0.5052538945114924, 0.37635831486287713, 0.3719539002551883, 0.3716890256250378, 0.33566038816866667, 0.30753303644223984, 0.2830002422650583, 0.2950070158046729, 0.2983773992779838, 1.0397860049994896, 1.3477859475349128, 0.7996082841068121, 0.6018336433394875, 0.5817206613973029, 1.422691933979348, 1.6980619468815272, 1.103240280686631, 1.761646570041177, 0.801876922043177, 0.5701463066632004, 0.514727048698079, 0.39524943170048954, 0.33727247653688214, 0.28342340251912645, 0.2790633108205965, 0.2868562802850799, 0.3369667401437018, 0.29027012700308313, 0.267147289444545, 0.23429842753837163, 0.2641588721390125, 0.29312486094629614, 0.334250083686263, 0.27567603275969893, 0.7506977683924565, 1.722819655135577, 1.0164109436211302, 0.6381615327515517, 0.5185488885959308, 0.6702398872157238, 0.4983715396160613, 0.42444362185775686, 0.6660789456371232, 0.6414192449521443, 0.761310013438495, 0.4356856302901851, 1.6709248874078637, 27.86036935387913, 0.39090763180054894, 0.5689454608784287, 0.40582091596459624, 0.4897947864799748, 0.3225060207303384, 0.23554964234973952, 0.4659527962618291, 0.5003129966912631, 0.31676556550275503, 0.2650489281703808, 0.4735394543843649, 0.2642761671419821, 0.24914607925382387, 0.3521582820511253, 0.4024625973849609, 0.3100622549142254, 1.3904436026941647, 0.483268124842031, 0.6378927794088833, 0.4112736758688483],