{"best_epoch": 168, "best_val_loss": 190.13825852510234, "train_loss_list": [569.8712809385776, 473.5909306026197, 283.11063844621503, 310.0100792364271, 159.56119562616811, 92.97003705522673, 30.4534597796887, 41.45839075348466, 16.016524770977615, 13.412080039113041, 7.543149274942991, 5.5053948005736215, 4.4381220812961395, 3.9521658917760996, 3.985810385288343, 3.979952546867637, 3.292851473633258, 2.9778275847268803, 6.227035665416279, 3.463029175810424, 11.031689717808433, 8.924267061073037, 6.583462543469072, 4.743437369993638, 3.4232704555042965, 3.3185509006488667, 3.36016560835791, 4.615483033533896, 4.470916091638138, 4.253760593603121, 2.9430749619913352, 3.4835904044133827, 2.4524708183215584, 3.564105065739583, 4.626062534293699, 4.929394075757894, 9.05545203774625, 6.529268581211831, 4.7930996742320096, 5.510600255017439, 3.85175514286691, 5.081320022625553, 4.772667545552125, 4.313945205207338, 2.470942510701612, 1.6482342940024886, 1.5595985462802617, 1.201239209524995, 1.0322624731253498, 1.0621965613954865, 1.0764444391476105, 1.0564550210901884, 1.2108807363409144, 1.2102779282682525, 1.249727615350648, 1.1552282457657088, 1.6653709793254081, 3.895243972732979, 5.01339238732491, 7.578049740655238, 5.771859614252164, 30.5492089029627, 12.965637770154368, 26.875669234421128, 9.481441900509243, 4.70953110181075, 2.639017669959686, 1.4603277687114713, 1.4673675877763557, 1.0359061972413939, 0.9267722937659257, 1.0031223864888332, 0.9406305146017915, 0.7323481664880291, 0.7699502611651037, 0.8918536244058327, 4.500464917808693, 3.5859129090037465, 253.68778608227356, 31.08187137540489, 77.8350310671304, 4.804485441847709, 2.1979713747105247, 2.6696068937744353, 1.4371728591027637, 1.1947222770736592, 1.0546469351850183, 1.0867781517759871, 2.6216866441018487, 8.38512642210148, 5.788247881579716, 2.4633734871911206, 2.5671337054550833, 2.1417027323062117, 0.950938817117915, 0.8515850270583393, 0.7259595176895168, 0.6719026793535614, 0.761569626552366, 0.6998586040894472, 0.7247687342940382, 2.65827993439669, 1.5125423233069533, 1.0548326594381425, 1.1340476362059424, 0.9739824022455589, 1.8233615544920811, 2.2963575919274697, 3.1613101240162558, 2.5797737332539654, 1.754274495604665, 1.2188115516915485, 0.9469188906110937, 0.8652701606640704, 0.7130862477606528, 0.6451507881790893, 0.6986246738257185, 0.7436480520949029, 0.659697677904081, 1.600312632144876, 0.8556880031922997, 1.0531910039571264, 2.396976650559782, 2.409749133168077, 1.5053267145224805, 1.2426780416403067, 0.9435546295468374, 0.8487312646327018, 0.6989853946624663, 0.7046358519833616, 0.6589743382048777, 0.6638970840267124, 0.7096283760405093, 0.655463599587525, 0.774717939932346, 0.9198412342879623, 1.0125904302211282, 3.6581488582984587, 1.4010497341774146, 2.483245821025394, 1.9193284897439515, 1.366394134245389, 1.0977769566130713, 1.1649750500052254, 0.9978797715172546, 0.8284159377241733, 0.6819844665376988, 0.6917004402508761, 0.5509322401278524, 0.5929063550684321, 0.6358976983461435, 0.65164842183155, 1.967933707524562, 3.0159109466594174, 2.9228685782403265, 1.4264186713157159, 0.9318322463907217, 2.2176117654587375, 24.703194099028266, 8.391700391913508, 3.6198547232565534, 7.798647426270414, 1.6578838229655966, 1.4412909717892788, 0.8425437266088635, 1.1018964990042304, 1.4174501661920627, 5.696876219172402, 2.162966009188484, 1.558696988853034, 1.0901128051679398, 0.8514772668744827, 2.5213496640473676, 1.9333621734789606, 1.7733911501534854, 0.9805332951923462, 2.4328605788057995, 1.524164448538818, 1.0192442214724708, 0.6132422899605873, 0.5612469895316505, 0.511395751199095, 0.511828092259717, 0.5529550342471243, 0.4363208380554526, 0.43981471853029813, 0.42664338261462176, 2.709975388884173, 1.820119807117539, 1.729379470507928, 1.4668181201051118, 0.8714729381710834, 0.9270048774613872, 0.7968262842214335, 0.6068526403637833, 0.5191307870717895, 0.5815243769512839, 4.659969107024109, 1.067089378287228, 0.9078269130065341, 1.4614664560187853, 0.8940174041927833, 1.7700686050850543, 18.122486820758827, 1.6704801297383816, 0.9312697711843818, 1.7841739881461725, 4.623281967631125, 2.7474615756017187, 2.022430970785201, 0.7923496231053019, 1.6741794533331031, 0.5612945418538486, 2.2422936534387166, 0.6365412989310824, 0.48570010498195415, 0.5012464813835527, 2.1753988081336693, 0.4128259412011925, 0.5154154846065598, 0.5171312773953075, 0.5751662751336224, 0.7482097272507446, 0.5916016050079025, 0.5788753532797064, 0.5643443694701444, 0.453478998295463, 0.408286758888698, 0.6645990989925711, 0.6685406676315936, 0.6815270583087428, 0.5222187782983756, 0.5420077279734332, 0.5563771581891005, 0.6531606747831294, 0.4680629345819498, 0.42377724153384855, 0.45568592138240155, 0.5074150218364546, 0.669787038891789, 0.5559990426113962, 0.6234857544329825, 0.6073489404319055, 6.686573945260818, 1.9176929942433787, 2.1193359198740063, 1.1911227197146659, 3.6644384151201512, 1.4188868315694605, 1.1123619054165974, 0.5569656056382357, 0.48714396429543116, 0.4072328624910525, 0.48844333860900374, 0.36644236142344605, 0.6815750607430974, 0.40922413945958147, 0.47526805330149136, 0.7844968460911446, 15.988906125812544, 3.9585012320477357, 1.9370627173106358, 0.9588003434513936, 1.329350932461083, 0.7118396920631493, 0.4216415680318946, 0.37014313972356067, 0.3366662843321823, 0.4989387187767668, 0.27843048485484456, 0.2656680357608714, 0.35075231624820036, 0.3165345118323496, 1.3043488445124294, 1.1032207146169652, 0.6187759475122324, 0.44498009657023213, 0.5881556596253199, 0.5604853806963744, 0.4225982604348231, 0.3774695116003136, 0.4521894872794073, 0.3717426462632057, 0.38431399336262834, 0.40232616596868515, 0.3710951830526395, 0.3435229815699115, 0.39706377729490017, 0.5303057430879354, 0.4130553007651318, 0.4545473319273494, 0.45996066269728897, 0.5374841112915377, 0.5926217998474059, 0.5072649884941501, 0.5437013322622811, 0.4435816687581108, 0.4778351395801675, 0.40663774131724084, 0.3712370120714791, 0.4808529550272269, 0.5384217645115729, 0.47870874670388386, 0.534807712486729, 0.4898180694253472, 0.5494015570671925, 0.5667192960567058, 1.7643502287973591, 1.0137139547384673, 0.6566308042980341, 0.5367489673923753, 0.5583010780551266, 0.4537919561511704, 0.5392745527775941, 0.540507079817279, 0.41444765320648047, 0.44727004328227854, 4.631910042093365, 0.6371847845058554, 0.8580431897029445, 3.708375320498408, 1.5063350769729815, 0.761667403002215, 0.613306581400908, 0.463859261773198, 0.34184501352934576, 0.3538960645130194, 0.3834174167714941, 0.28928735802475253, 0.3934519037806574, 0.3647666844810172, 0.3818748316279866, 0.4030077923911066, 0.37570178964445194, 0.6955714984020966, 0.35596307944485023, 0.37127468195952057, 0.3294558313306942, 0.35670394514948106, 0.33909799613404396, 0.33427976297600476, 0.32741452474192906, 0.3732092618705191, 0.41020400582832434, 0.30978676034768465, 0.34483798783824243, 0.40656629237316566, 0.34884188009332207, 0.3176803156468948, 0.33289971044606337, 0.34142283996915707, 0.4244214710603061, 0.3607149718896627, 0.37875754683638535, 0.3723122366554809, 0.386641848214644, 0.3627453888211218, 0.40580636997854896, 0.444623235265752, 0.3737968251586317, 0.37202131523655557, 0.36367542548106646, 0.3396563254292503, 0.32980701715189137, 0.37604540756437543, 0.3235527927433097, 0.33484647171379384, 0.4156495177852103, 0.3944498533656436, 0.36752115657049916, 0.4175848541022134, 0.37681702668192796, 0.34759051263105073, 1.047810156254395, 0.4301608715857715, 0.5012685436134028, 0.40480652394936245, 0.3672067514772403, 0.35505313701559227, 0.376376613357381, 0.31618984383957854, 0.34464122710664885, 0.3503720346194849, 0.30146238273347237, 0.30927526911273684, 0.34263849292043336, 0.36086858566761826, 0.36838980217454953, 0.3476046315448263, 0.3374735025644097, 116.1190316498497, 0.4901596822317495, 0.5559442443389746, 0.4832648259656477, 0.4688989509691982, 0.34415908835184306, 0.40888145596491, 0.2926891519605126, 