{"best_epoch": 12, "best_val_loss": 814.9095418303655, "train_loss_list": [566.333907510602, 419.891494058675, 321.7473684645333, 246.13087742677064, 64.24939559478534, 58.995432380146326, 35.16268621054911, 15.90338965358354, 8.558370163822167, 6.644110840352242, 5.587539482189042, 4.531335931890261, 22.66956918746629, 308.8572678354034, 58.20252811302606, 17.589897827983236, 8.513578651468343, 4.830236299205691, 5.180073665789508, 4.286507931936759, 3.2270245749881585, 2.733161024094283, 2.4653511639548187, 2.3492237341214306, 2.0271445811992397, 1.9067329811193483, 1.981950490896929, 1.8450998643861358, 1.7703513817643854, 1.9363776117890745, 1.885639112604648, 1.8818116073241697, 1.8226658982860664, 1.7457370212234706, 1.9402262101465264, 1.7260082694513204, 1.8062584417089587, 1.879561298750298, 1.8463554340171064, 1.8297305973999756, 1.954715751205602, 2.302481146329824, 2.0905161924038205, 2.0832342436594886, 62.3328631731532, 44.67988620159058, 28.360407833605688, 13.636833976776419, 8.220510400136376, 44.747759182237694, 24.337250548717485, 7.564251676991237, 3.4578305790565906, 2.444827083913111, 1.8531096356069923, 1.9268089759119107, 1.4285338530388743, 1.0927517703146705, 2.7566521450307735, 4.713789748311121, 31.51064481619212, 17.133958942004064, 5.588294946545653, 3.901880865430251, 2.194586410701803, 1.5572293228369738, 8.82050754310866, 1.9831027732152362, 1.1342831980122374, 1.185259077978443, 1.002468612882125, 0.9357075164513411, 0.979954483691705, 0.8336277999923584, 1.0524752046124715, 0.9585710707645603, 1.9236779148429657, 1.4514846646122919, 1.5253198764862654, 1.3697333535332552, 1.1258647101571546, 1.1071329735334348, 2.118167749333718, 1.617784650702129, 1.3900973764143558, 1.2914209214144698, 1.2939125903657085, 1.3439856643987245, 2.3158721495404464, 1.9429499988983514, 1.7520910388322195, 2.4669333279401076, 1.7780597286379218, 2.3783830849190157, 2.2393393638240267, 1.5672057542264979, 1.2389211503696262, 0.8863889798781672, 1.058913932965049, 22.023556663987282, 28.22634628709856, 10.63535039591969, 8.871409906083263, 7.795757858244262, 3.293405652757412, 1.6044424166983857, 1.255150293064045, 1.5351447629497466, 0.8373302728296969, 0.9068095366347857, 0.6197891359348678, 3.8544496141260463, 6.9218819628675705, 3.6227313693978194, 2.4054165427823997, 1.3800558544596395, 1.3224627526361805, 1.5448169294651246, 0.8494060776506963, 2.7130163920582273, 0.7909597083214381, 0.8497034450789783, 0.5505682015945814, 0.5292083455064227, 0.584923317571908, 0.7309041499925971, 0.6232096939443154, 0.9465537792181986, 1.2577689479800038, 0.7601285657680619, 0.6865758766463415, 0.956030197929159, 0.885351515613522, 0.8919383241170711, 0.8426650615391603, 0.7614486802950421, 0.7035613770598058, 0.7027313839439507, 0.7620532375097284, 1.0598490201602788, 0.9682430720889453, 0.9249237364694801, 0.9117423554136066, 0.9447032930279035, 0.8795790203127687, 1.4439869963557717, 1.4536857958042917, 2.9579280296055552, 3.21347700335221, 2.054462809228684, 1.4317583010539752, 1.12817056818621, 0.8451867352878439, 7.232682438415447, 11.860239073040251, 9.35671493411553, 3.1378477425170135, 2.119086305387972, 2.780843006514779, 6.950701256159663, 1.6387832908521025, 0.9779432776301723, 0.72147380843959, 0.7066630525076089, 0.7033456771794755, 0.6804823630219192, 0.759548485223482, 0.47465833945956576, 0.5880190877511802, 0.5179272570506921, 0.5065210165151351, 0.4828101062552375, 0.4136343282366827, 0.797298016411854, 0.6670010469796444, 0.5739288033869583, 0.5750998979019194, 0.7579683196297557, 10.829841579044961, 4.312818587989676, 5.352597965382446, 3.646458136051898, 2.9250136142053114, 1.715304679740315, 3.3125992429729725, 0.6669719011888057, 0.5003844686671273, 0.6518523197768359, 0.8308165522390933, 0.5724491713397792, 0.6498439397210124, 0.4741356242811639, 0.5908238604679772, 0.4449650067298363, 0.45281652193250704, 0.40529443547453464, 0.37696379037598066, 0.984080025146897, 0.6285372067396223, 0.9795351567500504, 8.944106119648367, 1.735533175985403, 1.9471015417231963, 1.2487145915972087, 1.5654669046641492, 1.078975145608964, 0.6733167874487048, 0.7517732722594312, 0.5047360291609524, 0.49856678362858187, 0.39228818750130223, 0.428406470927077, 0.32777135240942684, 0.35591888370055613, 0.43597698418678016, 0.4533554847763565, 0.4539270377466637, 0.454512890640934, 0.4052922475743322, 0.4797044510841467, 0.46165131142875276, 0.4970684327687399, 0.4996416106702794, 0.5372835875791112, 0.556110694734094, 0.7531342251106855, 0.764875625336397, 0.5973108382344158, 0.5749392221103306, 5.1651550770839725, 7.565503947511352, 4.354367227596456, 20.94636910131706, 2.4534488520057245, 1.1724280896227717, 0.7424818659153911, 2.0118128313504715, 1.0484867644404152, 2.416225613491866, 5.029438927206315, 3.9102918569115275, 1.2816350760446409, 0.7587556815111228, 1.0500681829871419, 5.4105255423813, 0.7535115579711095, 0.3499766790877972, 0.2789865607670414, 0.37781165486633317, 0.40597265795403586, 0.34192721408770305, 0.49674125504538685, 0.38687480774710997, 0.41351290649313, 0.2907007516520481, 0.32827398893667015, 0.7628618399149006, 1.049978989188214, 0.5594389729457804, 0.5482099571054331, 0.5782088117794055, 0.5745496082838948, 1.333654107665559, 1.9941753600711059, 1.4626116950296468, 1.186360558188507, 0.7953761355776987, 0.45996983991366086, 2.4065732754683236, 0.6048657331662733, 0.4941068547716731, 0.8214129355982158, 0.561015729350202, 0.5206434861838583, 0.513171259262192, 0.36254785508247345, 0.49444855738395166, 0.4557535663010039, 2.540884280639319, 1.5232645127569748, 0.896155082038852, 0.5237681579962312, 0.5098204684311032, 0.5086977887854081, 0.3000655164931453, 0.335588819524284, 0.40833904609320587, 0.3532270950125309, 0.331340359536418, 0.4050892138255191, 0.31897358317554425, 0.3304565132629051, 0.2811257528649496, 0.39987894848959965, 0.34098202848282433, 0.3503550235099561, 0.35382178506716333, 0.343124095357225, 0.3738560917893721, 0.38819404083081244, 0.3429557200118274, 0.4180166165189986, 0.5090986647405926, 0.4079678524001438, 0.45939778396485526, 0.4433678775327395, 0.49494822994082294, 0.4719461748258565, 0.40545390740178106, 0.3996827227978608, 0.48632942862828255, 0.4518677886536967, 0.4956039517594885],