{
    "0": [
        22882640.0,
        28853406.0,
        0.7930654703295688
    ],
    "1": [
        23023910.0,
        28853406.0,
        0.7979615994035505
    ],
    "2": [
        22267479.0,
        28853406.0,
        0.7717452490704217
    ],
    "3": [
        22245900.0,
        28853406.0,
        0.7709973650944364
    ],
    "4": [
        22110492.0,
        28853406.0,
        0.7663044009431677
    ],
    "5": [
        21770466.0,
        28853406.0,
        0.7545197956872058
    ],
    "6": [
        22117291.0,
        28853406.0,
        0.7665400403681978
    ],
    "7": [
        21968938.0,
        28853406.0,
        0.761398429010426
    ],
    "8": [
        28660224.0,
        28853406.0,
        0.9933047072501596
    ],
    "9": [
        23083001.0,
        28853406.0,
        0.8000095725267236
    ]
}