{
    "0": [
        23022154.0,
        28853406.0,
        0.7979007400374153
    ],
    "1": [
        23154555.0,
        28853406.0,
        0.8024894877228705
    ],
    "2": [
        22925372.0,
        28853406.0,
        0.7945464739933996
    ],
    "3": [
        22497269.0,
        28853406.0,
        0.7797093001775943
    ],
    "4": [
        22860203.0,
        28853406.0,
        0.7922878498295833
    ],
    "5": [
        23613390.0,
        28853406.0,
        0.8183917697619477
    ],
    "6": [
        28664700.0,
        28853406.0,
        0.9934598362494882
    ],
    "7": [
        28724126.0,
        28853406.0,
        0.9955194197870435
    ],
    "8": [
        22526955.0,
        28853406.0,
        0.7807381561816307
    ],
    "9": [
        22285420.0,
        28853406.0,
        0.7723670474120109
    ]
}