{
    "0": [
        23027587.0,
        28853406.0,
        0.7980890366981285
    ],
    "1": [
        22859775.0,
        28853406.0,
        0.7922730162255368
    ],
    "2": [
        22288258.0,
        28853406.0,
        0.7724654066837031
    ],
    "3": [
        22600417.0,
        28853406.0,
        0.7832841987528266
    ],
    "4": [
        22791353.0,
        28853406.0,
        0.7899016497393757
    ],
    "5": [
        23410053.0,
        28853406.0,
        0.8113445254955343
    ],
    "6": [
        23011043.0,
        28853406.0,
        0.797515655517411
    ],
    "7": [
        22813820.0,
        28853406.0,
        0.7906803099779623
    ],
    "8": [
        23270334.0,
        28853406.0,
        0.8065021509072448
    ],
    "9": [
        22930074.0,
        28853406.0,
        0.794709435690192
    ]
}