{
    "0": [
        22614718.0,
        28853406.0,
        0.7837798421441129
    ],
    "1": [
        22924551.0,
        28853406.0,
        0.7945180198136746
    ],
    "2": [
        22996181.0,
        28853406.0,
        0.7970005690142786
    ],
    "3": [
        23294548.0,
        28853406.0,
        0.8073413585903861
    ],
    "4": [
        23108398.0,
        28853406.0,
        0.8008897805687134
    ],
    "5": [
        28714303.0,
        28853406.0,
        0.9951789747109925
    ],
    "6": [
        23076722.0,
        28853406.0,
        0.799791955237451
    ],
    "7": [
        22691510.0,
        28853406.0,
        0.7864412957000639
    ],
    "8": [
        23605129.0,
        28853406.0,
        0.8181054604090762
    ],
    "9": [
        22821171.0,
        28853406.0,
        0.7909350805932582
    ]
}