{
    "0": [
        23108282.0,
        28853406.0,
        0.8008857602461213
    ],
    "1": [
        23096313.0,
        28853406.0,
        0.8004709392021171
    ],
    "2": [
        23365712.0,
        28853406.0,
        0.8098077571847151
    ],
    "3": [
        22491110.0,
        28853406.0,
        0.7794958418427274
    ],
    "4": [
        22749164.0,
        28853406.0,
        0.78843946534423
    ],
    "5": [
        21905021.0,
        28853406.0,
        0.7591831966042415
    ],
    "6": [
        23158832.0,
        28853406.0,
        0.8026377197894765
    ],
    "7": [
        22089977.0,
        28853406.0,
        0.7655933930295785
    ],
    "8": [
        22584681.0,
        28853406.0,
        0.7827388211984402
    ],
    "9": [
        21892193.0,
        28853406.0,
        0.7587386043782838
    ]
}