{
    "0": [
        23482407.0,
        28853406.0,
        0.8138521670543852
    ],
    "1": [
        23115945.0,
        28853406.0,
        0.8011513441428717
    ],
    "2": [
        22630886.0,
        28853406.0,
        0.7843401919343596
    ],
    "3": [
        24026488.0,
        28853406.0,
        0.8327089009872872
    ],
    "4": [
        22250527.0,
        28853406.0,
        0.7711577274447252
    ],
    "5": [
        22134136.0,
        28853406.0,
        0.7671238535928826
    ],
    "6": [
        22744756.0,
        28853406.0,
        0.7882866930857314
    ],
    "7": [
        23519926.0,
        28853406.0,
        0.8151524988072465
    ],
    "8": [
        22476642.0,
        28853406.0,
        0.7789944105732266
    ],
    "9": [
        22546556.0,
        28853406.0,
        0.7814174867258306
    ]
}