{
    "0": [
        22685264.0,
        28853406.0,
        0.786224822123253
    ],
    "1": [
        22729414.0,
        28853406.0,
        0.7877549707649766
    ],
    "2": [
        22908648.0,
        28853406.0,
        0.7939668543810737
    ],
    "3": [
        22794617.0,
        28853406.0,
        0.7900147732992078
    ],
    "4": [
        28733186.0,
        28853406.0,
        0.9958334208446656
    ],
    "5": [
        23266623.0,
        28853406.0,
        0.8063735352422519
    ],
    "6": [
        24088447.0,
        28853406.0,
        0.8348562731207539
    ],
    "7": [
        24381692.0,
        28853406.0,
        0.8450195446596496
    ],
    "8": [
        23943442.0,
        28853406.0,
        0.8298306965908981
    ],
    "9": [
        22317096.0,
        28853406.0,
        0.7734648727432734
    ]
}