{
    "0": [
        23911140.0,
        28853406.0,
        0.8287111753808198
    ],
    "1": [
        23855960.0,
        28853406.0,
        0.8267987495133157
    ],
    "2": [
        23660617.0,
        28853406.0,
        0.8200285609262213
    ],
    "3": [
        23663813.0,
        28853406.0,
        0.8201393277452236
    ],
    "4": [
        23897605.0,
        28853406.0,
        0.8282420799818226
    ],
    "5": [
        23995922.0,
        28853406.0,
        0.8316495459842765
    ],
    "6": [
        23923852.0,
        28853406.0,
        0.8291517472841854
    ],
    "7": [
        23708535.0,
        28853406.0,
        0.8216893007362805
    ],
    "8": [
        23895058.0,
        28853406.0,
        0.8281538061745639
    ],
    "9": [
        23824169.0,
        28853406.0,
        0.8256969385174145
    ]
}