{
    "0": [
        23327014.0,
        28853406.0,
        0.8084665637048187
    ],
    "1": [
        22562425.0,
        28853406.0,
        0.7819674737880166
    ],
    "2": [
        22111593.0,
        28853406.0,
        0.766342559349839
    ],
    "3": [
        22404189.0,
        28853406.0,
        0.776483337876991
    ],
    "4": [
        22715850.0,
        28853406.0,
        0.7872848702853313
    ],
    "5": [
        22186912.0,
        28853406.0,
        0.7689529617404615
    ],
    "6": [
        23549607.0,
        28853406.0,
        0.8161811815215161
    ],
    "7": [
        22742259.0,
        28853406.0,
        0.7882001521761417
    ],
    "8": [
        22440735.0,
        28853406.0,
        0.7777499474412137
    ],
    "9": [
        22800710.0,
        28853406.0,
        0.7902259442091516
    ]
}