{
    "0": [
        22280451.0,
        28853406.0,
        0.7721948320416661
    ],
    "1": [
        22103143.0,
        28853406.0,
        0.7660496996437787
    ],
    "2": [
        22424013.0,
        28853406.0,
        0.7771703971447946
    ],
    "3": [
        22823825.0,
        28853406.0,
        0.7910270628015286
    ],
    "4": [
        22619624.0,
        28853406.0,
        0.7839498740633948
    ],
    "5": [
        22881081.0,
        28853406.0,
        0.7930114385802494
    ],
    "6": [
        22707846.0,
        28853406.0,
        0.7870074680264784
    ],
    "7": [
        22824181.0,
        28853406.0,
        0.7910394010329318
    ],
    "8": [
        22634333.0,
        28853406.0,
        0.7844596578996601
    ],
    "9": [
        22194559.0,
        28853406.0,
        0.7692179911099577
    ]
}