{
    "0": [
        23249994.0,
        28853406.0,
        0.805797208135497
    ],
    "1": [
        22572129.0,
        28853406.0,
        0.7823037945676153
    ],
    "2": [
        23249083.0,
        28853406.0,
        0.805765634739968
    ],
    "3": [
        22890809.0,
        28853406.0,
        0.7933485911507293
    ],
    "4": [
        22954716.0,
        28853406.0,
        0.7955634769773801
    ],
    "5": [
        23951458.0,
        28853406.0,
        0.8301085147451917
    ],
    "6": [
        23308197.0,
        28853406.0,
        0.8078144049960687
    ],
    "7": [
        28758750.0,
        28853406.0,
        0.99671941676487
    ],
    "8": [
        22352319.0,
        28853406.0,
        0.7746856298351744
    ],
    "9": [
        23309146.0,
        28853406.0,
        0.8078472953938263
    ]
}