{
    "0": [
        596.0,
        820.0,
        0.7268292682926829
    ],
    "1": [
        569.0,
        820.0,
        0.6939024390243902
    ],
    "2": [
        574.0,
        820.0,
        0.7
    ],
    "3": [
        617.0,
        820.0,
        0.7524390243902439
    ],
    "4": [
        605.0,
        820.0,
        0.7378048780487805
    ],
    "5": [
        600.0,
        820.0,
        0.7317073170731707
    ],
    "6": [
        538.0,
        820.0,
        0.6560975609756098
    ],
    "7": [
        566.0,
        820.0,
        0.6902439024390243
    ],
    "8": [
        573.0,
        820.0,
        0.698780487804878
    ],
    "9": [
        613.0,
        820.0,
        0.7475609756097561
    ]
}