{
    "0": [
        506.0,
        820.0,
        0.6170731707317073
    ],
    "1": [
        490.0,
        820.0,
        0.5975609756097561
    ],
    "2": [
        486.0,
        820.0,
        0.5926829268292683
    ],
    "3": [
        473.0,
        820.0,
        0.5768292682926829
    ],
    "4": [
        486.0,
        820.0,
        0.5926829268292683
    ],
    "5": [
        502.0,
        820.0,
        0.6121951219512195
    ],
    "6": [
        506.0,
        820.0,
        0.6170731707317073
    ],
    "7": [
        513.0,
        820.0,
        0.625609756097561
    ],
    "8": [
        520.0,
        820.0,
        0.6341463414634146
    ],
    "9": [
        492.0,
        820.0,
        0.6
    ]
}