{
    "0": [
        513.0,
        820.0,
        0.625609756097561
    ],
    "1": [
        498.0,
        820.0,
        0.6073170731707317
    ],
    "2": [
        498.0,
        820.0,
        0.6073170731707317
    ],
    "3": [
        483.0,
        820.0,
        0.5890243902439024
    ],
    "4": [
        503.0,
        820.0,
        0.6134146341463415
    ],
    "5": [
        513.0,
        820.0,
        0.625609756097561
    ],
    "6": [
        515.0,
        820.0,
        0.6280487804878049
    ],
    "7": [
        527.0,
        820.0,
        0.6426829268292683
    ],
    "8": [
        539.0,
        820.0,
        0.6573170731707317
    ],
    "9": [
        499.0,
        820.0,
        0.6085365853658536
    ]
}