{
    "0": [
        596.0,
        820.0,
        0.7268292682926829
    ],
    "1": [
        577.0,
        820.0,
        0.7036585365853658
    ],
    "2": [
        570.0,
        820.0,
        0.6951219512195121
    ],
    "3": [
        617.0,
        820.0,
        0.7524390243902439
    ],
    "4": [
        606.0,
        820.0,
        0.7390243902439024
    ],
    "5": [
        600.0,
        820.0,
        0.7317073170731707
    ],
    "6": [
        546.0,
        820.0,
        0.6658536585365854
    ],
    "7": [
        573.0,
        820.0,
        0.698780487804878
    ],
    "8": [
        575.0,
        820.0,
        0.7012195121951219
    ],
    "9": [
        600.0,
        820.0,
        0.7317073170731707
    ]
}