{
    "0": [
        513.0,
        820.0,
        0.625609756097561
    ],
    "1": [
        502.0,
        820.0,
        0.6121951219512195
    ],
    "2": [
        500.0,
        820.0,
        0.6097560975609756
    ],
    "3": [
        486.0,
        820.0,
        0.5926829268292683
    ],
    "4": [
        500.0,
        820.0,
        0.6097560975609756
    ],
    "5": [
        512.0,
        820.0,
        0.624390243902439
    ],
    "6": [
        516.0,
        820.0,
        0.6292682926829268
    ],
    "7": [
        529.0,
        820.0,
        0.6451219512195122
    ],
    "8": [
        536.0,
        820.0,
        0.6536585365853659
    ],
    "9": [
        503.0,
        820.0,
        0.6134146341463415
    ]
}