{
    "0": [
        604.0,
        820.0,
        0.7365853658536585
    ],
    "1": [
        580.0,
        820.0,
        0.7073170731707317
    ],
    "2": [
        580.0,
        820.0,
        0.7073170731707317
    ],
    "3": [
        626.0,
        820.0,
        0.7634146341463415
    ],
    "4": [
        614.0,
        820.0,
        0.748780487804878
    ],
    "5": [
        604.0,
        820.0,
        0.7365853658536585
    ],
    "6": [
        551.0,
        820.0,
        0.6719512195121952
    ],
    "7": [
        577.0,
        820.0,
        0.7036585365853658
    ],
    "8": [
        582.0,
        820.0,
        0.7097560975609756
    ],
    "9": [
        615.0,
        820.0,
        0.75
    ]
}