{"random_split": [0.9967661761021217, 0.9945943457583296], "6_or_less_total_branches_train_rest_test": [0.9978419270463199, 0.9651035870530099], "4_or_less_core_branches_train_rest_test": [0.9973139523068563, 0.9742142192960919], "backbone_smaller_than_equal_10_train_rest_test": [0.9970332797342736, 0.9678063205932024], "till_c16_train_c17_test": [0.9968397646167387, 0.9904552126114208]}