{"random_split": [0.996048881391225, 0.9901137608968626], "6_or_less_total_branches_train_rest_test": [0.9951772977100825, 0.909315238540469], "4_or_less_core_branches_train_rest_test": [0.9960890001686091, 0.9435281349498873], "backbone_smaller_than_equal_10_train_rest_test": [0.9948008197078863, 0.9827309517617623], "till_c16_train_c17_test": [0.9954501232278219, 0.9827801164942055]}