{"best_epoch": 128, "best_val_loss": 65.73303398133721, "train_loss_list": [331.3929188540687, 265.622902037054, 201.9272980073989, 58.09722084078021, 97.68823631696073, 35.26905741723474, 19.413143689433305, 166.63270186263367, 64.52251646841606, 5.642623229135617, 5.769577257890589, 3.013421855677557, 3.0877685786685873, 4.656080173378566, 2.839941975346494, 2.893852033057656, 2.6248084151024185, 1.8758741808241237, 205.7441398535595, 9.859358866338729, 16.58861266110696, 8.770477270872252, 4.397413632641392, 2.3979419862166718, 1.5308120051415732, 4.475580404319349, 2.095305487766807, 1.782863764304599, 17.647496007431513, 7.081750862679025, 2.0420174287785735, 83.13488225830886, 11.874085587109974, 4.393076609329964, 2.215833309222932, 2.8209341770754426, 1.213395946796805, 1.0833998876782645, 0.7533721427213173, 1.5227683607985267, 0.9222959949293336, 0.7276898987933752, 28.144050801764987, 9.16527214947689, 2.9451156104644056, 4.381261434907249, 1.2702171470434214, 3.3394813142809134, 1.8638285981445557, 0.9965424141530727, 1.1047955704721855, 0.6142566479889523, 0.6037555475307362, 0.49616662976092857, 1.082118771647108, 0.702056518167812, 4.818275957550866, 9.929936878240179, 9.401110730901607, 4.356435819668132, 8.906691862594688, 1.5811265561366348, 0.771621340998809, 0.5379819683328257, 11.953541654542802, 20.063890975974232, 1.4102915203008037, 1.2445028525469057, 0.9717977833510094, 1.4619660388908278, 0.9514540260873426, 1.0676474723786489, 0.5113030410475622, 1.6411474637098844, 7.3968676161427505, 2.7070485178443717, 0.7628743241979329, 1.30164949851601, 1.6606064149395554, 1.099055898174504, 0.7453936866433531, 1.0590168414800545, 0.6726769362342836, 0.9653010329418207, 0.4931659447423906, 0.6081947816421227, 0.9262812906735083, 0.6338316825995058, 0.6311443425530088, 0.838529199438671, 0.7149247175187424, 2.229519708420853, 1.3970428030130757, 1.4166810203439195, 10.115126250374281, 2.0760518193740953, 0.5205114625914893, 1.1489895202836453, 0.2827673466598637, 0.27366591632759435, 0.6125369398260532, 2.260179859146057, 1.2944827559931915, 77.9474290022965, 12.121554653210378, 2.085746930962184, 1.0006614534681963, 0.6117952412453701, 0.5424336671102199, 0.7913030576484453, 0.7679024014646978, 0.7398710313241454, 0.38419168631930833, 0.3063658813373971, 0.3643097810959429, 0.8054615320016688, 1.348033921303091, 0.6141289509638127, 0.48956488064681297, 0.36399710833484383, 0.7344060093089431, 0.4209467881508335, 0.7446479884951361, 0.4752271319081164, 0.5060304351901882, 0.5817011854031972, 2.4774338810418706, 2.0386941334432156, 1.1349045211552504, 0.5174981666457783, 0.2875449514090954, 0.6124107374605953, 0.9037465838750857, 0.3750556147911263, 0.5352854272718728, 0.4063957824450652, 1.7446777390842738, 1.2361358168182315, 0.8671525045924952, 1.7958969893315284, 1.2794697746766703, 10.638410298826908, 2.5535235335462407, 0.6589759385061524, 0.4320802087164475, 0.3304254871421718, 0.2982937257844516, 0.1624634516756835, 0.3960260995389316, 0.4703930436641578, 0.3169195535187075, 0.4067448103950632, 0.3723660141865918, 0.2280280390245728, 0.16415332797011173, 0.8587816780427187, 0.5358542747010213, 0.5467255877590984, 0.4533916616990979, 1.545690815456323, 0.8865474362939757, 0.7012762837430947, 1.013117748878265, 0.4367922595230152, 0.7372378902226993, 0.5325939515900509, 0.3221825132632739, 0.18020053676526654, 0.2166224679844957, 0.1979626266681871, 0.45360504342357677, 0.4684198530457348, 1.89151846834181, 0.9410854735158154, 0.2781207875245863, 0.3925105496991733, 0.3303081531126306, 0.21441158363484789, 0.17401990921724447, 0.8911894491475598, 0.6933810320223934, 0.5864835015178821, 0.39398125340370466, 0.23752637606337296, 0.3281730623521403, 5.029721380162257, 0.8301942541020109, 0.375268173878877, 0.30153683499138256, 0.3613635711228691, 0.31805901282826765, 0.2042633174276147, 0.4332746965679004, 0.4124137915709136, 0.15093230278754308, 0.14557197203089284, 0.30068758838852366, 0.3150280246864764, 0.15194670152668124, 0.3506265797359733, 0.20368112371945585, 0.14650843970327554, 0.12849459608492628, 0.14140200225351654, 0.13634723414140626, 0.19687253421743245, 0.1652460878797699, 0.2290160314319281, 0.8541933090649647, 0.4727667320183451, 0.3605461522682987, 1.2061362009122703, 0.7872731688242873, 0.8278725600817036, 0.27174148250048813, 0.19959299978273035, 0.17802250172901582, 0.13044237505610842, 0.2743675413579476, 0.2703000675046188, 0.2901706018007676, 0.8011742536738541, 0.3123631864534588, 0.2541419097040821, 0.1907351177428502, 0.18407973926273813, 0.2267538310843058, 0.19995164870408857, 1.0028068506559624, 0.5161036257469832, 0.27664174556354837, 0.3135479419410447, 0.12699922277142894, 0.24977072108869217, 0.10339244497485507, 0.1398338524547987, 0.1366964069615906, 0.12054099809489391, 0.13861577684683146, 0.6125738098325114, 0.21480166282708243, 0.14505685732862744, 0.12037655606666604, 0.11217579131668076, 0.12027106050587187, 0.11793050634252587, 0.442064819556193, 0.8215943592556672, 0.37038371090823724, 0.20792639155301135, 0.19315980159759302, 0.20817433128725, 0.13640953513694104, 0.1485484086065351, 0.0983959867812668, 0.13780875698135076, 0.29505906843810553, 0.18265696219686214, 5.450878732073148, 0.3548491361186622, 0.33646369212712696, 0.12136209833880965, 0.4861797017858249, 0.2372783189822247, 0.2321024131009386, 0.27068818188939675, 0.2016056673802442, 0.22860005594048183, 0.09839238728583465, 0.09822419131731412, 0.14517754279031592, 0.12490151915727658, 0.8036952355947221, 0.5558923159945606, 0.2488478452068394, 0.18977579595701996, 0.12161203556260584, 0.09142053757780846, 0.21020518493153162, 0.1916348036155476, 0.1698041526369806, 0.17504832244019844, 0.5167265544189061, 0.2577601792069744, 0.1614467526481145, 0.1968974139632313, 0.12722778349594274, 0.16507219831489248, 0.11333133250802262, 0.09309463210299355, 0.10488442182226443, 0.10510191663078297, 0.14949343465177686, 0.14625917941359898, 1.6136021381796626, 0.4751935267662024, 0.25618163290684864, 0.22517654891243777, 0.12883321829507677, 0.19641089665498987, 0.11198931154821037, 0.11871405567749949, 0.1445072123735952, 0.10566631967555491, 0.15995197202322697, 0.10164556745051441, 0.22680281937066654, 0.3712926531185727, 0.176848439972889, 0.6403239922099998, 0.25954170223171297, 0.14322875766633886, 0.13461542176300573, 0.08954909562456133, 0.10331493581177398, 0.1131846083158211, 0.09537674478628101, 0.516996013616059, 0.2674622386040428, 0.19937071200508688, 14.89947620832293, 0.4843172843322813, 0.25492509420933485, 0.21262689253617845, 0.3815778679059182, 0.34669192639932217, 0.22502977285592107, 0.27612368204821003, 0.10875921584578638, 0.07452673512654637, 0.08007775441923674, 0.11307982649124888, 0.12268057617241512, 0.09612551666529114, 0.09317843268815719, 0.10664677074176969, 0.08347512546619484, 0.09657910187738837, 0.11620903902887074, 0.11470336986113319, 0.101210115262442, 0.1032989170876616, 0.11370655343972308, 0.18492074125261404, 0.12879624171331214, 1.2135035526562439, 0.6851132728776205, 0.19240191864969466, 0.3032516012408296, 0.14041397816626675, 0.15757334970349238, 0.1629527106499255, 0.1291979430354946, 0.1655955669185137, 0.11329113651750096, 0.08225251929615696, 0.07614783602971749, 0.08515495025974003, 0.08388008370186285, 0.1294760116260337, 0.09337653362051185, 0.09293680291758886, 0.09399814500667508, 0.12394628279957892, 0.09249872156802168, 0.1227870504402225, 0.09524047310073579, 0.17773592239905928, 10.99074119250749, 0.3080525812828855, 0.16699827467257605, 0.14202815157904133, 0.11842395856591592, 0.1079295964529125, 0.4309354780890638, 0.19267792991667207, 0.15448546197481713, 0.09716867719042233, 0.40514771387690984, 0.07218483037724568, 0.07541410597127439, 0.1014788750179099, 0.09237322032578167, 0.08727200286379365, 0.07724190815994537, 0.1371602036364829, 0.09856262908547399, 0.12954279921769332, 0.20238165944525993, 0.12480423003772316, 0.12525929721278983, 0.2557476061246369, 