{"best_epoch": 86, "best_val_loss": 42.7187620659091, "train_loss_list": [332.0033187690082, 277.1591512343363, 134.4999453398754, 85.2799527153926, 39.284562591846196, 63.111192589424505, 128.8565130133189, 76.34075030961733, 9.415418322656262, 4.943065515429094, 3.913238070719058, 2.7053296724107616, 4.822218599895255, 31.506377136175697, 7.729389123298906, 19.4932309349225, 5.439897545970572, 2.8399523288933306, 1.6120868362167744, 1.2991382510769462, 0.9704170563320648, 1.1603180324784532, 1.6908440656957358, 1.2559912096767167, 9.658938187253433, 6.729258802589978, 4.11260993523531, 3.919696125721311, 3.7860038904424504, 1.9590033996940042, 3.0618961529633686, 3.3250149814973273, 2.2110941355949674, 6.337653612663317, 28.046333221771746, 7.501609344816039, 2.5624128827115022, 2.8821260858756017, 4.580383558956711, 3.0887979989062146, 1.6700112984057596, 2.4997276863846447, 2.036759358907601, 0.992922558861726, 1.0465670047632287, 30.033551892659727, 11.053256761965304, 3.2807877963621936, 1.4709321722236726, 1.1474393902594833, 1.5954351906506212, 1.091692772832991, 1.6107587443842921, 27.22371347403355, 2.505170029917099, 8.925418835459812, 2.756307534078646, 1.3788009906504946, 1.1492165106942076, 1.597804013396084, 2.0302375434672895, 2.2804146359446467, 1.048275753568987, 1.3507246100851147, 0.7683776420802424, 0.7920572022320683, 5.091490510641561, 2.2560238930519203, 1.6237507442034214, 1.248910825811785, 0.6733040248979515, 0.4892757162740432, 0.7255492700942578, 4.173136372798629, 1.9480437893980787, 1.3031072034705216, 0.8752613001548418, 0.9290275020034431, 0.6052500727672164, 0.5202740477770263, 0.311186446132608, 0.4689847331194797, 0.6340504213338279, 1.653120038348287, 4.452357226594783, 2.029702317777998, 1.3262491653889015, 0.5868412682111274, 0.4538575325032408, 1.7453111894563225, 1.5837081167058897, 23.795289778697896, 5.9300056201752005, 14.59064701809482, 3.416043071149128, 1.6234421087605284, 0.6807404988276277, 1.4361230815901442, 0.9706048635934311, 0.8793002347162677, 0.6064787223519522, 0.8397393959214962, 0.5042894928304591, 0.36335867255472265, 0.40703633398645034, 0.6317881487694851, 0.4193092477585839, 1.30952296968071, 1.2076684593020441, 0.71310241735326, 0.6365670460132814, 2.1536730586385286, 1.7621521656302102, 1.1699088025333122, 0.6392914265432854, 0.4616410185230884, 0.48667137087267365, 0.6638987063959606, 0.4450919581829689, 1.103516941344871, 0.543127291652535, 25.34937627485249, 1.846273909996997, 0.6285420883991348, 0.3924118440027314, 0.29039025596859835, 1.2453705376545459, 0.6900351028623082, 0.6937385995424227, 0.30192388088211186, 0.24573543561065772, 0.27496138895812267, 0.8075844270564282, 1.2045764484463892, 0.4970625985197084, 0.43303207981262004, 0.39904898398160954, 0.3791240806955127, 0.3450412837515876, 0.29165074607853875, 0.2464500189976206, 0.425714256071925, 6.079666361219891, 1.5536187807743411, 1.1809008304359687, 0.6149241591547717, 0.71541204120455, 1.790186359305577, 0.6873763651848763, 0.4891805199339272, 0.6711057664398216, 0.3088307680709703, 0.4507272316870509, 3.020910527148122, 7.819987475502466, 1.3350625435677084, 0.9482267075294695, 1.0410337078587175, 0.48638091999118704, 1.1617358645794957, 0.6442809814096427, 0.5231683649725096, 0.3976026703301523, 0.7538177710569024, 0.8388945009773446, 0.43268345924260826, 0.39551775870638434, 0.5247589045919029, 0.6028504025827925, 0.30126582876834357, 1.6134371273682169, 0.7658768824049058, 0.5177672444846639, 0.42663799022110993, 0.51237711484058, 0.6381705138305721, 0.45679203666682966, 0.5440626579781693, 0.42562025105244455, 0.3645095210431109, 0.28822082520184017, 0.6369095133516934, 0.7760231102639172, 2.543949584331794, 4.636263390830671, 0.937452097027224, 0.2893185117383791, 4.994302989698346, 86.2371044850415, 1.134970647224119, 0.5123910832775839, 0.18109188941716056, 0.29347218013447446, 0.14588376079817356, 0.14977884412775638, 0.1531915658605095, 0.19337127513476576, 0.32091223990525164, 0.2651945411566909, 0.49288574631309706, 0.19686228481596732, 0.16188164071410935, 2.1208486021126878, 0.7167698335030199, 0.578872039686363, 0.28891956983426814, 0.41752343531949926, 0.3371213587280372, 0.2228767349634107, 0.2298593423801064, 0.2380913320267519, 0.22729284842142003, 0.5021517409047902, 0.4376992373108685, 0.24558964872775002, 0.25338139278943195, 0.22134030514836106, 0.1800895683220374, 0.2814599848529014, 0.23525109249061538, 0.18247104525180805, 0.1518975459389274, 3.251439237251134, 0.622482876079819, 0.43409771380547674, 1.62459582609418, 4.388784126608391, 0.576041415334676, 0.2611528876403794, 0.2569433256459231, 0.1319747409300736, 0.2640318242469885, 0.2491380105935644, 0.12179456369459422, 1.6857650580254602, 0.7162401267486393, 0.8063850403185504, 0.47364620966080045, 0.4899683514900326, 0.19697172567630988, 0.14136012936934228, 0.19338161154373304, 0.2787982493931469, 0.1309141971045501, 0.14258606126983744, 0.13344948072557372, 0.1269587565360438, 0.11850660543998297, 0.14689860657224224, 0.180114969141576, 0.20757908147530432, 0.954738416768543, 0.33063911653692935, 0.9909877708335744, 0.250388365869397, 0.16709701632858262, 0.32763889359599524, 0.2174686814273142, 0.4999705714742183, 0.32083877157740054, 0.3753092218304846, 0.14742671147308622, 0.12246643004208337, 0.11823260684176669, 0.11456736671681214, 0.15412891386941546, 0.3430045008518807, 1.0892673256802956, 0.481554066274589, 1.8909872834420585, 0.6473406158231951, 0.29320868824011076, 0.20892223546778327, 0.2141505572112912, 0.15496665295904874, 0.12023689977841358, 0.15736247169324227, 0.16572978147947234, 0.3501747132085289, 0.15216152314591097, 0.11138397806233044, 0.272873537242602, 0.23684668997911662, 1.0896292343027518, 0.5740453696806015, 0.2787366742467293, 0.1673552647659033, 0.2611825530138331, 0.24056818890056197, 0.13485293106460006, 0.11637918651694988, 0.11746312167151109, 0.12162582720808407, 0.161344212247556, 0.6387426858854436, 0.2937441091992845, 8.300489874745407, 0.3912079563095778, 0.27192131123545027, 0.5226545762742365, 0.1903177177506798, 0.3084067208977899, 0.1736360429106194, 0.4064590733529022, 0.21201137220692529, 0.13935369498058617, 0.5139403635903633, 0.7256395022384539, 0.3533551101474972, 0.10733436534989527, 0.12638293755790364, 0.11797760780228247, 0.12882624044639315, 0.10729480212434807, 0.12859679044734926, 0.17540625236537483, 0.31194790533211886, 0.15399632703696273, 0.10624060007193913, 0.09514276508537778, 0.10342631139276784, 0.09901456629379495, 0.14025479970371252, 0.4038869096793073, 0.30271916261533266, 0.16313917460286592, 0.1201114239454721, 0.16698389937988461, 0.35146683774639226, 0.3928128598578601, 13.809805166041146, 0.17862100478297321, 0.3225939930049059, 0.16760998071403108, 0.1498151060599153, 0.12313800021194525, 0.2938566874988134, 0.1728926368264962, 0.1409753927267496, 0.3843609619962591, 0.2292521505834921, 0.1459890034855955, 0.10380942571412313, 0.13306646392148697, 0.12120310209797983, 0.23452721453193856, 0.2273705019571359, 0.1219817381831439, 0.32204355199356344, 0.13810279853047183, 0.09891717970590225, 0.13441505452775607, 0.1024417211883074, 0.10112019923839445, 0.0943641343625594, 0.09074543879397624, 0.6417831574396841, 0.2683013943446309, 0.1493425466465002, 0.34009908320643456, 0.16240227546940303, 0.10291513427970769, 0.12339234577962986, 0.09397727646362493, 0.09371837787720372, 0.09086851355411642, 0.17302118509747963, 0.26744446986144904, 0.40178903839769226, 0.22041667424525763, 0.28963168074492335, 0.16222887734582195, 0.5076831353549094, 0.1554665362862284, 0.0973213420015673, 0.17076087577483862, 0.08604882199323469, 0.11877803326457766, 0.08903114531364613, 0.09005113652565679, 0.15373762406368627, 0.21366950691065115, 0.13483730950632883, 0.16138323058177126, 0.10211017536616764, 8.912562089934218, 0.5687656089235399],