{"best_epoch": 143, "best_val_loss": 50.24522109139038, "train_loss_list": [336.1522039530685, 229.35423428488568, 211.0801637966146, 78.59463009533341, 93.97872076377395, 53.41005909312969, 46.4277895679709, 19.84188661175397, 13.72921702889359, 10.40746189058403, 5.722571719769981, 4.260218897335505, 2.132994647059265, 1.862018028042186, 1.576789635255157, 1.2215097331206954, 30.87629547066222, 28.39924256188412, 12.628199034385807, 3.8617796415735297, 4.379827342273285, 10.039711554638105, 4.602314115182394, 2.2219172270050778, 1.62801178478979, 1.2577548700554997, 3.1595514234864637, 1.5671922170567216, 3.9573903651657805, 5.779843171594516, 3.037492713532288, 24.595209917779847, 4.111871458060163, 4.602063736873922, 2.5953279438549908, 1.8039469587807662, 1.1096354097988674, 0.7009909615666204, 6.761370696038384, 1.7568315846071316, 0.9915846765847935, 0.5130766194225113, 5.691623958493944, 2.5497164363947933, 6.579796119549155, 4.349511917220874, 2.7108689574569276, 3.9405759521360637, 8.010477497172113, 5.509754183460328, 1.500938431753364, 19.158475273734226, 7.206245853234154, 3.405408892411082, 6.014742355151251, 3.250984456319334, 0.8869654653886943, 1.386450058645984, 1.2094393321767118, 1.2115292404097782, 1.0514211861781726, 0.6659366464508865, 1.886421766667686, 0.7608860243815005, 0.6608003135615986, 0.9391354683084989, 2.8363986213738035, 2.503332999661765, 1.3116876101406396, 8.215919167002866, 1.0244665974357294, 0.7492976580937699, 4.6283039995029585, 1.7647832053738222, 1.7317812769651129, 1.1300493210639366, 0.8029276278031332, 0.593300380025142, 0.7692984564289137, 0.9307866689920968, 1.055380057378979, 0.5069286453020978, 0.8987448203215749, 0.5196556370279533, 0.5614012556236366, 47.82161406240111, 1.1265661965306255, 0.7628835938331795, 0.5497092431612509, 0.6346309711673422, 1.2356007244179932, 0.9393804937340815, 2.196038809325631, 0.8296641737728444, 0.7273433293914635, 0.5926348472310524, 0.66573623156598, 0.36627538326995474, 0.40411337698506433, 0.5582613955772137, 0.49129102225878085, 0.3374405730218695, 0.4254239847657216, 4.8966017892627205, 2.7664791391144266, 1.555568550190293, 0.7062370610945734, 0.5125533815576746, 0.5650160193877657, 0.3620392236493768, 0.3525961930279079, 0.27578391840426275, 0.7684164909400227, 0.43344779765025215, 0.49269041413350184, 0.26327815094986773, 0.34450245449935313, 1.64611631319189, 1.4266309670259105, 1.0878657406769017, 0.4866153903070261, 0.46123392727094553, 0.2853532903448776, 0.8938543045039938, 3.2172608941835494, 1.2279920922667864, 1.239896689735972, 0.41626535602861825, 0.3469153275865814, 0.26600282155969923, 0.23627878261449153, 0.21950917136820852, 0.3270714152539557, 0.3872940936831908, 2.081555911685696, 0.649201349271307, 0.4995072517350815, 0.4156224930825254, 0.22134857471446218, 1.0512788106569448, 1.0061100340190792, 0.6492668896446399, 0.5117418023214452, 7.714493986651063, 1.3824404354038722, 0.5103509284064157, 0.39078140604733774, 0.5702173549038225, 0.4582052531497674, 0.21885673643881545, 0.39860080904565537, 0.49126232674131887, 0.332649155271771, 1.1743045021960834, 0.8284395444954661, 0.46481319604522786, 0.469752303584677, 0.3095159691250313, 0.36329555001420877, 0.2478504619677918, 0.21113279603041316, 0.4496325531617742, 0.7861668163196933, 0.4388083900122786, 0.3281151300780555, 0.23536953956065296, 0.2268022469047987, 0.43129452046014116, 0.2917870979664055, 0.175241770375462, 0.24776461726569982, 0.47516836923702704, 1.5467610835763475, 0.5677659840514827, 0.44668758085034854, 0.31510613724590486, 0.3897479570959948, 0.2292864781767918, 0.33601560296302685, 0.20952274304845228, 0.17511782123543665, 0.6689445416533691, 0.25548997610461904, 1.075922087353675, 0.46793800508691535, 23.63993686634555, 0.7414692437140803, 0.6251004373722917, 0.3803722622129317, 0.37001765590196317, 0.18641633277397718, 0.20550410791835277, 0.16136020464292442, 0.5530126297268113, 0.37948292714799275, 0.27722969699136135, 0.2387798995581246, 0.17353132026213014, 0.31630145357026673, 0.20290283279997898, 0.21843170848076765, 0.8141401030878294, 0.5115272631116502, 0.4613652374234354, 0.34344006058237453, 0.2751608098285127, 0.38532957846338023, 0.20783751142509324, 0.40526366170109696, 0.18334861061921545, 0.21303136566665024, 0.33507472372583635, 0.1543666128227903, 0.4297750634911007, 1.703259982345638, 0.9509644401680156, 0.333357674406676, 0.2627512902512595, 0.7345164666739777, 0.2554250065156966, 0.6420588888852294, 0.35560103686317857, 0.28184696352750527, 0.19776267485504995, 0.1941928826476312, 0.31662035428292934, 0.8224859994128354, 0.48331312604370136, 0.6047810558103526, 2.428566629657321, 0.6214800846434393, 0.3988459066467485, 0.278818861052256, 0.3249201367245217, 0.4024855787816282, 0.364273418857435, 0.6764996012607051, 0.23339938605150237, 0.26924426750221525, 0.40666616609442036, 0.3149922987129181, 0.19941656158157856, 0.607654756218836, 0.2969941652032614, 0.19516012937256355, 0.13483835078842563, 0.13175645073273215, 0.4094823321983556, 0.6671867699803989, 0.5696173800600297, 0.30498763097217707, 0.31576589888514306, 0.21370886393644573, 0.20712890064461822, 0.1720996271909423, 0.16606724791389407, 1.4181450888095883, 0.398516488494271, 0.2541483215598597, 0.5898407746862393, 0.3217063574052398, 0.23216874196979195, 0.3264032901469215, 0.14429771359451096, 0.14889180999206408, 0.1361238353132071, 0.25778890761235085, 0.21461129458442135, 0.6400734374426752, 0.32231967935203554, 0.1982123597701323, 0.2468810831657579, 0.14351146182523267, 0.17288316544196491, 0.14259433984615535, 0.14516637012867117, 8.571220815429921, 1.5765596412440488, 0.42957443525226857, 0.2920985370613373, 0.3095098980907326, 0.26079682826235867, 0.18825865705405406, 0.23617098300161704, 0.29569131918573544, 0.2026538727517656, 0.19523915238178366, 0.14879761331520622, 0.15470505259339315, 0.1400766806438115, 0.2305307144438379, 0.261161995754002, 0.15955099683873628, 0.1242185234752806, 0.35838377554305667, 0.40292190039850717, 0.21958616090197597, 0.23214060724218027, 0.2166756027005253, 0.2704905835050208, 1.2019052291024719, 0.5013926960221782, 0.2605231362253012, 0.24885709958091692, 0.17404712052900467, 0.270614958544012, 0.22970026333843913, 0.16680853046764013, 0.3727118488874366, 0.2355491501098745, 0.2087921502519288, 0.19403327152316355, 0.2578596494978637, 0.502351686893529, 0.1316968292841243, 0.1042107892613966, 0.34695532809782703, 0.32705942575912517, 0.19351830566861702, 0.1419552289873519, 0.1442443188335938, 0.10507283709969056, 0.11813020189583974, 0.20359852038309484, 0.20665276096666815, 0.5175224191574446, 0.32156074884492813, 0.2398562923353743, 0.16015463468995558, 0.12403679593642106, 0.1133810089582093, 0.12106139786207311, 0.12650174058316097, 0.10797958526565987, 0.09680962359176021, 0.36210716489619493, 0.262828314281772, 0.260974544816861, 0.16346331991476534, 0.18301637060921322, 0.7319567419218423, 0.4311054026977942, 0.24935527229983748, 0.1938757114851525, 0.18493916016599782, 0.15330937747418014, 0.13440794548570814, 0.10818740593887571, 0.10783099487509518, 0.13572934859196537, 0.12112742156933716, 0.15502586937074267, 0.15258523707689037, 0.52292288170121, 1.1553589042091261, 0.4912324528843407, 0.21797839084061063, 0.15439165433525712, 0.15864209753201572, 0.6497625368993267, 0.17430893035137093, 0.14865449998040178, 0.18002551776124662, 0.09897529154778782, 0.07719878469158423, 0.25166459636016203, 18.186301030489105, 1.0351990874793442, 0.9847245903941606, 0.4307423850955804, 0.2004924625299623, 0.12515365667247152, 0.12135659066126164, 0.5783334240498059, 2.587609241635962, 0.9667907143851423, 0.5585701178302057, 0.37203237845986814, 0.23214298758023477, 0.3186907894824897, 0.27513480927004497, 0.36869517569047056, 0.14692925294046846, 0.13524453514711632, 0.16198322809380214, 0.13514720830173407, 0.12116942263614558, 0.198562735140507, 0.20995147430216637, 0.13893994129409956, 0.10958260597878411, 0.09488546132505679, 