{"best_epoch": 75, "best_val_loss": 50.799899875124844, "train_loss_list": [328.2274777536934, 258.5533010725893, 122.41357274817011, 90.60604367867548, 152.2449302147794, 88.48530644354422, 65.26249770086342, 12.270624500438025, 34.38822398022352, 30.32614778268305, 4.7066762899011785, 3.566974742889107, 222.2432952846123, 30.275099916769033, 4.6330140551362184, 9.238137359952738, 10.443599669560093, 13.938632268372453, 6.703800287641806, 8.421513030001586, 3.7536194129228035, 4.116435529304549, 2.539148107790753, 1.9113337903140803, 13.366676187953557, 14.41152331585228, 3.152330885711005, 2.5999385457452573, 1.7222907723869372, 0.9932583060899618, 2.688003926505103, 1.458193746199067, 1.1624675795346495, 0.8150494327125007, 1.1327816454429802, 4.806069440933146, 6.026371652639468, 7.459145158369788, 2.142989585134474, 1.221201067240972, 1.940907614553804, 1.1730295868458442, 7.1217042131163995, 1.5413761123564964, 2.4903358404164995, 2.263492781479057, 1.212748608999784, 17.31143977566686, 2.462836072767481, 1.4551089514569728, 1.041018259132615, 0.8201250856085895, 3.9988975598787206, 2.026224526679311, 2.1950244640958574, 1.0606276330109703, 3.598548722656236, 1.2131417537201452, 0.7569371715818253, 4.260006561292701, 2.379621126314158, 2.476654785879386, 1.3447022062247351, 1.3333214036942942, 2.9078055539982484, 1.2254499714672686, 1.0788098099303278, 1.5285775959691388, 29.894831352645593, 2.46178721710547, 0.9534699800382509, 2.3543092357873503, 3.306590663853282, 1.487220386187857, 1.0966153471830005, 0.7925448227665813, 0.6667367360818414, 0.7235228552766122, 0.4808892347456748, 1.3870794058313956, 0.9982328291675918, 0.9026742482016886, 0.7419684750338522, 0.5135673428606895, 0.43753060641101177, 1.00092211675244, 0.6920331693795512, 1.8067439544782669, 1.680794737270568, 1.0933400525273613, 1.8132400314494563, 0.8260820462431793, 0.504576309739772, 0.5017615964320998, 2.5418214799374264, 1.0861861921771854, 0.699091460212321, 0.43661417586549545, 0.33701314358257584, 0.36068891504904294, 1.5969482393837768, 0.6666347220356681, 0.5884187538919712, 0.32260752278122, 1.5883505729255447, 0.5448673325795845, 0.39588037104927687, 10.31363608879014, 1.3555315487697868, 0.5080803874611087, 0.5461805905620155, 0.44317745547008564, 0.7040144177959343, 0.731191889818299, 0.43779184971196805, 0.3149238822739437, 0.2872180300084977, 0.7695304361923198, 0.3230218068864676, 2.3136289369110514, 0.6055353524689786, 0.44055821006716234, 0.2853239302035373, 0.29710223757592075, 2.6734232510881513, 1.291600020345178, 0.8534934007654664, 1.005595585675246, 0.9015903562697579, 0.5711358722786167, 4.159094580687218, 4.8534885399812255, 1.2874109501663744, 0.7599153650838942, 0.9301981639631489, 0.5057600334480286, 0.5816026397135428, 0.5963138214203478, 0.3093832174684486, 0.4932907072680413, 0.5671249258370313, 0.36348606061421845, 0.33126042070742223, 0.29455476141893994, 0.24878542945800478, 0.2489871975298159, 0.23470416663359098, 0.27142402212026856, 0.3588284007531331, 0.37271469353858167, 0.25571691995352314, 20.796099539440334, 2.417783862386961, 0.8349613282009679, 1.1258567007174998, 0.3455798692232572, 0.39870091300871807, 0.74878673963889, 0.6407847277831097, 0.34764354562862904, 0.3622655133114855, 0.7615634799349497, 0.3205096841469554, 0.23575749201246413, 0.29581507709592225, 0.389597185150048, 0.20359628126322601, 0.6938708829186682, 43.93903324333232, 0.6022773014689727, 0.5050226485673601, 0.25473808147282934, 0.3247843551871239, 0.35026533667459975, 0.47867798454181343, 1.3481544164197967, 0.22942105610130836, 0.6105905454988841, 0.8965861176195825, 0.6207157081741487, 0.3357536998621079, 0.4437789757833677, 0.20983642934926963, 0.3817815635754535, 0.7713929344414543, 0.23197491714649593, 0.6048959495566693, 0.7139589119909812, 1.0283649129928867, 4.043695497325852, 0.4801209073486563, 0.31642559991707536, 0.3725694688795318, 0.2756908472030703, 0.5095554664693329, 0.436944406270999, 0.4488011740317037, 0.27989102131424276, 0.8293657260032087, 0.3848309424453012, 0.3246497050754375, 0.523389064760508, 0.7182144106475135, 2.4728867230945597, 47.2253586773174, 0.6135451011558591, 0.4832710482685323, 0.6710004192604883, 0.29363550079690376, 0.5128801236952232, 0.49520612871896624, 0.815789694021783, 0.5494490402526531, 0.3678649301977587, 2.038918843094271, 1.2507074506365186, 0.324327525219274, 0.17620056050755808, 0.19288069888734205, 0.18472011772568878, 0.7972741343843635, 0.9156094547872402, 0.8178961366332055, 0.5836431795708266, 0.18316014627331723, 0.22205871230743915, 0.2137834802571505, 0.36219598900280126, 4.797441733264734, 4.738294462959725, 0.5670835441304792, 0.48689991714955466, 0.21389615764269554, 0.1999160169410212, 0.39740981887887716, 0.780869126316968, 0.31652867924992206, 0.1612998089942993, 0.6715891288312869, 0.21457795897443982, 0.256242584279149, 0.20526335196826995, 0.18753102613976902, 0.511471336515658, 0.2804436555693166, 0.25861588714650563, 0.25406463131153983, 0.4531660125452105, 0.33621043266654077, 0.22011277399412385, 0.2360671179953856, 0.2402515309426824, 0.1626351046571136, 0.12329615800023279, 0.14879410467995677, 0.9419895858397325, 0.3187513118143604, 0.29321757721537844, 0.20932680256861758, 0.12061185833439117, 0.13084880305155028, 0.1687223507465902, 1.809232495047268, 0.39945280376348563, 0.24073328749212955, 0.16856520354984936, 0.14933467937773004, 0.10721780465066973, 0.12820419366650004, 0.6409152227376695, 0.7505958187315516, 31.85513741032799, 0.6121684858611265, 0.35027362950893304, 0.1828370421224322, 0.28687998973341583, 0.2622797948337745, 0.17622718048049635, 0.11499004297092562, 0.12173254180267312, 0.157099445317413, 0.14594581241355817, 0.24649652151032322, 0.17827706884823494, 0.16156757531433216, 0.11995824330581924, 0.14044179200741938, 0.3538666524783309, 0.191389226228367, 0.32396612740370406, 0.1622935264448717, 0.11277198345992072, 0.12496088359144646, 0.12333813169011656, 0.12298675261761435, 0.1671161249502743, 0.1804545577006678, 0.6018958816508438, 0.476239381317793, 0.3210073401433723, 0.18852334582762748, 0.11980852445415704, 0.10877976704627157, 0.0920111187121005, 0.11013580423261794, 0.1376121785964896, 0.11072115531911246, 0.1158208626985162, 0.12460061606452767, 0.11085856706555638, 0.11416242920039575, 0.10143340267025053, 0.10598660370068458, 0.11650435978421338, 0.1128788359415479, 0.11190071002624077, 0.232605522857265, 0.25919081294969926, 0.14946006451782945, 0.35722447791729994, 0.1848621594137003, 0.08295070770163751, 0.3695926327586059, 0.1634105909326688, 0.10607305252885729, 0.09311024228808573, 0.09613512057792457, 0.09099692503579676, 0.8888391511809722, 0.588802930890156, 0.8014876449320207, 4.374168899396924, 0.8267725819023019, 0.44348189452914816, 0.23861603104813162, 0.213193713798384, 0.24070080843019417, 0.35156514493262286, 0.12997699930201612, 0.15654068159398465, 2.2338959417612854, 0.4297959337886326, 0.5053642193439484, 0.38890604362445635, 0.5327542044878534, 0.22411863284459632, 0.32384387278306326, 0.14639620090489375, 1.295070879177194, 0.1658120980147387, 1.4154242344272974, 0.3238164107366104, 0.26757524292497425, 0.27884736505376745, 0.27673736050111997, 0.19152315244022566, 0.11352605130404103, 0.10169164963058243, 0.23951978118521727, 0.2426342037334685, 0.15276475487816593, 0.16123614476895745, 0.10482602127629088, 0.14123063949985717, 0.125575091968663, 0.6276587223417608, 6.966604914948599, 0.8660401279211111, 0.3961299692206619, 0.29940266007511857, 0.24996134812313694, 0.19411940738520125, 0.20445961307601274, 0.12553661598608112, 0.08287843706586936, 0.10420763660515905],