{"best_epoch": 96, "best_val_loss": 156.08233982457733, "train_loss_list": [329.1832908974397, 202.27039427309774, 177.84336810067956, 194.93200383022, 96.09564455371981, 70.24628614182173, 17.636740135301803, 7.154824103738109, 3.620377665664588, 4.206920720132825, 3.5017471374268063, 45.98727699677029, 79.22883572544437, 11.85292346449692, 5.754895449581502, 4.2900605385332256, 3.8300366403328687, 4.008947881353033, 2.3155853122711285, 1.8654962980865393, 2.5006099692758554, 6.671126726144793, 4.081522510932279, 2.91358855825636, 1.4763440201445788, 1.522296684337199, 1.1158329102728246, 36.78060263035858, 24.339272481033113, 58.56880142733983, 7.508404365250525, 1.8661205536960435, 2.2807908456891375, 2.1984970661228975, 4.309738402739389, 2.945475696892068, 1.7368069380398725, 1.745504276465405, 1.3399041435501218, 0.9684125873520204, 1.7992296622588644, 1.5780905176103976, 2.3329204146952613, 2.9426465915316062, 4.242732983727938, 13.72665704498118, 1.9152924961948465, 1.2930933953620234, 24.076960926604748, 3.7817181787827403, 1.750705859832898, 1.1921048316426743, 1.4761609766841897, 1.4255753745080666, 2.0294519377637386, 1.5912516952227065, 1.2234924443522102, 0.9352834074112928, 3.1622448533083007, 1.4256877610499703, 0.7686287191644676, 2.8188458123995868, 4.406356042164689, 2.6317340528014874, 1.9595492860522894, 1.5100331838191072, 1.1104541821194274, 0.9323401538095148, 0.7150629420737808, 0.4803692114109868, 1.1267627372861382, 0.7026289679454499, 0.4318212608501854, 1.5028941113078538, 1.118150751349813, 7.632042062373925, 4.322268407441494, 1.6496091718297017, 1.1582092292388917, 94.0660860556137, 1.7345955512857936, 0.8336356898445972, 0.4660915680394387, 0.36701892275804643, 0.3350625448852537, 0.2918658025512149, 0.8519265327011015, 0.6560020790017618, 1.1228451526962135, 0.9260837299821918, 0.7271669600980273, 0.6190773155693282, 0.5412403074733909, 0.34059018924543205, 0.6333778183315131, 0.9090213354208554, 0.5080964083554164, 0.5635614560487633, 0.39807890063904183, 0.5141325874541047, 0.7283739341056266, 1.3421669917449586, 2.5294962731949884, 6.677750181070167, 2.835107696076733, 1.2422340988339398, 1.5342427235642537, 1.0111416637079482, 0.5852106401500331, 0.7796419836026953, 3.562894810445739, 1.4611424419834045, 1.4277192495775577, 0.6043809745015981, 0.4422926021528367, 1.328115709054469, 0.432970546594596, 0.385951470965329, 0.24717144172845354, 0.3181095268414887, 0.3572300870886205, 1.8646824975402436, 1.2361467874427883, 1.0100743865613742, 0.5349007014392647, 0.4435997994184968, 37.87937534351737, 0.8528268487078164, 0.7422330305949372, 0.49530174672324473, 0.30646714005730363, 0.5499420359267616, 0.5543943450786212, 0.35551919368024965, 0.805050941775621, 0.40710398530460945, 0.3313898701327283, 0.24488940907427287, 0.7452346823330036, 0.9198469480988188, 0.3979249532081701, 0.26871856423504403, 0.2203648488007132, 0.43164900497256103, 1.0082546562491037, 0.3417421423414912, 1.2392916712709603, 0.9153597063006064, 0.48147885829827197, 0.719427015545559, 0.5776593454423815, 0.6079008037603487, 2.8761233364747154, 0.8225104471133137, 0.4681836323701147, 0.3069122257951096, 0.26022571321028715, 0.15929311096088, 1.9783551881871522, 1.2291463363709172, 0.8625971717855513, 0.4824222812190358, 0.4219808296307631, 0.29648178859818375, 0.8935794218552101, 2.1533313790231765, 1.1079419240525519, 0.654630900267485, 0.39177448162538137, 0.34163382194875813, 0.2653690914491638, 0.4711839434191186, 0.4495853006476664, 0.3095518222594445, 16.883319645527553, 1.0684035956171296, 0.6046264961159429, 0.6980974646534079, 0.4145078520578743, 0.25936523385352606, 0.5440645853077735, 1.0083024221157355, 0.3684417363725988, 0.25599593419151434, 0.5436245563137666, 0.3002402757248294, 0.20954633517389254, 0.1665407047022707, 0.22402091956884668, 0.3573885026758346, 0.4771092785215096, 0.348169403380487, 0.22405649875404535, 0.5041248085795506, 0.5458777322008935, 0.7325003526661451, 0.3648063171232448, 1.2306269538271613, 1.1974569772625996, 0.9303864154053025, 0.3743528772960943, 0.4808417345270147, 4.09985747699843, 1.11898066460932, 0.8057733279772344, 0.3494982570716263, 0.3266011982825015, 1.3288434698081506, 1.6403729018841975, 0.8278645846658739, 0.40368246099657157, 0.6685334411518871, 0.4176405517714235, 0.7515580402390932, 0.34509798222475757, 0.54786183270987, 0.29474476338225714, 0.6999317309175688, 2.0496711348362764, 1.1605554480101548, 1.1412149550094615, 0.4090690114179463, 0.33438934165923323, 0.4142959493591667, 0.2082150444841189, 0.21900887696433652, 0.1944188790883282, 0.4302647749532363, 0.44332948037048625, 0.329215273266753, 6.098727728202345, 1.6973451505655446, 0.3331864684925419, 0.17856921876388165, 0.9528199092006943, 0.6584469165274294, 0.43665298752197873, 0.21502317702877327, 0.24903384390500885, 0.27325049803194057, 0.5552727587585329, 0.5390648456528356, 0.1730916098778393, 0.1979183509527015, 0.21564270793094154, 0.4647949791062516, 0.1879771755752848, 0.30220375443364234, 0.20622303996963884, 0.21602952357986072, 0.6592657087433718, 0.9374800507076667, 0.39437687225074275, 0.36192903364458257, 0.27167331722125115, 0.16330922641227108, 0.12905507598017585, 0.1364170483917044, 0.22151105977955213, 0.22845464357609585, 0.32627441685681474, 1.6001175209402223, 0.7964107665296468, 0.4108764864836966, 0.47534607154279807, 0.25345087818756246, 0.18443292374431514, 0.17337717158067598, 0.17375919755712052, 1.9952925370933543, 4.552659074882142, 2.0421586628475628, 0.42881727167301575, 0.35835873790111683, 0.23411828463986745, 0.1800385295660709, 0.17422920265081385, 0.12444201471282593, 0.1292149608648905, 0.10782002988484896, 0.11748857041784136, 0.15628622439538584, 0.17092851010361734, 2.3707954541588396, 0.34596045811799286, 0.3440736568605737, 0.16112291017345778, 0.13705087157322218, 0.17837665911879227, 0.13862525267550072, 0.1309718862795737, 0.11504999396559004, 0.14592832981296297, 0.2064281981259582, 2.1830968062991154, 0.5051725791208893, 0.19256677673340464, 0.13365466988431482, 0.1269223528606491, 0.10694118061593952, 0.08700996447101939, 0.09044724888508594, 0.10083941881587812, 0.15348889000638966, 0.3038512726218479, 0.36591503174170614, 0.1888959532550507, 3.6331477123911045, 0.37773267885203554, 0.20376766700515356, 0.26018656029370163, 0.2808037130330707, 0.2613992559103874, 0.42232202628975735, 0.14328470899206078, 0.1319610959548802, 0.21436348710110176, 0.14514289796087193, 0.121188604234752, 0.10762756355905442, 0.09363879640188315, 20.00646915137748, 0.2728858715603598, 0.2108097983665059, 0.10574178951554312, 0.10098054014718844, 0.1047414287647298, 0.1398962138341369, 0.10606317744110606, 0.11771307858915289, 1.2595658458432752, 0.44825160609108833, 0.2836554259280333, 0.23394540667535996, 0.1391953837863126, 0.14267099920855894, 0.08104690300197746, 0.15235376588493174, 0.8670168735993274, 21.189537627651504, 0.14631212759425524, 0.16119488702148715, 0.18228595131150557, 0.09595242758873934, 0.17579317899539135, 0.09271019325880192, 0.1880361396701607, 0.15711412842499542, 0.26898128681210043, 0.25761756319050305, 0.1488489087196572, 0.12052185860663012, 2.1655972178089504, 0.4750288841240549, 0.28297096565015734, 0.1927688731235902, 0.3253119496525368, 0.28716671051730974, 0.2931077826574341, 0.1447150397338696, 0.12002132473757386, 0.09591576771240333, 0.0819102612503671, 0.11527588022328401, 0.1025368625746926, 0.09783108548219135, 0.10410980482060682, 0.20264778841420708, 0.4912652185216521, 0.3110603606782986, 0.2671332551248322, 0.3558539801994342, 0.32433665093086483, 0.8212487501670113, 0.3507702339754119, 0.1731863250886307, 0.144250265154758, 0.22605079191115415, 0.2816940364966776, 0.13308434009685963, 0.2427689426764255, 0.580783886909006, 0.20877625914518236, 0.34579125549734396, 0.15044588934266007, 0.13698910477013942, 0.0967264990787328, 0.08956238164477466, 0.10699883653427972, 0.7554006496556408, 0.2143449574974587, 0.11035977897053513, 0.1329731351920195, 