{"best_epoch": 78, "best_val_loss": 157.41654855978481, "train_loss_list": [331.4071802200966, 261.06788451072794, 239.22937091294438, 176.7467828594146, 92.0229074892636, 43.20913984351634, 38.67456328775463, 22.31887155045828, 4.240230233621864, 96.84670982755213, 61.084767654813355, 26.40212701065664, 7.950779686208527, 3.7028162878519666, 4.069878258098167, 197.5001369208993, 25.991486409916938, 6.678806030216088, 8.744759806584566, 3.3730751548605347, 4.067080003682508, 10.79433030088903, 2.7426752332751407, 2.1975614565042827, 10.683819870260773, 2.244697371464411, 1.5471206527040793, 2.5639398916276415, 1.8149713966856817, 10.319253518895719, 2.7576138478374856, 25.384724187192084, 4.427860708153096, 2.3845432037868375, 2.359526244269567, 2.8152457477196218, 4.654488884163555, 1.7989655223989427, 5.925681023366524, 3.6434061084413947, 2.266284499020328, 4.784624760416207, 1.851721054680178, 2.294678009234935, 1.9523091159898476, 0.9404232764433811, 2.515444902053712, 1.2498185314277472, 5.589581993704179, 35.820970348726746, 6.864421818374286, 1.546023551960764, 2.6044876121089877, 8.866637240373432, 2.4802831950979827, 1.0944712824691387, 0.8085136528671028, 0.8234885674889846, 0.6075836287586927, 0.6332596975529761, 0.7360649534093392, 2.48211213675612, 1.519562154678863, 1.037597888198061, 0.6903403696035695, 0.5741516589946407, 2.2268652665097033, 4.440861948848499, 1.72906881191174, 3.3644687937063606, 1.395635311709554, 0.7612656603604145, 1.3734472532023256, 2.45584126899024, 1.8592680121267828, 1.950609007787513, 4.433637008832901, 1.9612402476480961, 0.8696321121497398, 1.147231283139062, 6.1818343639179805, 0.9567524795617757, 0.5485589347832791, 0.5056947275380946, 0.5109248472052789, 1.388457382114169, 1.0556480422313679, 0.5841120732077763, 0.5352430368527099, 0.5747696011058314, 0.835684838608024, 1.2470934842782413, 16.10132402306019, 3.5952151329786517, 1.343662882566855, 0.6572253705986256, 0.6412712217893439, 0.6328198836352398, 0.41490462941407313, 0.47914680319362857, 0.5547299119530684, 1.057079140014388, 6.524462153749205, 2.892538115619813, 2.0312211352808602, 2.3696684556127163, 2.131721516297959, 1.6908984125696285, 1.5453449428436878, 1.0367497429322896, 2.36725199420157, 1.7000592114456314, 1.157905524825666, 0.7359897121228638, 0.5836648856640411, 0.82451352818044, 1.0380339552324729, 1.5742857779970538, 0.6943024923121937, 0.5430533771478052, 0.6170756690317422, 1.6079338839953694, 2.0512999172372175, 0.9291100618760318, 4.793302834662413, 0.9032560053302607, 0.9236420370055312, 0.5892490890294959, 0.9813936632055724, 1.0020868869297768, 0.6289306599599829, 1.0570095052058952, 0.930482334888419, 1.0151575065149434, 1.4062875736322564, 0.6353958746437111, 0.4467988009032002, 0.34097552396028213, 0.2618102770662421, 0.2678379254096445, 0.2961596988920275, 1.011874633811912, 4.734626358521533, 2.153668167175274, 1.9385693078630486, 1.6835020688083866, 0.82802387850296, 0.4486649051318861, 0.9720445482407913, 0.41243146385500856, 0.40544140838138887, 0.47898786136020327, 0.7604960783966, 0.749000526745359, 0.570318335653538, 0.33312889563356746, 3.1215502807824853, 2.2521346576816272, 0.7900051528231623, 0.4614762431151159, 0.3812483549397638, 2.144041294662012, 0.31241426968777136, 0.44996037331430494, 0.5506477417298351, 0.9413132634267725, 1.2059025891227493, 0.5936442454973573, 0.932373236139372, 0.6189610491575802, 0.413333693455549, 0.4584611797458847, 0.38338497925735765, 0.4691806876004276, 0.365025507626593, 3.0249221342509607, 0.9796570574465052, 0.5752388522376712, 0.7161444005313085, 0.5002097273712772, 0.34025398390874345, 0.4425331329834976, 0.35498788907368534, 0.31942446374432043, 1.6038591775443827, 1.2956237908300827, 0.8480679271703111, 0.40937016876136906, 11.14651392865174, 0.47432860911334235, 0.32584622227095716, 1.0206399207194263, 0.7443903499849192, 0.6270495168557475, 0.3688934112800219, 0.2456766529764753, 0.48309353762769897, 0.3002945862127417, 0.31926503316815164, 0.21065812690823219, 0.43050159473549154, 0.5091455242503842, 0.42720489265367073, 0.4695679541147217, 0.6446846407291761, 1.9222985076826669, 1.4664458309059953, 0.7806169056253189, 0.6666302983935016, 0.2519355703605575, 0.40001660670270955, 3.3644249720126314, 1.4858297712583015, 0.9334652861485728, 0.4121775569151195, 0.2874075289978572, 0.23707248473328357, 0.17562081776998825, 0.19349921872093176, 0.29367989407344436, 0.645919679233714, 1.2240443533157073, 0.8775899513425425, 0.5437517746219912, 0.4815083479767327, 0.4648672368850638, 0.3599151160349967, 0.3265260413647847, 0.3317116626725775, 0.2165195675331002, 0.21651358825300368, 0.26098856301685563, 5.293099588836143, 1.3801199436349705, 1.2769134217838172, 1.8271958468507281, 0.8509673501721485, 1.058873730584135, 0.8797795412502217, 0.30562251311670324, 0.37371441312251713, 0.25187082244656306, 0.23217307894267986, 0.2666349216575063, 0.24772851797705198, 0.3110044984576007, 0.2506692806635949, 0.22332608244588037, 0.3077810887844401, 0.24949133670951826, 0.24616270150231961, 0.28724624215836725, 0.23357802365408245, 0.42778270072086344, 0.29531444596780393, 0.2170200053915771, 0.21704913304150134, 1.153955922140833, 0.41331902586717756, 0.23283718314651106, 0.1961271298159894, 0.1819764759926112, 1.73030554859721, 0.6872830618459678, 0.3994996230802285, 0.24899277477557852, 0.15360334792492544, 0.5991739185989171, 0.27861821720262764, 0.2036209092141607, 0.15232586086472236, 0.16768404387212668, 0.2202425153277603, 0.41587938251507817, 1.41971768003181, 0.4772126184382984, 0.4893195451983513, 0.34973444060467845, 1.7876730256129636, 0.6997495568995497, 0.33508153262061413, 0.1680070562655466, 0.16331472706868388, 13.051869331295295, 0.5750391983197426, 0.36247344001866993, 0.3158386920999971, 0.1771139300687942, 0.20455622126440284, 0.3064032889373709, 0.24148567222978634, 0.2517782348721195, 0.30014483885642385, 0.19182078870354138, 0.22965124701236425, 0.639120081924512, 0.3315833798846175, 0.747761459531429, 0.18629156348543566, 0.20457557561697182, 0.6001892516310497, 0.42667464245662745, 0.2898548016774341, 0.2316733418184022, 0.5325302461211082, 0.39241655981070594, 0.35439693319413207, 0.20988813706741025, 0.3775653671790367, 0.2542720788955494, 5.638969101684403, 0.8935355152701036, 0.3394203183531676, 0.4551267744853773, 0.3520547529078431, 0.18573322251994498, 0.14530105953067193, 0.12553462670223978, 0.13839186889021984, 0.17560027100908832, 0.17545142843572997, 0.20048621334715183, 2.8024765444578685, 0.5755095272248166, 0.3135130688062016, 0.1932607467923619, 0.1651195284819101, 0.17573258545407683, 0.14301702765522295, 0.1817565246751604, 1.314782648735437, 0.7414573973878426, 0.5602019784339951, 0.2562164730159874, 0.2580347544831976, 0.141758484503378, 0.29385092641673716, 0.21413788459770747, 0.2999439930946596, 0.1722599511497654, 0.1321429927509362, 0.11696529975760496, 0.12257970207247974, 0.11527061730840708, 0.14005248486131147, 0.1869091385680162, 0.6744248120138644, 1.1176020213646696, 0.5570348462434844, 0.28298549570929726, 0.22867371520421717, 0.23146138301583874, 0.23132755180350473, 0.2538923644877006, 0.16058184997430838, 0.1734156900014947, 0.1685498423530756, 0.16758992716338159, 0.490082444688579, 0.3518071060475702, 0.2412141180890196, 0.5253696713016553, 0.28031012851520987, 0.34174349054979836, 0.30440865024972774, 0.15426322255095304, 0.0970843523444882, 0.20426911480439155, 2.4570281105060507, 0.44229736132184505, 0.3106295138230756, 0.17577068105205132, 0.2189786727920661, 0.14124526485814382, 0.2142499932677363, 0.15453383877243004, 0.21895167522225595, 0.12320496771447864, 0.15142246758625735],