{"best_epoch": 36, "best_val_loss": 43.773478388764495, "train_loss_list": [339.6760560989598, 227.10981844750424, 285.42126141655524, 140.2201030515479, 40.66113655641607, 14.446266161293803, 14.644889786333637, 10.515535874669103, 17.72918736076932, 8.373912886691516, 5.1517798907543755, 48.1519520849732, 46.35465695616481, 15.787689380138184, 2.692388744689058, 1.685868844966875, 1.4684929180932376, 0.9372966568626833, 1.6451731019802933, 4.523377574555145, 2.4182385520402825, 1.6128056577343082, 1.956780274624366, 1.428500809480059, 21.434969465109493, 9.53987790390559, 3.290123855398257, 2.8416232124782494, 2.4407095112272126, 1.3700657341779672, 1.535503526962441, 3.1034963153603483, 2.5661806073438704, 1.710043957678274, 1.9450859310512523, 2.696693389052479, 1.7665372598156308, 2.093255456123942, 5.458486262929737, 22.83431076780693, 3.154002241345442, 2.2803822466732133, 1.3632406777069677, 0.8570910112027427, 0.47155950845763894, 0.48672867721268886, 0.6457017808379168, 6.633507920386565, 5.674274968291829, 2.113176823430067, 1.002127382208257, 1.6552614569881086, 0.8205534120103471, 2.838829576538501, 1.7162750743002573, 2.2830820161603382, 4.963222418076245, 5.104493852954884, 4.955324895111705, 2.2448114901041936, 1.6403834616697754, 1.2961425092685042, 0.9598482863893635, 0.6323758657779032, 0.7632744566332005, 0.64716159135007, 0.5033658177800894, 2.263125073231418, 4.218243237202791, 2.2659667568545925, 0.9304768105475753, 0.5293961469001812, 0.48189867384478696, 0.40769083909625975, 0.35603804207336565, 0.4168745709220409, 1.4276734064266179, 1.3711620164923177, 1.7716891254053364, 0.6795589051547425, 4.190144874126274, 7.287411832723675, 2.221423655097493, 0.8532397576541748, 0.8280537510178032, 0.47666156681486177, 0.284668304864876, 1.4423458387405983, 1.5212685706744593, 1.029013413529463, 14.237450339484058, 1.8464360251479843, 0.6715230466360559, 0.8408229903559603, 0.5469499870178904, 0.948465149640449, 0.5334648719180379, 0.46754654459337047, 0.9968643688303456, 1.3608676300272247, 1.2276297683610211, 0.5946669025344553, 2.5046246847443356, 1.035435843616565, 0.6461130474354903, 1.44903204908969, 0.6239490839774424, 0.4104661365872656, 0.24686341449799432, 0.4163634661595322, 0.4227444280441962, 0.3465138342312587, 0.3143661364522765, 0.2387638560934323, 2.136929613552123, 0.8528571423644754, 1.6140935087474406, 0.8571972348955073, 0.664592988951838, 0.5659000054295042, 2.427762825102285, 0.6541139766397738, 0.6300062988535348, 0.41213436629132555, 0.36828953634284917, 0.24606465814896758, 0.9651227669574629, 0.5116246642602262, 0.3318071421763925, 2.211368925994828, 0.9503199260551163, 0.5869117290656348, 0.5040139778696859, 1.3098942056745306, 1.7965969435966878, 0.7023001088626772, 0.4334918937451594, 0.35123459989308997, 0.6192705471307489, 5.097906957777837, 1.222920323446371, 0.7329806178552105, 0.38778822548020864, 0.26606315181930734, 0.8492652601197697, 0.4046116795584061, 0.30645560815056727, 0.22788139370483274, 0.22783348603780448, 3.372979647320434, 0.4172765539311419, 0.29421941325118484, 0.31998719385850954, 0.4047841386693192, 0.942544615187329, 0.5367335906016806, 0.5497784304464869, 0.2560718108932757, 0.34116564953742706, 6.605891990956598, 1.0869301624017795, 0.6048795863696949, 0.32771202554987083, 0.20452897473514312, 0.2889507106661139, 0.3349642854710143, 0.2364494333014712, 0.5028445902513222, 0.4870538522718482, 0.30456556951196945, 0.33266509288275437, 0.733650209448552, 0.5580016102789574, 0.4121905421411004, 0.3668819708296351, 0.30296726461286255, 0.25217426201021953, 0.16102217565890453, 0.14892348732007862, 0.37391470063431914, 0.321071356008727, 0.23559848070890052, 0.46047070598795964, 0.7561524621997592, 0.7288297919715807, 0.4397124729964563, 0.2866420821142299, 0.20465185686716328, 0.2525505997964916, 4.339863120975062, 0.292278162162377, 1.4872900411346448, 0.7932511858187853, 0.5292871933240626, 0.5213273977243462, 0.6867835872986471, 22.64121792449271, 0.8373224615985557, 0.7253923168331445, 0.415531434339848, 0.5336318817257133, 0.5054496135069388, 0.32876682958827913, 0.3491453770274382, 0.2251568838282639, 0.2678655314934826, 0.18470987500171082, 0.1763517089469589, 1.1305479516184964, 0.5044598577904953, 0.3359650828340562, 0.21198893671880525, 0.1607434745968528, 0.21769450726812511, 0.12514400719155902, 1.1194752996973636, 0.3693522872433762, 0.31833447252962727, 0.2130495267280403, 0.25845793194464184, 0.2870022376627412, 0.17684954765289612, 0.22581658856680892, 0.18114352810366022, 0.20288009601547144, 0.18649988529009737, 0.4922023838663452, 0.2593566776230078, 0.17225547929568225, 0.18687024020608736, 0.20722239633578288, 1.014832623484901, 0.47138442588076157, 0.35729800895258795, 0.2815103810291548, 0.2236997075499371, 0.26165413598585024, 0.19362695790334003, 0.1590535937881668, 0.16050685911663737, 0.1376186424199343, 0.18912963119367582, 17.771416677916392, 1.1779290418433919, 0.8214435602190971, 0.4479287271544627, 0.25123011933803124, 0.47269047322936586, 0.16908323438337086, 0.1750242026214367, 0.4371064711910328, 0.25021592726815234, 0.17621012172015488, 0.1511661678901175, 0.15401297685876147, 0.23252665987284699, 0.25625352146297004, 0.22184069819591556, 0.29738962944117, 0.11263994736685784, 0.2219794051465396, 0.20179675379714027, 0.16409448708406538, 0.1660368182186746, 0.5708841447125437, 0.6514409645849347, 0.4886237650716443, 0.21722399954320662, 0.28765820905920064, 0.10326970989818637, 0.09022711159040657, 0.08930547303105012, 0.09823213860162984, 0.41328668288873666, 0.20380494840087768, 0.20133460742041362, 0.160063087947528, 0.19140600381366213, 4.809402450923925, 1.7757810648128376, 0.5339252840810158, 0.2470046783949459, 0.3945741487695189, 0.2600026141213768, 0.2533796414488382, 0.272516866933623, 0.13111287710221547, 0.11474328717880036, 0.21117656309728547, 0.27833859674836375, 0.2553798018668374, 0.1524330415197992, 0.19481589391986323, 0.1206353306919215, 0.1099305296843921, 0.11400151368941694, 0.9115849840932589, 0.4101276291880768, 0.2674518053441767, 0.24490536883569816, 0.1964075293460516, 0.12576844393680392, 0.1435799009933557, 0.19799132106483225, 0.12970372194064927, 0.09587558721317488, 0.09455936005708221, 0.12123043773822553, 0.5111018538170058, 0.31922737880139485, 0.13439600578709401, 0.09506549409211901, 0.08969261631161977, 0.20175408142673107, 0.16262968200347278, 0.11174392163049596, 0.1335693582292689, 0.1445126073339288, 2.505455395971757, 2.2396623357995202, 0.7396253488228773, 0.23651257458902636, 0.1628137865612869, 0.1512991690854584, 0.10075909822139664, 0.11142811830683393, 0.4070787482851294, 0.2325609814596512, 0.23000495525736764, 0.11943447049951536, 0.1270704366113575, 0.13194984105122692, 0.18301025539034987, 0.1255891651730444, 0.12098923100206498, 0.7694413551949908, 0.5251458301777671],