{"best_epoch": 55, "best_val_loss": 119.34537312854388, "train_loss_list": [352.9932295597148, 298.7495098476641, 248.09278248941686, 222.7153589851575, 73.92628228520012, 41.65083497479423, 18.915256950808175, 8.736041552223933, 10.492206498649029, 5.401633946688909, 10.829459457834282, 7.666615881713249, 3.9501822926211663, 296.0956144336244, 17.844265043411703, 5.6419534537854386, 6.227022971518609, 7.016948329557937, 2.877346852234844, 1.9217744238312613, 1.9594390382732245, 2.0210037376309296, 2.4205388073272123, 1.563927122581298, 44.3823631236664, 21.073565336373303, 2.8660720636766515, 1.5543984954070702, 3.804502244330832, 2.256863477758623, 2.0135939524590882, 1.7399927963835826, 3.086386509285287, 2.3982134640070742, 3.8464727456718673, 2.8935549797700157, 1.6763759732145018, 1.4252115322897276, 1.617937785472189, 5.480465383535943, 3.0272585784475647, 8.5688738465202, 2.6839845017718122, 2.3300784323354646, 3.9575060896715017, 3.064931988362357, 6.312547409439636, 1.591093076110236, 0.6462505073852024, 1.484911634589517, 1.6769762934032397, 2.746276962896921, 1.9489208185039901, 23.026723390830174, 6.510333485011214, 2.555680959562112, 3.820343077985549, 1.760980507991964, 0.810935415882789, 0.7610696950678928, 0.5314628892049199, 1.5792293469816137, 30.462844603719713, 2.329199231481846, 1.5047649517637947, 0.9453833090096787, 0.7314802981300568, 0.945538294785701, 5.114413325704647, 1.176777914601823, 1.3080317752887163, 0.6138685373158647, 0.5205328596757908, 0.6609777686826123, 0.7692793555948244, 0.9431973988762279, 2.1751721392807357, 5.065947731462973, 1.6578434283421537, 8.730341263008647, 1.924801573760058, 0.838931383378334, 0.6238789037772419, 19.147254944620432, 1.9519661617079385, 0.6418068328375198, 1.0373963942744544, 2.9266778107949083, 1.5487627533765636, 0.6035331166165042, 0.4368126023749732, 0.43014369060625635, 4.617150668334409, 2.5235334277233026, 2.379076779556309, 1.4982167300966145, 0.9774277208410305, 0.7159400642310214, 0.6390154115091633, 0.4942313527724526, 0.9929460958826861, 5.771211570299735, 1.1665740980839565, 0.6383750975534401, 0.6169860627870367, 0.7054510832519965, 0.6614507696997557, 0.5635002010044993, 9.174553805225724, 2.0651293600254497, 1.6696625483208554, 2.153804674036463, 0.5178851669500665, 0.49655618432690884, 0.6297544720491551, 3.1074955494373446, 0.9050646909256365, 1.219476572921086, 0.8736471235370984, 0.906586629278212, 0.7567646269680951, 0.4419453694323246, 0.41921057537903783, 5.0182038795175545, 0.9110541702010428, 0.5948196482380826, 1.211476323627257, 0.82375909368835, 0.42755218166993586, 0.4874461235141573, 0.8283516134570001, 0.47566095677668935, 0.3389846058652185, 0.2787613470669679, 0.40291751406458565, 0.8654155029974335, 16.611541333957742, 1.7963210415492579, 0.9536790436005919, 0.38853471145829116, 0.4379018406607479, 0.575704680996985, 0.3745348690330657, 0.9826281244495999, 1.703472750916265, 0.4765676677870153, 0.3766419093333655, 0.3005553734833651, 0.24610960382686475, 0.2912158173702647, 0.28031080979957673, 0.2561291072492478, 0.2852710123990197, 2.1370524768310135, 0.9017784236722513, 0.6116156201757819, 0.36617111768303023, 0.2953702603711431, 1.346124974910964, 1.2672885788614998, 0.8491200627627639, 0.9798801329629562, 0.368218566140139, 0.2991323212586501, 0.3488565166215835, 0.2095124502943801, 0.24762439347593862, 0.21064618798259588, 0.20179166162643927, 0.28537537465524, 0.31612384121137493, 0.4362207123030709, 0.640291146712482, 0.4977244432433371, 0.2928032249980418, 0.22158563929256375, 1.7536540623129997, 0.5317266891522059, 0.43893865203805477, 0.2840840849721276, 0.2111634121220975, 0.3006865096726325, 0.23738104362597362, 0.2969150123056578, 0.22459116905328472, 0.500292944482938, 0.24404120044361857, 0.35407555835202664, 1.3006199460737435, 0.3630736911238168, 0.42801020958276026, 1.4115135399165541, 0.6421529963806981, 0.8398485539239111, 21.421303852167558, 0.688867582390349, 0.7554699426720484, 0.30436391803446095, 0.26072777252805995, 0.2062280534240811, 0.20052062003722773, 0.29872587244880855, 0.5723488411435719, 0.6786318190558889, 0.607472872828547, 0.8391289275538649, 0.7282417150299858, 0.3609865501622882, 0.8538786467778944, 0.5143043954762323, 0.45063837140734014, 0.34702816219771637, 0.23397701806815188, 0.4083867939783489, 0.2276076053010871, 0.32762915800306897, 13.880706373326918, 0.7696919852856887, 0.4669802302488356, 0.22796942647052512, 1.1312277625500793, 0.25634443723920053, 0.6800387439185442, 0.26138972462619886, 0.7683464671902882, 2.6393737972736395, 0.36430492332336334, 0.21464499668154738, 0.24605435571103157, 0.5321515452684848, 0.3664584818008172, 0.22917233857447858, 0.2614058905773212, 1.0252530729159532, 0.5420699744889436, 0.36575324400290027, 0.5701692380501008, 0.7408386270200381, 0.5051278001941935, 0.28992093097801486, 0.15774936269807663, 0.12729032794283737, 0.14550496422445985, 0.404079749887319, 0.4346695887119212, 0.29311936257215143, 0.23098605602316827, 2.241098575939575, 0.37509342843327, 0.2364402125459491, 0.18188533645227958, 2.1055971812437906, 1.3968559849961228, 0.7111227481094791, 1.0900973831188436, 0.2795755693692626, 0.36160816766715054, 0.4006326285428835, 0.15744219634956075, 0.15247004979870804, 0.5257650141229223, 0.37989883483112674, 0.1899051771570478, 0.22179836523079827, 0.13028346443679803, 0.3137379453154143, 2.345321915129446, 10.836694909617576, 1.733816266266272, 0.5661304314530513, 0.5547176405620169, 9.699991824387245, 0.36159373200638506, 0.6443267784882701, 0.5166495622543378, 0.3760333685608618, 0.36762763468371884, 0.18982613562973266, 0.21915450042982512, 0.20221066676673957, 0.6464859427135541, 0.22814069040637458, 1.2830852328368954, 1.3406860227525927, 0.5149791236518747, 0.23160123412469646, 1.186290469970908, 0.5784525417849714, 0.23736425954609852, 0.2195535145224296, 0.16621205060540603, 0.13897035729275065, 0.14618560363082922, 0.15081313075208685, 0.1585596823851256, 0.2132457500601046, 1.9891443233013393, 0.5704952118440118, 0.3054536264899683, 0.7997688088161152, 8.27999914082347, 0.40095731601964935, 0.4357551890901028, 0.2714207879439744, 0.47078689357966474, 0.23540834587126314, 0.4600952384741955, 0.3079009735904507, 0.17776557266470028, 0.16912466158039247, 0.519310582432353, 0.3926877229803439, 0.2079002097743352, 0.276123928479656, 1.0867791529746378, 0.44518801837102423, 0.3051907383205531, 0.28235226267547847, 0.2955548862107933, 0.3132563715731162, 0.8689631890935621, 0.3296313002116541, 0.2661400794525943, 0.43635497541839563, 9.555463172242673, 0.5076586238879872, 0.5750676884659864, 0.4735059449919332, 0.32091013587325096, 0.20337903045462757, 0.15024494992917098, 0.3315489346054877, 0.2507867931589828, 1.0531629982735486, 0.1579451446152803, 0.12395879825942274, 0.3487704518810566, 0.287512625476502, 0.18451198330942742, 0.33471341010399647, 0.150221738271027, 0.23298769073259043, 0.17511985352437048, 0.16788680073956883, 0.33879333670092976, 12.06002574894008, 1.2049572043027588, 1.1913109651992473, 0.3873885474150527, 0.5486922765489584, 0.26940682134241556, 0.21905268526026536, 0.1738674859801027, 0.26504792053198967, 0.21128529202603238, 0.5782690348042799],