{"best_epoch": 24, "best_val_loss": 117.29076375550987, "train_loss_list": [1175.9224686626073, 620.420245844092, 567.9853082198466, 521.8870936789824, 279.27662801708016, 202.06077686427523, 160.0093314314379, 139.88093844085918, 83.7788775390289, 68.52723371231365, 57.056457100096914, 51.744741984420834, 47.84951340963957, 44.561217743366434, 38.54273636707548, 38.113204174657916, 33.754957793986094, 31.66949708693514, 31.465588394876807, 27.944357658561962, 27.021154947735408, 26.226538065048675, 27.6820682297405, 24.147212513560717, 22.59444638036324, 20.762392286388803, 21.08759604117913, 19.70279257977577, 18.137618741142255, 20.549159035481665, 18.064240117980038, 18.66660316754092, 17.562900740496236, 15.33586243645067, 15.278873899234096, 14.905154118516489, 15.31433351575577, 16.61187214390637, 17.70582970049042, 15.568484708086125, 14.773088185248056, 14.965155734543384, 14.662838949805565, 15.575055356822151, 14.671700912783944, 15.554494791059897, 13.765429334918192, 14.9530818540774, 14.937084944027498, 14.21827459881034, 12.52003720302988, 13.109285495530932, 13.744061673255688, 11.902590441078651, 10.483946677137075, 11.052862587621657, 11.031184876878658, 11.473153701057196, 9.6309038727556, 10.674394590274746, 11.564084793128398, 10.664684784441741, 9.98884318473459, 11.540062742096504, 11.276574112860237, 10.785589354635407, 11.420403127547331, 12.274782679106176, 11.118608288293158, 13.012764733027293, 12.418951236388311, 11.707919235594218, 10.646570426043473, 9.381289244492503, 9.563164235750143, 10.013437739458876, 9.931600331120364, 61.057367424576, 73.1443914457385, 35.19109263220473, 15.311675568931124, 11.295973626285571, 9.965009943879068, 8.507585901014187, 9.038698215200023, 9.297853839962134, 7.5782387794385215, 7.508657804558489, 7.584672882127603, 7.33829580492409, 7.992220553663802, 23.833861870056268, 15.65760272747362, 10.504788234478042, 9.166789642921414, 8.623315898055843, 8.159519929290422, 7.750950643571756, 6.745245736387524, 7.363007347773387, 6.526936368391028, 7.610997431143184, 7.565415380658334, 7.611190147681736, 7.569384915853227, 6.549250180662913, 6.5970780020189785, 7.867233357601505, 8.327328280126048, 8.218559647684044, 8.479365956829922, 7.519459914801933, 6.555123331442132, 7.640519220276741, 6.56968937876189, 7.249569785814259, 6.890474447871781, 7.262239029834741, 7.188092138082346, 7.393032891291321, 8.470260413301245, 7.4384654365759495, 7.492966496217394, 7.491618797603974, 7.019282477913638, 7.154935586595818, 7.073869841419647, 6.972105924692531, 7.14614542038669, 7.575563829842813, 6.677272881249941, 6.636992848128421, 6.918431725792828, 6.335306253257772, 7.17038022140377, 7.781305015596569, 7.073905418942532, 6.617496969111671, 6.901191828027422, 7.078941386522771, 7.56894737275704, 7.058084843107951, 7.2192938049064415, 7.351039755504995, 7.711342354917741, 7.607117105528494, 6.326653427927801, 6.833653655999228, 7.162450469059994, 6.457447414378852, 6.2994440317188465, 6.756547556223255, 7.492640263893009, 7.545279594740798, 6.608084270406008, 6.0745015811630045, 6.082651582055035, 5.915075580917993, 5.807568252112543, 6.2522433218913855, 6.453151659569705, 6.033622726847707, 5.72938131287912, 5.7915017640747815, 6.180624477141114, 6.583800419333982, 6.362077711562082, 12.036767431640735, 8.19091688452053, 6.883142169033395, 6.559807426356482, 6.617752073330239, 6.555666171414739, 7.030837860450043, 6.483798271225067, 6.274107779003167, 6.107472280065478, 5.528083710295384, 6.052534714585091, 6.077536392847421, 5.574815142798835, 5.679061712811826, 5.453867283762667, 5.090054264798055, 6.097192110539381, 5.362308711638127, 6.509270697594656, 5.621591485480925, 5.895476586608356, 5.624097121447458, 5.353122310259887, 5.347372508681064, 5.34245988297908, 5.276258415024332, 4.775189729975424, 4.98195538071123, 5.162434063526956, 5.0612734481422486, 5.232218999543536, 5.534267190917754, 6.253680143462701, 5.699336880206302, 5.184812150657065, 4.829158433844832, 5.066720574727253, 4.654653336990403, 4.908212980463524, 5.15780389037803, 6.312877574209439, 5.051626412640201, 5.803360902691481, 5.374587991972272, 5.219899986716918, 4.864123793282441, 4.6723157346516295, 5.068558277366093, 6.204412369076694, 6.399517424120758, 21.282270245563804, 17.52746036821874, 8.977785107572407, 6.374527566073408, 5.766998672388644, 5.898689707482913, 5.32324305406847, 4.841067398801569, 4.455333174786049, 4.165169539597351, 4.544032589587616, 3.9517068326879063, 3.8337374293560673, 4.329860804081999, 4.050777805174466, 4.001574530612554, 4.194368879881075, 5.640100473116295, 4.974237039022544, 4.759703262256709, 4.003649885095273, 3.8394022648289257, 7.626066369801764, 13.07299540613797, 6.922630144136117, 5.346443823864542, 3.738567406174827, 4.6946050466255365, 4.1437029591957835, 4.627359566957247, 4.028203522901716, 4.424750073170569, 4.206715170860153, 4.280114985006228, 3.935121761134409, 3.536097784793914, 3.6855088662154842, 3.420332335741921, 3.385559224882075, 3.6008208633142678, 4.065664885425057, 3.80220735927915, 4.102887550195404, 3.7818210742343394, 3.6494047735353217, 3.7224087578031475, 4.0204215219672585, 4.194680897512247, 4.539285876414888, 10.363485963935526, 9.869801558533664, 7.325997273852544, 5.811899367232574, 9.383094587585779, 6.176061333736855, 5.113402049679282, 4.268760836540608, 3.8136184128854267, 5.1472551874124575, 4.09840111485188, 4.126218820816708, 3.8622510306095705, 3.7446202789719996, 3.5429588007301795, 3.801607710303525, 3.693022523740746, 3.3146718077844044, 3.9366337691772233, 3.601800414145761, 3.6733769624453947, 3.4874865124230108, 3.688589755580095, 3.6098599852158957, 3.8824343194344, 3.9874691243588223, 4.065827139387887, 3.8035485208785724, 4.090710184409379, 3.889803523121408, 3.560174117481365, 3.919110873152031, 4.266060942137706, 3.618208092363886, 3.387297179635739, 4.074981359455977, 3.981255140094572, 3.5537231112845857, 4.411709301699318, 3.9602676862981654, 4.514361905650991, 4.086626781893004, 3.808814549297591, 3.6886351972701807, 3.6957917994180485, 3.510129297416866, 3.396375345472286, 4.512626318142032, 4.274060896094702, 18.45713252543229, 16.839572725927383, 7.501751461047013, 4.972616891558405, 3.85997834016357, 3.4654864938159307, 3.4649035289255448, 3.134033704069962, 3.5148230486981302],