{"best_epoch": 136, "best_val_loss": 111.75464740539311, "train_loss_list": [1180.6189474884745, 605.5117064885915, 549.6646204106655, 534.9849513370403, 473.70001910918523, 399.67319415027674, 149.86337955899813, 95.31092484170382, 94.62191344516339, 69.03282700679138, 58.60769461121021, 56.31506717797381, 51.19931070503767, 48.30965253820838, 45.16309068114209, 43.633255457474014, 39.36140686702714, 34.00438754288818, 33.933532151729665, 30.44837828040313, 29.15489051826584, 27.742067387047737, 28.080555641873925, 24.696211424596445, 24.538545008104954, 24.906747498858344, 24.07677783604102, 23.600128581657557, 21.40496248164834, 20.678509532757708, 19.85094594423553, 19.943169214579395, 20.16676820348557, 18.199148823830523, 18.07085029702074, 19.414210881942356, 17.995935066772443, 17.38120621901292, 18.098342951874482, 17.343370404465205, 17.172075222423764, 17.622145749340365, 17.36600383488869, 15.808246907368614, 14.899458754085103, 15.225178583314518, 13.966230559898221, 14.085775768275056, 13.808146153328023, 13.567166699925211, 13.065564451365475, 12.476815867075173, 13.015355019954155, 12.982753701992662, 13.318380266311427, 12.04698284132039, 14.349288618531794, 12.768331442331034, 13.163072058865424, 12.544620407675895, 12.271390896957024, 13.310929164806346, 11.05536559794444, 10.834950505797801, 9.349866953273278, 9.970538265891962, 10.597648681254901, 10.806525462091306, 10.59768390821302, 10.564788661140575, 10.649965078126481, 11.573458190380828, 12.844266282083952, 10.555507606032204, 9.072474510898006, 8.793294599707984, 9.477086297916223, 10.1563629234388, 11.209504224071809, 10.832299525023164, 67.78519547899167, 46.508242715843586, 37.23825915896269, 15.945431223817792, 10.841357022113737, 9.900481113537177, 9.404189105346793, 45.63645016723969, 38.7293926912098, 15.064964056533091, 11.053635604965606, 8.7970885780088, 8.936731385749509, 7.984936340743176, 8.126523623686847, 7.397082992900753, 6.998879103181881, 6.744010902635778, 7.07255182904505, 6.999698301544919, 6.575457959007253, 6.7560188986159195, 6.154568409342947, 6.522420803187775, 7.058520854218842, 6.607993807703554, 7.23443878126994, 6.81049905285427, 7.62908889679879, 6.632607982380743, 6.9508144571939, 6.693960744091588, 6.50291644965637, 6.421557687701099, 6.469153970734686, 6.894596626495048, 6.3464465455595835, 6.818896199350303, 7.949053092778601, 8.750204624135684, 7.57919625988667, 6.756249766686197, 6.675771476979637, 6.595491090650474, 6.493276981517886, 7.58793758575802, 8.658210112740125, 14.64871063699381, 11.137688548499634, 8.481075600750218, 11.434917091580727, 9.0702602646756, 8.336366369813037, 7.346136614807651, 7.2640578224229655, 6.303020266679755, 5.834942142531334, 6.490413900908916, 5.687411549850148, 5.705294669650179, 5.891549311426089, 6.207318252849178, 6.082139594613961, 6.056157220157699, 7.070118610537365, 7.4470651360779385, 7.137962107690853, 6.506107106651584, 5.741512604732367, 6.056303210937509, 6.225591970944118, 5.954927985881975, 6.451939924478565, 6.367608006270264, 6.774196250774058, 6.25063724336841, 6.748371176973177, 6.664009134682749, 7.692772630848747, 6.377165542518542, 5.727065555534379, 7.19468572653326, 6.593718824948882, 6.170605450251233, 6.309809208814258, 6.551923105893887, 6.145411809147328, 5.660516201128705, 5.678756506533169, 5.984091929209573, 5.80853618111763, 6.132791343709965, 6.290715145543229, 6.132877650613907, 6.006316789281415, 6.133977564386608, 6.569785623330751, 5.807348010264738, 6.124852025887076, 5.576144632076709, 5.441337498136142, 5.637303197347615, 5.691269874849061, 5.377566126970282, 4.574214180431452, 5.567935485762478, 5.112918434532659, 5.082986816571758, 5.442333207896493, 6.192274325656904, 5.820624461333579, 5.559945050070601, 6.360511976723116, 6.76990172556651, 5.621598988361295, 5.1593962630965855, 6.844224646870993, 9.73335492208559, 6.818015290294439, 5.707383493815541, 4.865624021002128, 6.541790725182195, 5.402691459821546, 5.005748209013173, 5.650973491801329, 5.578069211226796, 5.476140525882251, 5.0445706011609, 4.938245533377161, 5.133451534944324, 5.022894724579665, 4.963476525861664, 4.972125416266198, 5.231137178262973, 5.218699395440721, 4.820514967903337, 4.893554575457428, 5.523426670691733, 4.7507821671188735, 5.034565435878163, 5.314469751026187, 5.42475076739242, 5.010065831258023, 5.146908316908583, 4.741008095960246, 5.089346962287324, 5.461125023206489, 5.9590161876299925, 5.070973585986166, 4.830697132231066, 4.395450360046579, 5.762719492350698, 5.01183322393668, 4.675443672398182, 4.419857359340048, 4.429433527259435, 4.676028794349837, 4.668616342385679, 4.650520049228748, 4.891893614483418, 4.917106041541467, 5.618113021306261, 4.7106449626139, 4.26608218093998, 4.626329036375828, 4.70408046050433, 4.505393138954851, 4.161937678048495, 4.994095675551199, 5.090237963843757, 4.4246553670111455, 4.375954306697252, 4.368035016535814, 4.347483962994459, 4.617877430351475, 4.1788846255212215, 4.642766727807814, 4.491427036881118, 4.409053366581081, 4.179462622304455, 4.783276781178585, 4.940954125378247, 3.9946555820527534, 4.170475999842377, 4.4657396165664585, 4.500297224419748, 4.467358403632075, 4.67923193621701, 4.453259309374663, 4.668147646619257, 5.02887652629392, 7.369520973333773, 28.823285785737493, 9.171031079049838, 5.755083654197285, 5.644171410015868, 12.703654044161116, 7.673343941731227, 5.51162997589722, 4.325243728671681, 4.516158905648225, 4.169245564348712, 3.680208863822443, 3.623698013374188, 3.909345274884753, 4.824056955069783, 3.702920830838666, 3.5280614861988875, 3.5614675824648745, 3.233412925840961, 3.6892190527332254, 3.340537387392546, 3.482841477054937, 3.428025891258287, 3.1791311899130195, 3.1866002334955033, 3.0125148289103136, 3.5553855749898657, 3.6904269581028952, 3.8757051976024455, 3.843493948565796, 4.363674279867385, 4.613171074332732, 3.82551442728895, 3.3525040481948136, 3.444347933515438, 3.3081407177781568, 3.251227025845492, 3.5375014503986857, 4.060279205158691, 3.7803424829402625, 3.4597256299500603, 3.211484290405786, 3.5048527854017015, 2.9378397172039254, 3.3040830893187043, 3.4826139480190728, 3.310970682105206, 3.4806293817114247, 3.754170657620298, 3.9818399319281945, 3.558536543598145, 3.5457874699017458, 4.235714822960094, 3.296611222256513, 3.2238848535596296, 3.7764264116697546, 3.845981372917249, 3.8419562604277786, 4.01797490632484, 4.819077007618224, 3.9484372053321817, 4.119348788803666, 3.903458670569592, 3.725790303702909, 3.796065147175541, 3.7627086430792356, 3.8352727262797295, 3.659432369747767, 3.5279375120779406, 3.5401645081813102, 3.588904950854641, 3.6191029188409503, 4.566361654707959, 4.206244592198285, 4.094901834521348, 4.220742872343985, 4.639326345397306, 4.504142699613962, 3.5414998123097656, 3.3406346336095623, 3.751145167228503, 3.6347139461928477, 3.2901726889814067, 3.40568794327578, 3.939753248469477, 3.422497717156093, 3.460938472428668, 3.126007500928536, 3.464648855953446, 3.4337583065343806, 5.094071229851524, 4.553813560758831, 3.847459646233541, 3.581597632193037, 13.993808228538189, 10.85049963916158, 6.930170640278153, 5.360380821498809, 4.1337914817768056, 3.4744104203082298, 3.371911647715949, 2.903030518878979, 3.425161259598824, 3.5287006834909636, 2.9331572098471574, 3.901487355022936, 3.391671116915403, 3.0181825814446763, 2.8951658515261514, 3.143545102213114, 2.6577331903756884, 2.9778202448429343, 3.683403942009236, 3.220056828598725, 2.915588365643504, 3.110224296126904, 3.2093235931585755, 2.9617644661184017, 3.2926475971691094, 2.860792755683436, 4.721958784578366, 3.3509546950228506, 4.272607023882102, 4.266790804544532, 3.2294476927492424, 3.2425296586543846, 3.6952058499781235, 3.3211281117573694, 3.340982343465647, 3.17735189029346, 3.067479947676058, 3.113694370164226, 3.289655795740456, 3.032947618478142, 3.499156156208625, 3.8931326607457284, 3.835465077540157, 4.22689788641661, 4.007516494302254, 3.1157139034939902, 3.2555370805281822, 