{"best_epoch": 31, "best_val_loss": 108.86223147714308, "train_loss_list": [1295.1467695151932, 609.3913033253452, 578.8752381480743, 533.2477800462378, 469.4492643428992, 273.1851073962337, 132.65872929128344, 144.63034986783055, 102.98261388474472, 84.80874121515505, 80.56507018143313, 65.7667914463371, 57.2837279020108, 54.58460792686289, 48.77355948078897, 44.064083749792395, 40.792376265566574, 38.49355810586221, 36.02617758218057, 32.71370989022938, 33.51622586262048, 29.356557604300534, 28.666031862469183, 27.27234692762127, 28.59938344080932, 26.727931645302327, 25.460533378056198, 25.253095521281704, 23.787382142156616, 24.332129290427538, 24.13808502668093, 21.385037154300342, 20.5105851173539, 20.50957647185731, 19.00998440587346, 18.69550428179128, 17.71047049827305, 18.906507773346164, 17.739967972303532, 18.77760172339258, 19.415848041641077, 18.687369175722647, 17.69957271058128, 17.3260491374056, 19.806465912638895, 19.800413249420735, 17.539050350219604, 16.99437935995085, 16.105179490066345, 16.548206631211325, 16.517856196426024, 16.880413767739896, 15.458700355094326, 14.641169751258618, 12.965823663277469, 12.044258531998434, 13.162776113955262, 12.330469432644579, 11.527557336574324, 12.397506701433363, 13.122803332580098, 11.936308839641308, 13.26023664368109, 11.083767292448771, 12.882509462836513, 12.114673662441254, 14.107168757153925, 13.14477129423254, 12.342894643109103, 12.086698700099273, 12.592524473794592, 12.293628812406126, 10.541677023489614, 11.026171716454925, 9.718428901187167, 11.184152766446973, 11.605361586184877, 11.761049372932625, 11.482975396456519, 11.019261586187751, 11.449682502077918, 10.94129964736481, 10.635020349019856, 10.90986016058117, 10.832132938787865, 10.64760264765952, 10.484049925817263, 11.415883226738655, 12.319753172016656, 11.7763450219979, 10.102039981921065, 9.96238301958396, 9.234866416507849, 10.11274142833822, 10.758774459111626, 9.933965737001458, 11.171709835917884, 63.700232683602025, 31.75646020114793, 23.09777168009776, 35.85665196459241, 100.43984764637368, 72.88838539029591, 26.80715089035642, 16.357930133537195, 12.699521855273213, 13.453411195963064, 9.763089360283127, 8.429144237760909, 9.128140417714059, 7.557684599826531, 7.336509348360781, 7.4841485038004665, 7.4910543966203536, 7.111938238109382, 6.65562793232126, 6.8777319456241655, 6.677482372744263, 6.935845041834546, 6.854009058205059, 6.562768024067145, 6.595121376621158, 6.739093456823688, 7.601779510227819, 6.311164847495123, 6.328785541799126, 6.868535954866239, 6.6372262522152985, 6.553645643275423, 6.0196350983358995, 6.332803067894374, 7.880848305166312, 7.63968924199535, 7.7676834030875295, 7.493160512919497, 6.95104489180725, 6.9482249511111975, 6.892776271527735, 6.794096746117278, 7.991721943497883, 20.492895077712706, 26.28110217025759, 25.44833361202783, 13.648991597833348, 10.087850523706486, 7.529799241700519, 7.139224383583384, 7.181552102250429, 7.1039528931705185, 6.15398509768702, 6.853050013996286, 6.472702675689118, 7.435933917566571, 9.0205694555321, 9.802390952153809, 7.94163088637574, 7.189224028680595, 6.444442546352103, 6.5264993550448285, 5.79843049655181, 5.9152134937876015, 6.171292045263904, 6.264671864206336, 6.365289491103315, 6.450557553628277, 6.2134675751660815, 6.2937220823207, 5.802664413186894, 5.645757052374459, 6.455869095404563, 6.317184791899273, 5.681543775421976, 6.0537984379129135, 6.92890541228491, 6.571611921942339, 6.28124196374311, 5.843981334338685, 6.2052901594186025, 6.160229027314443, 5.782487184158982, 6.423956694265181, 22.885513788510902, 53.30336626526171, 41.81027912724006, 12.707196591954878, 8.796621804028064, 6.739567025613046, 6.234684715784928, 5.119883172843278, 5.280946092399742, 5.866807417128374, 5.637740677722067, 5.317086283476408, 8.002630148385721, 6.549546846734878, 5.666451574563462, 5.715696900992329, 5.721349105340371, 4.767930836189178, 4.77334475147712, 4.989844526015691, 4.882979670279651, 5.051079178381429, 5.055210344656367, 5.376986815413755, 4.958390476115455, 5.078813786336033, 4.811174796661328, 5.197045476405876, 4.99094649990037, 4.79362336908512, 5.342876541567906, 5.05781383982745, 4.960073821927678, 5.100583342699042, 5.310128227586454, 5.7377012408368575, 4.61491802425017, 5.361476291768122, 5.66345441388027, 5.392337745537745, 5.3273146281324575, 5.720923654483606, 6.02128718670565, 5.793228666730226, 5.686637864878915, 5.477450344090391, 4.784973065092928, 5.5756670405653, 5.895039101260375, 6.188046858584589, 6.021639705377783, 5.80324470601392, 5.3660291192083625, 5.502206009228334, 5.254033023924581, 5.549352700859157, 5.703763249851941, 5.372035664060091, 4.865227834601239, 4.701483010865805, 5.209541894414538, 5.0544517919600365, 5.073775606847545, 5.112182842550563, 5.680135524257376, 5.517481644326632, 5.269950830710205, 5.479122816609694, 5.422183600678127, 5.481895052832347, 6.642560933856503, 5.717638839384309, 5.113079725858459, 4.92640068557631, 4.955478478078995, 9.680652133212751, 7.230112817828662, 8.170397786529067, 34.48869486668827, 12.340763056259233, 7.736740320018629, 12.310106343088782, 9.48166437976588, 9.30351496709873, 12.49184874709095, 6.599054426451308, 5.4591437037502635, 4.37833546968745, 4.017657805849948, 4.16981128110724, 3.728578700823109, 3.839953268746889, 3.654328827165131, 3.9494382516898816, 4.203813730193863, 3.9992832613219287, 3.6632402328655336, 5.267999762817343, 4.071229411642845, 4.336951105141837, 4.12549756068208, 4.113663985731635, 4.625398205723017, 4.5727741292779145, 4.417490752213384, 4.5118312958304685, 4.231654856250922, 4.7318117612689266, 5.099745575697478, 4.112247831144835, 4.6716966931930095, 5.488619970563838, 5.049711190426366, 4.718248166434233, 4.269880267669891, 4.660604755653604, 4.571618773739321, 4.696397301840917, 4.438201713023212, 15.861882117767532, 5.128799971801275, 5.430487490038794, 5.577177413111232, 4.16080818299917, 4.180228223908419, 3.9826013105564595, 4.625968250937519, 5.138778622903704, 4.322608715655854, 4.434004104467262, 4.214034944103539, 4.3925040830274815, 4.381002089847055, 4.304694337601698, 4.244526590106626, 4.449620833297441, 4.206809840685178, 4.931502533705014, 4.5319294119924285, 3.9285432004970033, 4.0961615321913545, 4.181911151961418, 4.194201553280624, 4.312219483704217, 4.975457664228912, 4.531015062339061, 4.719290189150363, 4.352625043050597, 3.986412263030542, 4.45100288886394, 4.072633252426384],