{"best_epoch": 131, "best_val_loss": 136.87649327244566, "train_loss_list": [1240.5724597827568, 598.13089193062, 543.1152613912133, 495.7339811495002, 359.88707913859207, 137.88418112695, 115.506927092352, 98.80497100334935, 81.9742184113579, 70.47154837194843, 61.875307266321556, 54.93925409097352, 51.66721478389965, 44.01628296703044, 42.07016842071343, 42.1376458269849, 36.62254648652091, 34.40769638532351, 32.15290698400014, 30.620684538753796, 29.43092677345591, 26.902995020449033, 24.875071311021188, 24.36392348686129, 22.431954883137216, 22.85489126490317, 22.761317046573158, 20.4272929175978, 20.195556372054398, 20.777242905330645, 21.372779708866727, 19.651625604089336, 18.787547861823445, 19.443306731017245, 17.952210561030327, 15.953903428129781, 15.314885636127531, 16.53816472456522, 16.293722490357364, 15.381351474677412, 16.363395764830145, 14.246812459024747, 15.391661131017608, 16.64711779572731, 14.558540512509369, 16.49447575635052, 15.378383504537918, 15.007803061484047, 13.771886504768858, 12.863042595730853, 13.440733188306977, 12.142851817233138, 12.732452137822882, 13.038122333859285, 14.146640625895236, 13.794381341294553, 86.05418576922051, 76.03248971527113, 31.920348996202893, 24.203275271054714, 17.249304055511374, 14.69057927303654, 12.90753826424296, 11.136007861850677, 10.511604670491854, 11.438096314189435, 9.964636620172431, 9.64909060360918, 9.620972008078613, 9.337561290298323, 9.54031097255167, 9.780433851446809, 9.640534707848168, 9.276941116799414, 9.907380156287003, 8.871784699130677, 9.127915313722914, 9.703242647048617, 8.594531249502648, 9.565126267236574, 9.213564121876871, 8.859060422727962, 8.485296592839504, 8.86866178903548, 8.552152153721378, 9.037864455171, 9.783303610746298, 9.860943289022766, 9.186211384156122, 8.365575127060753, 8.774292065547062, 8.083228365884178, 10.20132532393295, 8.962685131256466, 8.567689061320278, 8.844010933195355, 8.19571238090452, 7.994071980619645, 8.933648122422474, 8.987053434727555, 11.158867210577178, 142.28193215662097, 38.16099939507953, 19.17790491263555, 14.083551895095182, 11.673013224042915, 10.280068523587135, 8.37176725102148, 7.946236879673968, 8.006294969439628, 7.807123422622681, 6.582871777345076, 6.848714270592427, 7.584167438746362, 6.960334844974682, 6.694849022778673, 6.9829820263788145, 7.308744670100339, 6.559401266785199, 7.200950706141523, 6.84327377734902, 6.76988377046813, 6.910906470341732, 6.796728916450046, 6.933921057297564, 6.592334689842555, 6.687192084805509, 6.33309667427851, 5.879228919895597, 6.441098064128064, 6.976767193903254, 8.784726094667693, 7.373153904598898, 7.298631388813313, 7.14381738115217, 7.451759533037332, 6.6368159009946455, 7.228139636655761, 7.672150774622385, 6.964009561142196, 7.4988056086430115, 6.479692766843594, 6.7729242720777325, 6.335149240859882, 7.866408482645105, 8.157406998426694, 6.901498090386753, 7.0592058046510315, 6.497120859725534, 6.236337148778839, 6.573990825292219, 7.2463096132075355, 6.491292702327962, 7.226077670172368, 6.302936728995692, 5.88027028306643, 5.653900947222653, 6.56571568120619, 5.839333961791583, 6.769240965588307, 7.158305046231302, 6.941902634235079, 7.000653415974475, 7.599422361787533, 7.8088423344046936, 6.617238741723693, 6.614665107003126, 6.195477957727597, 5.947696523598687, 5.601082876007332, 5.713778873845907, 7.725913895639184, 10.502150959853209, 10.64627764167327, 8.289361231951856, 7.4565407120109075, 6.385660947172189, 6.24497590748172, 6.537050739571821, 6.033640073206776, 5.861634732397953, 5.9252058664957685, 6.48306523145808, 7.037253460779788, 7.508580926534284, 6.086606499804425, 5.696054145147641, 5.678059906574776, 5.983523311432627, 6.322201109063741, 5.984078222852538, 6.014054158313126, 6.194265961249842, 5.001091555479763, 5.709541718959463, 5.470795223648334, 5.627338226301228, 5.47446653826693, 5.797668016666643, 5.562488274903776, 5.6051216968225255, 6.324041601438272, 6.043717578858651, 6.731225094414614, 5.666680548202468, 4.971165007307065, 5.302624198469272, 5.801054416420528, 5.297857462487738, 5.233535236022653, 6.016068540309523, 5.750620310019535, 6.601627240574016, 6.9274606262275, 5.393722161164962, 5.8500342311573155, 4.536371018909707, 5.201618431927967, 5.516691672081846, 6.339571027881457, 5.392913484424849, 5.316755235531909, 8.87247123231961, 16.33797167529753, 9.44924796209566, 7.5387570557863, 6.426520292541005, 5.037877509166724, 4.834653621581297, 4.503606648716601, 4.238268559486404, 5.346175600890748, 5.192136206696659, 4.3021207285086245, 3.885328432934432, 4.448611463098859, 4.192565350710059, 4.206223772277733, 3.921517018630818, 4.439758411787669, 4.643500983188347, 4.559655714739618, 5.006179031005687, 4.7933177417488215, 4.357017892176874, 4.826347040297691, 4.352118262411563, 5.474106215712266, 6.264197875913564, 7.67451063052789, 5.014498611783422, 5.086596556786056, 4.700225338458531, 4.446701073083569, 4.691749851789645, 4.67098319898321, 4.237743750700273, 4.832603358711244, 4.917414123521893, 4.164417909674414, 4.186304353793842, 3.9355872245555372, 3.699173602577087, 4.114453024161686, 4.742109748465107, 4.469469427665247, 4.5214286078478345, 4.115529893568144, 4.224682253926418, 4.60945107742408, 4.276983324054633, 4.25128574033207, 4.395100285967899, 4.139093079636723, 4.087127717874818, 4.429418923871061, 3.8629503348729206, 3.92613554335877, 4.34736767579175, 4.174647221474756, 4.374010627656229, 4.267606696753714, 4.283880753740269, 4.317966168296004, 4.2887027926778645, 4.7172562689534585, 5.017683304135011, 4.857548906684665, 5.0360475378106955, 4.515797995042752, 4.056142161794975, 3.807763262622584, 3.775613054268329, 4.06382508570088, 4.611898964770407, 5.149442153116525, 4.573892365982959, 4.161604044490252, 4.43606567824904, 4.325832505718653, 3.931423951521587, 4.183987778717929, 3.890254933022769, 3.959202898182455, 4.1414737974960145, 3.811378250981386, 3.690482044123263, 4.506397757377552, 3.986338549310982, 4.1553349449343395, 3.7817794726445126, 3.769962466628279, 4.072697452198124, 4.1523333500558595, 4.048200664080936, 4.337936022688163, 4.2240815195815555, 5.104061181314195, 4.371390160211494, 4.470870049228085, 5.490318322516724, 4.745530506570875, 6.226207526752815, 5.561396730441762, 4.683147557314006, 4.3779955077444175, 4.216403785035798, 3.922090758625259, 3.7419807314959086, 3.4739539723767243, 3.7058664971497652, 3.8431738406596763, 3.996776440791871, 3.8086751498952216, 3.948384287943447, 3.7651170672635383, 4.192272031391839, 4.003581388781041, 4.195330390856954, 3.8778328073554915, 3.6427173672526467, 3.8974629690487212, 3.875208694624345, 4.122243547170176, 3.5532512679646433, 3.9803553717422706, 3.960477989928439, 5.344544458368559, 4.737376142270009, 4.214252526908962, 3.8299844196252715, 3.7736670427627708, 3.5102127527095743, 3.4961438251546753, 3.613482260693679, 3.4655446056764956, 3.2076288920182447, 4.009715503995598, 3.4803111931387627, 2.9967577637373046, 3.612450879707762, 4.384966972857545, 3.6286403861889265, 3.9066734772634804, 3.8720987739898702, 3.36248175244426, 3.6787284921256247, 3.7267979332179104, 3.597647218864482, 4.297007220457658, 3.7901677264349365, 3.664571652149232, 3.806908814057084, 3.7634477943816633, 3.271752961870382, 3.347980070991411, 3.29163587659783, 3.058532624594909, 3.8199110770854126, 3.411394024420247, 4.00967396374597, 4.745732125485788, 4.259282440270926, 3.84051550748848, 3.813360049830612, 3.8656855658415554, 3.5636428957069746, 3.2550924884121124, 3.2403447951991438, 3.09683967904217, 3.4596900187004276, 3.785903105783442, 3.654239623456455, 3.4611911163733486, 3.5761461042760336, 3.568123313873967, 3.340625999734727, 3.276195227469497, 3.040905404052889, 3.1126379714260133, 3.5113112847390218, 3.4569251621596697, 3.3505008880701443, 3.7344491890370284, 3.591522101853078, 4.203489037712259, 3.863795196908152, 81.3656936720387, 6.417105237073041, 5.0228229047732995, 3.782557419792528, 3.03603199231837, 3.2186742003682762, 