{"best_epoch": 108, "best_val_loss": 116.118074081401, "train_loss_list": [1182.1748037126881, 614.1016825366914, 568.4735333816947, 526.3354034313305, 479.63616339020257, 380.34145060902176, 126.09375809359064, 123.42364819043273, 175.55493824768288, 96.30899852679188, 73.25459132055674, 61.20622487837001, 55.230828411351524, 47.684694132389716, 45.368580519350026, 44.087531327821374, 37.31880007117585, 36.361099016868465, 33.63739721874871, 31.875095412193406, 31.974345564617725, 29.543364594608878, 28.70166235068182, 26.193966358377676, 23.70587421910721, 23.606448994017192, 22.58576769457854, 20.28628309184393, 19.189821547914825, 19.68013224462901, 20.62467491448867, 17.89829968072946, 17.332238265436388, 15.792314955760961, 14.976096496294671, 15.422367048422426, 15.733278501522502, 15.351283913537348, 14.104275725672906, 15.439570315865423, 16.023264259251064, 16.48012680588089, 14.292049901996267, 14.680710288142702, 13.815741379572207, 13.023956108728768, 12.159550520780725, 15.46514365162933, 13.314703070424907, 11.13167765298374, 11.148133061406371, 11.642852062593935, 11.848876648081847, 11.856207480244786, 11.35333381430681, 11.27751471936556, 10.935927614446621, 10.132372758603694, 10.307442051836258, 12.101242769184138, 9.491035030110234, 9.950832455085358, 10.439948867580673, 9.863428159777571, 11.735808023659713, 11.763825769271088, 10.412371320308646, 9.805168653905659, 10.674526008612588, 10.892387228082542, 9.669814249475538, 11.121042455881554, 9.40940500732161, 10.247235717176613, 10.770025677841918, 9.935940906204694, 8.992161626178907, 7.611869340631628, 8.144311770345618, 7.9917175464831836, 8.219123032409765, 8.429975700848141, 7.974931752838882, 7.213796508393391, 8.363368144678445, 8.95667510949303, 8.271898778680267, 8.051101887725185, 8.804333301794523, 8.17246195884195, 8.159376479915203, 8.215447945023522, 8.337983367236891, 9.316476747572777, 8.822610694291747, 9.600168787187966, 8.712295161145986, 40.93531032784959, 25.152604684024276, 14.403680338300727, 11.147623493449336, 9.597696600729842, 9.727010854306332, 7.577022630477943, 7.220128128325855, 7.304481674066129, 6.6440497733675254, 7.313416008118286, 6.157225540370574, 6.252643385711276, 5.842678265072169, 5.641316504231851, 12.742355224759134, 8.363750849774519, 9.183475652087102, 9.627136970695751, 8.50884860228166, 8.08013469254506, 12.935276605660512, 21.636360338662268, 33.4352205769145, 13.782641745850123, 9.49139508575214, 7.873963338058098, 7.495111730847172, 7.112540723551154, 6.354161079251454, 5.457133070793633, 5.195180332869632, 5.05494555220921, 5.618612025555331, 5.517819037666083, 5.364399749438658, 5.459029973010887, 5.499889043592187, 6.342615916696853, 38.45355940079251, 58.28513205156764, 28.903983192548843, 14.94217005484729, 10.438395070041866, 7.536238249671402, 6.046697863457636, 5.342200043062257, 4.758784398365311, 8.41634190927014, 6.154451505906096, 9.629949074835945, 18.764388677090576, 6.1619429971003346, 4.646649163166164, 4.201678384581666, 4.6676583915245144, 3.7664417086278945, 3.779495659624686, 3.834610095943521, 3.79696981916907, 3.9338394038904823, 4.658669627025372, 5.522285376461316, 5.094458193601464, 4.269934176638837, 4.591598810259197, 7.591716177684923, 5.46370510541752, 4.459909080440163, 7.751111476952902, 4.5192474245455205, 4.509894546625944, 4.2628155178079465, 4.296901836475393, 4.490370496708156, 4.695483943577799, 4.555713502009952, 4.509617710845739, 4.410388029435053, 4.896002360535552, 4.825599180517482, 4.882618916754824, 4.774360227011502, 4.55385007776075, 4.332305847242848, 4.006381257900065, 4.440788384470303, 4.569942394857836, 4.817219589752304, 4.7117900170745255, 4.4993841611145715, 5.217659017719533, 4.667806233562595, 4.307568598601778, 4.456590753490642, 4.518225025546977, 4.299856813234055, 4.551373919628331, 4.009522673463055, 4.327274399185015, 4.9113115668210465, 4.5896669346992995, 5.018100039779009, 5.6726237548083205, 5.096794090840189, 4.6288551717120185, 4.496816168034507, 5.010970695664982, 4.342247864862602, 4.177872355288566, 3.903353799551652, 4.367681645041494, 5.1445250045591795, 5.055467854094612, 4.666255336282358, 4.258716435703906, 4.501572810859243, 5.230290972286768, 4.981408244368824, 4.505485360318123, 4.665522789930963, 4.571522145310675, 4.923831206101638, 4.851646466167461, 5.1286751060369795, 5.099854833886673, 4.917005043936073, 4.611640457241462, 4.43011073000307, 4.534713828009349, 4.889452333296967, 4.79862687421263, 4.900364197839193, 4.433175835215008, 3.905244929296943, 4.452266074567019, 4.497329148661826, 4.159862723192339, 4.091602539577536, 4.344400247179839, 4.002613498389885, 4.040305299619376, 3.6848345988905122, 3.8302711266530487, 3.940081784539718, 3.925036711294237, 3.794590170894967, 4.09086512507312, 4.269172145821954, 3.6221110315473464, 4.081343273865767, 4.069721792049206, 4.0957562191908075, 4.0578567600070645, 4.115605571624698, 4.120538223278483, 4.015437370449775, 4.360846487280425, 3.6460687705231596, 3.2307805883768728, 3.68104229704912, 3.8712611613058794, 3.5026797112841095, 3.457717026867038, 3.8513972968549535, 3.566746356745276, 3.965756853853259, 3.9306924795216793, 3.949960350869411, 4.6455451897844, 3.787391156195627, 3.8495489212286467, 3.925803885051656, 3.632482958378765, 3.673102335741291, 3.5480503594548947, 3.786004466214733, 4.237948188950286, 4.051062002434828, 4.1551739771297385, 3.8262282302029735, 3.910547002146214, 3.298553917488464, 3.2770455286638573, 3.580790600119752, 3.415595441007552, 3.825217608315486, 3.433768829227996, 3.5428764408055757, 3.368378637977809, 3.85015586754662, 3.5231516628563795, 3.4025474729251988, 3.473208524516643, 3.4441701839164636, 3.503829277236963, 3.490979372513876, 3.4649382025094098, 3.34184389340261, 3.6473045927984686, 3.23363328487756, 3.0064289187514643, 3.333220252054041, 4.05671388547213, 11.521839575924322, 8.139361806629395, 76.19757361870028, 11.087220859099311, 4.825033627885434, 3.4982117472499, 3.1106437618587734, 2.903718899665113, 2.7508725339427262, 2.5369446056745337, 2.626802114409052, 2.5146912869622393, 2.785227827105024, 2.6126345856956825, 2.4896513428633478, 2.6098756373282637, 2.7588561581957434, 2.6355933810116223, 2.61389259295275, 2.5093199574013094, 2.4359457948044487, 2.771768635551981, 2.414434139717839, 2.7017573417830465, 2.5704086345295174, 2.8182402024593074, 2.741493287335854, 2.793567664516537, 3.079742176919921, 2.862536599476165, 2.768475260956295, 2.8404137197308277, 2.754722877946191, 3.018120604771627, 3.140207946188257, 3.0190117016885827, 3.998740970060892, 4.571405142057845, 3.4501295399185747, 2.763822257959133, 3.060554371076305, 3.1616977593285025, 2.8521234655870695, 3.472537171610987, 3.094040677786806, 2.9760679349370163, 2.810021310168281, 2.896494603685481, 2.7113351368410217, 2.728462724742312, 2.9615575822387834, 3.1234195310793527, 3.03235224464847, 3.0442988978560965, 2.913059943847927, 2.8966859244581893, 3.0961260355228655, 3.2797117588676508, 3.300638635141615, 3.169982440226772, 3.1955667175142106, 2.7978405506217476, 2.52267512642403, 2.8321725469420964, 2.9144350152662937, 7.522976297823118, 26.225463104579614, 20.41768117857967, 10.373424012229595, 4.598334723653162, 3.2806790499830183, 2.764213246883352, 2.705819546269728, 7.990530093821791, 2.6096619911579295, 2.2525250510376433, 2.2275860778286924, 2.1355453064592615, 2.027002613405965, 2.246547118228673, 1.7961282354756472, 1.7826025347320753, 1.8945379031839085, 2.2716896772971795, 1.986646796074118, 1.865022197506073, 2.059680075433381, 2.178162254389863, 1.9766803072722567, 2.232177613317906, 2.536306553434051, 2.412999222697546, 2.1501188570565803, 2.423602840001732, 2.306288739071365, 2.334576860055118, 2.5112014184149385, 2.5152558188291283, 2.685704473549087, 3.0208755429198946, 2.4837214025607683, 2.5092767836062198, 2.5138117836883547, 2.617660823065907, 3.0981883206575414, 3.0352544090151357, 2.8330846982953446, 2.821097850730484],