{"best_epoch": 28, "best_val_loss": 113.39112448163884, "train_loss_list": [1185.1170022459664, 648.5421409490884, 570.0224416799931, 498.9546273176383, 230.67180577730866, 106.0514093205909, 89.80815837108, 92.31452031849122, 68.26593805274703, 67.62380802398243, 57.10496841401928, 51.27640929837581, 47.34645751661345, 44.55190404808799, 38.30211361218203, 37.45196853028714, 41.0920793405395, 32.937799811000566, 30.99794105486681, 29.411149342854817, 27.63412968075899, 27.92030239201932, 25.246900069960542, 23.328104293538093, 22.07523506233075, 22.070949670492386, 21.928289225839556, 21.565747460126705, 20.03621707238202, 20.240684140407225, 18.568755000497266, 19.356357988371084, 23.88016050566146, 19.932890035062012, 17.38104095635821, 15.779890764179255, 15.014154756930916, 14.987941760179634, 14.79065926248019, 14.023529193651049, 13.642589176321106, 15.152747427918126, 18.232194694111215, 14.760021311121541, 13.818452432779718, 12.562923884263993, 12.88893710836438, 13.163421479443027, 20.510538598825566, 19.175253180374394, 13.555473587641798, 11.305661376793973, 11.637433328508346, 11.726942856346682, 11.433162639749995, 11.914706035505148, 11.837992716920077, 11.461400057049259, 11.270933073602793, 10.669304335029267, 10.79983332715621, 9.838633395408731, 10.030506277989257, 9.086412724629357, 9.145076186798905, 8.368403096622476, 9.64453505917112, 11.890934836669329, 10.691888391289455, 10.197254341580843, 10.26571247070989, 10.289015292361492, 10.528713343887075, 10.153301484512623, 9.760200671453363, 9.04690588824424, 9.280778007612321, 9.308689103616281, 10.40263721291162, 9.945492317413017, 10.610555363378369, 12.720309159003806, 12.152089442927716, 14.96188107984715, 14.185649543573213, 13.724092977005174, 13.903126112744374, 12.34861615780694, 9.756085366800733, 10.333701617334713, 10.418070577217776, 8.043178001037978, 30.13081193636867, 40.94147028087896, 15.802301304902993, 31.604400361774108, 28.06816437782178, 12.501409667688021, 9.313400024437271, 7.994921831951338, 6.897071611599769, 41.309918607125745, 27.332266037073513, 11.55743344307084, 8.463978228803201, 6.932933680962501, 6.388049098455127, 6.381523546785026, 5.651276369190175, 5.4274447975893665, 5.708914301558783, 5.024554115921522, 5.167135700287723, 5.113336916507266, 4.8946700074025795, 5.032368585508353, 4.782452596921118, 6.145863034112823, 6.220307432360085, 5.753343028986297, 5.583113702400757, 5.791952763988059, 5.632543525297918, 5.976684204585377, 5.866340841674362, 5.817462690426062, 4.965317370389728, 6.69229314504422, 6.872485317493822, 5.989134349322882, 5.263124935664631, 5.37150452086222, 5.541654808148602, 5.116021122118019, 5.678948348732111, 5.293471137976173, 5.622721442446818, 6.549701257285978, 6.279719748808546, 6.77701799458185, 5.782424676699792, 6.326074500541902, 5.947906421886291, 6.0673536731076725, 6.115851928924247, 5.800553541226299, 6.1710241669488095, 6.198733438568911, 6.194462303526071, 6.190024143886553, 6.283818463389466, 5.8203161349594295, 5.581665904180357, 6.4676244065120185, 6.3924558824099575, 6.448071400428119, 6.956931395961049, 7.250816678855793, 9.347485576075918, 7.068674658029715, 6.5062618342652, 5.638807670734731, 5.023228156122801, 4.898039993265133, 5.090448948605828, 6.378105617961417, 5.437614780775831, 5.531683877328505, 5.630166753623583, 5.9363351062330905, 4.995083789626499, 5.162750728299924, 5.666417437637265, 5.645481648901727, 5.163349887970028, 5.435718011358726, 5.524612190376999, 5.349237701330913, 4.884001259663546, 5.504812488102765, 5.2872312471311576, 5.212958384920993, 5.459512907025712, 5.029871097599512, 4.616122684011801, 4.694942086429919, 5.471391656995252, 5.182629803203421, 5.671810797119804, 5.5777158165917475, 4.74203884731112, 5.153505993186434, 5.315207221828197, 5.361167339489078, 9.9743682545509, 12.578602757675656, 11.82102728960705, 21.874017679257857, 13.795828030625064, 6.089686539006306, 4.770528539995793, 5.159859083121226, 4.766394620664945, 4.06683005765782, 3.5274873681298446, 3.6578396712630172, 3.4848082717321893, 3.414481270508405, 3.504250106786656, 3.978986896018645, 3.5895298590059816, 3.428044215192246, 3.6419778006604906, 3.96879282029456, 4.043957645023075, 4.518198426661242, 4.290851845147902, 3.7211601121795534, 3.5961955926495324, 3.523218635474532, 4.858246385334506, 4.027217117026631, 3.548938501853451, 3.6842136439699615, 3.4988197470063596, 3.848503165567645, 4.121143926835726, 4.297028173040207, 4.93269320596703, 4.5357014695302516, 4.020975037345019, 4.074725733862983, 3.7986413589097894, 7.376135030622398, 6.7159887547598665, 4.994882721460921, 4.952182176060285, 4.701724904526079, 4.161757912546694, 3.825686994884457, 3.796331623646033, 3.669735061799411, 4.399532806488218, 4.215066897425292, 3.9249157954795835, 4.359609640976078, 3.9045377027016177, 3.747348369834355, 3.7497281452788487, 4.035506726934584, 4.184367361680746, 3.459866878486588, 4.053790789176878, 3.8688403489744077, 4.533498527139196, 3.695592214728583, 3.590251574598498, 4.463800380251709, 3.995754986314968, 3.9278797531376606, 3.8551564384470396, 3.6935432830721022, 3.5005433408484916, 5.296675031502558, 3.9885308424769907, 3.4150652293448824, 3.515564841497433, 4.134827097965015, 9.760059359038065, 7.6634906771630975, 7.6598018109927954, 19.57349907776834, 11.324802551065064, 7.829488002785942, 4.355067454160823, 3.6181899926359544, 5.020610446914735, 3.030332629773542, 2.9214585661870855, 2.818969428323411, 2.497681452142455, 3.077945291866483, 2.8840236387856537, 2.8062698511771322, 2.8248985284275894, 2.892693052218649, 2.9594866386724696, 3.011020838808499, 3.2707757040087633, 2.8429694656667444, 3.4346521820829308, 3.392328651939529, 3.5640213141730777, 3.6061671146634313, 3.2029905900149767, 3.3384950625521714, 3.101640223662404, 2.8381066542681657, 3.321496207869849, 3.183184580890645, 3.5528973257923306, 3.581886505503836, 3.6654960083543573, 3.4818796255649667, 3.2864843453771044, 3.5797760518723494, 3.518193039534214, 2.9097708351937097, 3.179287849155765, 3.6386372771588475, 3.818766556977017, 3.527122698986546, 3.691916875315631, 3.561074128552276, 3.1810294481078802, 3.44721229743322, 3.3320079092252053, 3.523901736789832, 3.676641063104414, 3.3193988576239994, 3.5794150231110087, 2.9919961447234296, 2.723593879709654, 2.8173840295814285, 2.9938251606436825, 3.15698326944735, 3.267601062003623, 3.5247003842173807, 2.9767656007159125],