{"best_epoch": 105, "best_val_loss": 117.70385031967461, "train_loss_list": [1196.2993066625527, 608.3048572985138, 585.9528031529472, 562.6683846873925, 465.9667154726871, 317.4461683726183, 133.71953132714498, 93.74600850701695, 77.51838429326789, 71.3375917600753, 63.70162647882268, 58.696402957434934, 52.43334515475025, 50.392713575765185, 46.694410972037076, 42.31204577803387, 38.00759247546781, 37.75360524203662, 37.107245642396656, 32.969178276719624, 34.902285730460584, 30.881204853779025, 28.338699390002994, 25.107188883923317, 25.131869638689736, 24.728468510200713, 24.680237614381458, 22.775364588019503, 23.749717327782715, 21.242263087151482, 20.39768903628132, 19.64880605346998, 19.847134512921063, 20.759400242984114, 19.203830599076813, 19.622436688669207, 18.977209269680976, 17.878946032158694, 19.076575293741968, 16.2158153708838, 15.205518084955305, 16.80406811070515, 15.717462464793599, 15.91842733913965, 15.555832925023125, 14.992254289530091, 18.15479969664033, 16.730840664747124, 14.947103418026664, 14.396536558585876, 14.947248193883695, 13.110928447733889, 14.110089716661948, 14.049715939836366, 13.241491527328039, 12.42564101083096, 12.84125585527018, 11.699536381848183, 12.231979297033932, 12.372791216785487, 12.299594632960671, 13.971054687511053, 12.564486259207351, 11.800354477151414, 12.566487848352871, 11.96055491661725, 64.57695541536567, 26.999760810800105, 17.150774842049096, 13.437538832767137, 12.617346078368973, 11.233789787143275, 11.103008947354477, 10.070478144787575, 9.345082869620216, 9.727749775479397, 10.952528183345914, 10.328874237724238, 10.007441349656759, 8.682746439313053, 9.40077181772859, 9.65919975624488, 9.362576116777133, 8.507122632335722, 8.649342124952227, 9.03771900899269, 9.885179212676016, 9.002730892064795, 9.827220415526778, 9.902377890656345, 9.401203618608452, 8.700935204547505, 8.785155115344464, 8.608095462781941, 9.40112959204006, 9.614848729857117, 9.733555140295667, 9.200014186772371, 8.040166226259508, 9.222951520167967, 8.930787290815994, 48.27359495946295, 22.36399757863818, 15.549373363111911, 11.457882051275861, 9.72352523767791, 9.679628573896641, 9.318915344607428, 8.34264294244268, 7.30604003937749, 7.903358981278812, 7.554473508911928, 8.604835014627858, 8.789317992292037, 8.31784448978712, 8.449924348386046, 7.831248603764434, 7.518839534254985, 55.392329908567426, 42.02825578371546, 21.303631006246647, 12.462456879331878, 9.704661839460439, 8.540342827042203, 6.923214208591024, 7.639242011154111, 6.403017791478371, 6.0570344108438965, 6.003314808211809, 5.788113501146878, 5.854197707190715, 8.440775472012945, 15.267805612037169, 52.16192776794522, 25.73399961635408, 12.273426064680956, 9.311348501882673, 6.930293263723137, 5.965799613774695, 6.473123369917357, 6.178628441148714, 11.438919235584823, 6.512336725569041, 5.660231444242639, 5.559345673879264, 5.064903378434826, 4.976966112847779, 6.1647309600728395, 5.058248437557914, 5.3178465440621085, 5.452723321440806, 5.032374118974584, 5.449003308575412, 6.775612851147995, 6.010088595725066, 5.1829574580263715, 4.8851304257000665, 4.541349538802824, 5.416831783465712, 6.176759633917092, 5.496375042822643, 5.381584319173124, 5.408491090538017, 4.808774392811713, 5.967370630364029, 6.043511537543314, 5.716432211382846, 5.127169648581755, 5.048908046444447, 6.509851552465075, 6.483308657828957, 6.1285719085427, 5.603969277427902, 5.248930331988213, 5.0454518128767685, 5.455759215144235, 5.983233245787164, 5.2988691169697875, 5.576704928516806, 5.577909354695233, 5.8773909258908095, 5.870709152752189, 5.687283607387861, 6.446803398137851, 6.129634146999142, 5.631775851458998, 5.0220605390720845, 5.653809382123531, 5.161101734570864, 4.991775562292456, 5.328536979844393, 5.341394889187194, 17.398996700743876, 12.770183308339025, 7.378229561222303, 19.368681536711385, 22.503909156199178, 41.736428543051034, 48.4598950758095, 19.519402801550143, 9.386667448179491, 6.345533939370138, 6.102258395962174, 5.758733308230658, 4.8459320377132675, 4.430890179053435, 4.089652701977041, 3.674318876505485, 10.363794394339338, 9.742374270960125, 11.207075999471462, 7.237567276397201, 5.5825881096620105, 4.6325267920299975, 7.046224976041844, 5.3302387706304, 3.6743762032736664, 4.78664317848405, 3.8067326854488632, 3.3824489012708114, 3.719791056262606, 3.4607904026789127, 3.3622912594879364, 3.8153614614487523, 4.209669666153511, 3.404925539789555, 3.6716571151908024, 4.198891371518792, 3.8898606838634975, 3.9057157023409284, 3.6124194121681987, 4.029531984351328, 4.177902356500334, 4.1159758448652575, 3.789749742072336, 3.550063668343186, 3.4866300919911457, 3.7490012889562543, 3.881485090503723, 3.8963883623910367, 3.950831699523307, 4.089176358787043, 8.73843453763862, 4.444016867472817, 4.742582771478658, 4.737299192164163, 6.309832303330257, 4.735073710185591, 4.770585593806994, 4.528582822407879, 4.675916543822694, 4.479923871501915, 4.519338563578933, 4.601193732875474, 4.256373560361269, 4.772996609925568, 4.97094966107031, 3.9854638531262263, 4.087411904687314, 4.083022402418397, 3.9038709043057676, 4.598754492476766, 4.753966200408703, 4.467478599200192, 4.705222270669375, 4.6471439686854925, 4.609816471597483, 4.561390272624317, 4.315078803599442, 4.499318799540114, 4.435684830576341, 5.946488717112458, 5.378502629001158, 4.964723381256342, 5.12561939388846, 3.7908108407442906, 4.393245257174953, 4.584259798228698, 4.361975977649797, 4.568180349690662, 4.7842946052896655, 4.208310414859563, 4.478374446110157, 4.25213605577352, 12.436783973227442, 6.358035345310994, 5.20139959783083, 5.594323401880769, 5.078560907012153, 4.468789951673163, 4.258341922874677, 4.610796048609084, 4.436497206482769, 4.35705952856414, 4.02490985460874, 5.626770244859776, 4.692475942706744, 3.8899829429110877, 3.8199434657727536, 3.6214097149558953, 3.7489378721527857, 3.711064110592485, 3.673363600919752, 3.8048990240446576, 4.1569577007730265, 4.228048283397918, 4.316948299803078, 4.045394139757506, 3.7992606543465386, 3.4960211560153867, 4.465867315256715, 4.2109508991724995, 6.109324496154697, 4.507145569494767, 4.121982656906053, 4.38290955501243, 4.888285250209923, 4.201791659241463, 4.267181277706816, 4.1340206212001345, 4.292410119795962, 4.150143472315625, 3.8743627963507503, 3.8808588984046106, 3.4372166287254875, 5.990918912836457, 6.043899148335651, 7.233917625368669, 20.638810385591167, 17.827688434824086, 7.088368284379367, 4.724896068177879, 3.8442615595793663, 12.707351807250712, 11.270912366035658, 10.105225979720581, 5.1837037486579645, 4.281223278813789, 3.8033216279364317, 2.8910572099181406, 3.0753983620990795, 3.129606325989372, 3.0192190740793388, 2.8864641954946153, 3.331385666471313, 5.194959055560577, 3.597956585915179, 3.3148859350919273, 3.113035751601397, 2.9024718076996607, 3.173733896782964, 3.056959289598168, 3.0071054948130915, 3.2633127788694014, 3.095624494255582, 2.95818800988723, 3.438912670594721, 3.2606039356359897, 3.3131103139156433, 3.7064529188505104, 3.7303528880686168, 3.5316683383293985, 3.5530496008341235, 3.2948472076752005, 3.324538860600115, 3.537805086009039, 3.9698546275045326, 3.7037476782485848, 3.727510280096581, 3.562189398305098, 3.1682960038839276, 3.48399177441023, 3.421418299040172, 3.0729862156422714, 2.906595887989993, 3.5640278325536086, 3.6531404913568366, 3.8974191124639908, 3.3994044089479654, 3.4371225583834804, 3.909390949363659, 3.927967628982988, 3.6605108599377494, 3.259539422808601, 3.0371343926486807, 3.2140471040036873, 3.699990361285662, 3.9270606476829206, 3.503500907020121, 3.3657400000186892, 3.835010135862839, 3.6481600610238996, 3.63056817753115, 4.274195488718788, 3.497414009891937, 3.8174105298082224, 4.144301240830668, 3.9292594492996704, 3.5213380864301005, 3.7312267677310444, 3.164254495445825, 3.4460200061491393, 3.6688659658781537, 3.209073810910343, 3.377486025494423, 4.026499648414003],